species	genus	family	order	class	phylum	superkingdom	barcode64	barcode57	barcode56	barcode20	barcode86	barcode80	barcode70	barcode91	barcode02	barcode35	barcode96	barcode75	barcode45	barcode87	barcode32	barcode23	barcode38	barcode53	barcode58	barcode69	barcode76	barcode16	barcode49	barcode31	barcode44	barcode21	barcode66	barcode07	barcode14	barcode89	barcode27	barcode39	barcode81	barcode10	barcode24	barcode74	barcode59	barcode73	barcode88	barcode26	barcode12	barcode04	barcode01	barcode82	barcode25	barcode60	barcode13	barcode52	barcode84	barcode43	barcode09	barcode93	barcode77	barcode78	barcode30	barcode29	barcode71	barcode72	barcode63	barcode47	barcode15	barcode79	barcode55	barcode33	barcode11	barcode54	barcode92	barcode36	barcode61	barcode65	barcode08	barcode03	barcode94	barcode41	barcode90	barcode42	barcode40	barcode48	barcode83	barcode05	barcode19	barcode34	barcode22	barcode06	barcode50	barcode17	barcode28	barcode95	barcode18	barcode85	barcode46	barcode67	barcode37	barcode51	barcode62	barcode68
Abyssivirga alkaniphila	Abyssivirga	Lachnospiraceae	Clostridiales	Clostridia	Firmicutes	Bacteria							0.0004064150046047								0.0003285934361399												0.0002788254116005	0.0002357541409395					0.0002431326365808				0.0003563470664524							0.0003291487357788					0.0002500632368805			0.0003428243994416	0.0001145826924152	0.0001345331334355					0.0002603601724354		0.0002141009196505						0.0002964541762831		0.0002249371144274											0.0005452839391989				0.0002995690815753								0.0002082190620495				
Acetanaerobacterium elongatum	Acetanaerobacterium	Ruminococcaceae	Clostridiales	Clostridia	Firmicutes	Bacteria				0.0003513830071593			0.0004533715339753		0.0002577799079087						0.0002359785024855					0.0004130506405695							0.0002090448014875	0.0003430953685739	0.000396540148941				0.0004339241885192		0.0004282720071211		0.0002662543864714							0.0006420015953785	0.0001652167220646							0.000465084020165	0.000137380133616	0.0001281574745606										0.0114115103798203				0.0004583336819381	0.0003032449363227	0.0003389267969144									0.0003995683873932	0.0005870380635048				0.0002429097250756					0.000882944225582			0.000219620336107				0.0003353788046391
Acetivibrio ethanolgignens	Acetivibrio	Ruminococcaceae	Clostridiales	Clostridia	Firmicutes	Bacteria		0.0002516159257974					0.0004058026359263	0.0002206952444707	0.0004696743204537					0.0006906975581086	0.0003139988402636												0.0001722464510695			0.0003707405800282			0.0003203125292192	0.0005459172408735		0.0003902040227115	0.0002492098360962		0.0003114218838437	0.0002710621198956	0.0002550725104809			0.0005129317395679	0.000296300147333	0.0003388918310229					0.0003203819056193	0.0016392416940768		0.000161628705702			0.000621373305454	0.0002039091343953	0.0002157938333979	0.002127659574468	0.0001992750719629						0.0002050256825264	0.0003917173220863	0.0001829008034646		0.0003760742880578		0.0003508093460275						0.0003014971174805	0.0003381383705125				0.0002122848675543					0.0002994748046987						0.0004173457145663	0.0002002231718467
Acetoanaerobium pronyense	Acetoanaerobium	Peptostreptococcaceae	Clostridiales	Clostridia	Firmicutes	Bacteria																																																												0.002127659574468																																				
Acidaminococcus fermentans	Acidaminococcus	Acidaminococcaceae	Acidaminococcales	Negativicutes	Firmicutes	Bacteria															0.0004957852296348																0.0002562532921429					0.0003498259311277					0.0003877133458303								0.0001961445970788					0.00019512014713					0.0004594235283192										0.0001617837242975																											
Acinetobacter baumannii	Acinetobacter	Moraxellaceae	Pseudomonadales	Gammaproteobacteria	Proteobacteria	Bacteria			0.0005377497120649																																																																																													
Acinetobacter bouvetii	Acinetobacter	Moraxellaceae	Pseudomonadales	Gammaproteobacteria	Proteobacteria	Bacteria			0.0003084320346869																																																																																													
Acinetobacter cumulans	Acinetobacter	Moraxellaceae	Pseudomonadales	Gammaproteobacteria	Proteobacteria	Bacteria			0.0010800380890167																																																																																													
Acinetobacter equi	Acinetobacter	Moraxellaceae	Pseudomonadales	Gammaproteobacteria	Proteobacteria	Bacteria			0.000405432716235																																																																																													
Acinetobacter gandensis	Acinetobacter	Moraxellaceae	Pseudomonadales	Gammaproteobacteria	Proteobacteria	Bacteria			0.0008101616320704																																																																																													
Acinetobacter haemolyticus	Acinetobacter	Moraxellaceae	Pseudomonadales	Gammaproteobacteria	Proteobacteria	Bacteria			0.0025809091319688													0.0006608968504826																					0.0004304601358709																																																											
Acinetobacter indicus	Acinetobacter	Moraxellaceae	Pseudomonadales	Gammaproteobacteria	Proteobacteria	Bacteria			0.0015573790012575													0.0004901745920902																																																																																
Acinetobacter johnsonii	Acinetobacter	Moraxellaceae	Pseudomonadales	Gammaproteobacteria	Proteobacteria	Bacteria			0.0043317989753984													0.0010532377021465																					0.0006536864935301																																0.0004860398547417																				0.0006149825114348							
Acinetobacter nosocomialis	Acinetobacter	Moraxellaceae	Pseudomonadales	Gammaproteobacteria	Proteobacteria	Bacteria			0.0005693800302577																																																																																													
Acinetobacter schindleri	Acinetobacter	Moraxellaceae	Pseudomonadales	Gammaproteobacteria	Proteobacteria	Bacteria			0.0005365247815769																																																																																													
Acinetobacter sp. ACNIH1	Acinetobacter	Moraxellaceae	Pseudomonadales	Gammaproteobacteria	Proteobacteria	Bacteria			0.0003949788421091																																																																																													
Acinetobacter sp. NCu2D-2	Acinetobacter	Moraxellaceae	Pseudomonadales	Gammaproteobacteria	Proteobacteria	Bacteria			0.0009802971819029																																																																																													
Acinetobacter sp. TGL-Y2	Acinetobacter	Moraxellaceae	Pseudomonadales	Gammaproteobacteria	Proteobacteria	Bacteria			0.0011665735552683																																		0.0002746476796848																																																											
Acinetobacter sp. TTH0-4	Acinetobacter	Moraxellaceae	Pseudomonadales	Gammaproteobacteria	Proteobacteria	Bacteria			0.0026836622640725													0.000655110880676																																																																																
Acinetobacter sp. WCHAc010034	Acinetobacter	Moraxellaceae	Pseudomonadales	Gammaproteobacteria	Proteobacteria	Bacteria			0.0013671680030151																																																																																													
Acinetobacter sp. WCHAc010052	Acinetobacter	Moraxellaceae	Pseudomonadales	Gammaproteobacteria	Proteobacteria	Bacteria			0.0020818331053132																																		0.00023591476456																																																											
Acutalibacter muris	Acutalibacter	Ruminococcaceae	Clostridiales	Clostridia	Firmicutes	Bacteria			0.0008052371533328	0.0011687811671506	0.0002032987957703		0.0020252974223424	0.0005082519180264	0.0004866589440956	0.0012124183573543		0.0003024966929472		0.0002874573754762	0.0011431575757723	0.0009857202329592	0.0018838893825964		0.0004273166505907	0.0009691817457878						0.0007541876772225	0.0010156154239878	0.0008543650687946	0.0014705015491284			0.0016069450266325	0.0004205679452894		0.0009116429948619		0.0007117255240686		0.0003432178886493	0.0003467152861721	0.000701059686253			0.0004518916703195	0.0002220424757241	0.000955558984502	0.0019731411148572		0.0009486168293005	0.0011922199356671		0.0003067082142483	0.0004131325539988	0.0003306927308967	0.0014452679644992				0.0005350726552972		0.0006825497528758		0.0008813649787572		0.0005422458813753	0.0005552892494659	0.0004464976597947	0.0009535616776525	0.0006947072995695	0.0007022859941045		0.0003786165431553			0.0005359450595755				0.0006428816989429	0.0010250148454027			0.0006199265406764	0.0004446798234926			0.0007045882485088		0.0005070106017325			0.0003449043958821	0.0010988722044647		0.0004501414508904	0.0006794843532452
Adlercreutzia equolifaciens	Adlercreutzia	Eggerthellaceae	Eggerthellales	Coriobacteriia	Actinobacteria	Bacteria														0.0003330406280452	0.0002301896037358													0.0002153545342037	0.0002083356776687				0.0002009856962567								0.0001877897075637			0.0004536616037293							0.0002378653551919	0.0002820907851017	0.0002723905960676	0.0001555161452012					0.0002516363025541		0.0002913751737339						0.0002153747314517		0.000229480920991				0.000725096597376						0.0001990663080814	0.0002473953840906									0.0002808359216565			0.0002466778189758				
Aerococcus urinaeequi	Aerococcus	Aerococcaceae	Lactobacillales	Bacilli	Firmicutes	Bacteria																																					0.000372239828826																0.0001210642788694																																											
Agathobacter ruminis	Agathobacter	Lachnospiraceae	Clostridiales	Clostridia	Firmicutes	Bacteria																																				0.0002394780148602																																																												
Agathobaculum butyriciproducens	Agathobaculum	Ruminococcaceae	Clostridiales	Clostridia	Firmicutes	Bacteria		0.0002262758484586			0.0001877182122095				0.0003942473873073							0.0002604239242147											0.0001828396109709						0.0002021910021213											0.0003566644515694	0.0001731379033357	0.0002990867382552					0.0003434593072183							0.0001530043912571								0.0001866291963594													0.0002850708861546	0.0002830770184413				0.0002244275374823					0.0002608035657628							
Akkermansia glycaniphila	Akkermansia	Akkermansiaceae	Verrucomicrobiales	Verrucomicrobiae	Verrucomicrobia	Bacteria		0.004809382196567	0.0028680768276086	0.0002785334034209	0.000995577026652		0.0023139462559489	0.00043747141522	0.0055590130922779	0.0043776880793806		0.0010843634737474		0.0011240632805996	0.0023519616356561	0.0002881588864231	0.0008977522353381		0.0007970186321919	0.0006416837782369	0.0004888939589003	0.0093042072303509		0.0007361164335736			0.0004491321607603	0.0006979782968775	0.0080681833810712	0.0013536753115216	0.0008395598664488	0.0009362621534029	0.0008600614786857	0.0004763795156808	0.0011523794657074		0.0017523486709926	0.0014537827143701	0.0007362269789644	0.0022409039065363	0.0150979517610678	0.0045714285714285			0.0016194848437696	0.0013304637057327	0.00199893390428		0.0017885265223927	0.0048220100458607	0.0024566649151621	0.0006088730911005	0.0087249286857295	0.0041537559656965	0.0558747308761393		0.0004641696718677	0.0001431260940888	0.0035555192360224	0.0170212765949468	0.0031977175397994		0.0020833333333329	0.0066666666666666	0.003490915365811	0.0059129058819315	0.003194859793974	0.0037735460702443	0.0047833229169499	0.0126855176690019	0.002330641709787	0.0006057791329281	0.0069907978820858	0.0056501622706257	0.0009091696806411				0.0077555889235847	0.0002844603381014	0.0022034572135423	0.0087212774100545	0.0025462452393739	0.0007399759983186		0.0071197411003236			0.0014680604130624		0.0055865921787709	0.0012581273607889	0.0021868565893737		0.0036303054801398	0.0083978749113282
Akkermansia muciniphila	Akkermansia	Akkermansiaceae	Verrucomicrobiales	Verrucomicrobiae	Verrucomicrobia	Bacteria		0.0010124405432995	0.0006360828033972				0.0009361995781299		0.0011498281616007	0.0010015179105787					0.00043761575731			0.015625	0.0002168627254579										0.0014485505676676	0.0003510921601645			0.0001836872060332				0.000347092389829		0.0002325873233562	0.0004772792082369	0.0021638862360337				0.0002799437689102				0.0005587516630243	0.0009760215867194	0.0003821975591885		0.0015435234751123	0.0006977262824749	0.0076854114448155				0.0007254989246467	0.0085106382986701	0.0006768037516886				0.0005793236129019	0.0008083504141735	0.0005817390627627	0.0013182515508945	0.0007120963805479	0.0021891034753421	0.0004359885132099		0.0011124617336785	0.0010542477412942					0.0015747091929983		0.0006766828325143	0.0016299504781109	0.0006566836089857						0.0002423597589845			0.0001887444277074			0.0004073795804507	0.0011089753416328
Alistipes dispar	Alistipes	Rikenellaceae	Bacteroidales	Bacteroidia	Bacteroidetes	Bacteria																													0.0003002951348531				0.0001624687861593				0.0001492848116233																						0.0002859649758769											0.0003110379615039									0.0002037220741247										0.0003292117618416			0.0001319505845757				
Alistipes finegoldii	Alistipes	Rikenellaceae	Bacteroidales	Bacteroidia	Bacteroidetes	Bacteria				0.0004324124775156	0.0006687409400898		0.0005904204478323		0.0006017081867092						0.0003124752006074	0.0003904449125635											0.000332970597427	0.0004911926437591	0.0006967904252459				0.0008647939413614		0.0007999779567093		0.0004552317167243				0.0002312505569239			0.0008941865068394					0.00044591484721		0.0003190523229153		0.0002653027060256	0.0002123799200275					0.0004453523073373		0.0002020639290293		0.0004756255425166			0.0003966273410461		0.0007284528277381	0.0003867052048226	0.0013470737324523		0.0004321980558639							0.0005203982706639	0.000408412436768	0.0016317835517661			0.0005053258698461					0.0011906464522417			0.0004814698831254			0.0005802872490087	0.0004454827042501
Alistipes megaguti	Alistipes	Rikenellaceae	Bacteroidales	Bacteroidia	Bacteroidetes	Bacteria																											0.0003063033344342						0.0002754050506472																0.0001924549250236																			0.0004606898234938		0.0004350450546917		0.0002746205927563							0.0001571145941717	0.000243217703526									0.0002637615068783							
Alistipes onderdonkii	Alistipes	Rikenellaceae	Bacteroidales	Bacteroidia	Bacteroidetes	Bacteria																											0.0002097445025893						0.0001460718823866											0.0003073547824211																																			0.0001713846432921																	
Alistipes putredinis	Alistipes	Rikenellaceae	Bacteroidales	Bacteroidia	Bacteroidetes	Bacteria							0.0003913032887664																						0.0002115618584253				0.0001514211763413																																																															
Alkaliphilus oremlandii	Alkaliphilus	Clostridiaceae	Clostridiales	Clostridia	Firmicutes	Bacteria				0.0003617808266798			0.0004312150676868		0.0002846120547333																			0.0002322944724444	0.0002817679520131				0.000134823697702				0.0002225706446936							0.0006140285235842								0.0002355554905524	0.0002705555188131	0.0001762260429138							0.0001958083763694					0.0001792997807107			0.0001840938082057										0.0002607091242674	0.0003178320673202				0.0003093346052319					0.0003081667000131			0.0002210621368113				
Alkalitalea saponilacus	Alkalitalea	Marinilabiliaceae	Marinilabiliales	Bacteroidia	Bacteroidetes	Bacteria									0.0002565615615255						0.0002706847031643	0.000361242967535				0.0006281744903273									0.000423087680344				0.0005313026826687				0.0002817805152205				0.0002185743542962	0.0011428571428571		0.0003193953983438		0.0003475923963944							0.0001601282374754	0.0001450906495766							0.0002555907752868								0.0002282431011546															0.0002851844171774					0.0003383766754157			0.0001806461722973				
Allisonella histaminiformans	Allisonella	Veillonellaceae	Veillonellales	Negativicutes	Firmicutes	Bacteria																															0.0004128525262303																																																																	
Alloprevotella rava	Alloprevotella	Prevotellaceae	Bacteroidales	Bacteroidia	Bacteroidetes	Bacteria		0.0002953204238528																											0.0001559857073815								0.0001640905196789								0.0001685291093667	0.0002347887520141																									0.0004230132005266																									
Alloprevotella sp. E39	Alloprevotella	Prevotellaceae	Bacteroidales	Bacteroidia	Bacteroidetes	Bacteria		0.0003172820961021	0.0002413133040887				0.0011036978221014		0.000306633258044							0.0006249427089809	0.0011783693065334												0.0002967952363321				0.0007525877598577		0.0009281228486801		0.0004083943304692								0.0001657181500797				0.0009774886716961	0.0012248347157577					0.0003273288273458								0.0004265063767906						0.0003982205342795	0.0012103381599024									0.0009108272898197																	
Alterileibacterium massiliense	Alterileibacterium	Clostridiales Family XIII. Incertae Sedis	Clostridiales	Clostridia	Firmicutes	Bacteria									0.0002239654706796																			0.0002259158586836	0.0001779046924047				0.0001467815901757																0.000157943072256			0.0004384246246481	0.0001519730198113	0.0001502879275925												0.000188579882303			0.0002066032631396											0.0003400509401775				0.0002675125610615					0.0002884388884534			0.000151454250115				
Aminicella lysinilytica	Aminicella	Eubacteriaceae	Clostridiales	Clostridia	Firmicutes	Bacteria															0.0002024567713623																0.0002650410401812					0.0010722509190291					0.0002720743940587								0.0001410835215787		0.0001905367836574		0.0001876918777957	0.0005215996836678					0.000465148564911								0.0002326632530541						0.0003717417277169																							
Aminipila butyrica	Aminipila	Clostridiales Family XIII. Incertae Sedis	Clostridiales	Clostridia	Firmicutes	Bacteria		0.000365098170225	0.0007825534266638	0.0007151608972256	0.0002614558522159		0.0004541259514541	0.0007224564511429	0.0012766609831714			0.0004620434936308		0.001448834459145	0.0007561106000844	0.000747300027543			0.0004029091503131	0.0013047339185488							0.0013317449831101	0.0005385033105378	0.0007396396086238	0.0004299805213126	0.0010354778390627	0.0012449590258845	0.0011332517463062	0.0006791264148953	0.0006882224254559	0.0003965731895611	0.0007275082037955	0.0005263080104835	0.0008088837980706	0.0009239811664941	0.0008978912708453			0.0014042239818134	0.0003611540380531	0.0008755839238274	0.0008654043365185		0.0004470709289548	0.0026901210807696	0.0017375703169741	0.0005302062680445	0.000446191402775	0.0007896100485918	0.0019560860128291			0.0003085553562241	0.0005504394099118		0.0004894752244779		0.0004883149829403		0.0007468524374984	0.0002624162118481	0.0009832256245522	0.0009983896695952	0.0005449140985195	0.0002584408233688	0.0013638789195093	0.0009370757774395	0.0013043572693076	0.0013139663830305	0.0005664726462413	0.0007009394901116			0.0013684963373337	0.0008758373710169	0.0007294981109075	0.0019405008829297		0.000913605804854	0.0029782708047087		0.0013447751876717		0.0015832063006205			0.0009621000578456	0.0017020735161955		0.0006810840177733	0.0003529812288238
Aminipila sp. JN-18	Aminipila	Clostridiales Family XIII. Incertae Sedis	Clostridiales	Clostridia	Firmicutes	Bacteria		0.0006039208283273	0.0008291058408756	0.0026348851191487	0.0009439658304605		0.002842620299465	0.0014186962473909	0.0021910921472489			0.0012566675509766		0.0017349938060556	0.0020668544091781	0.0016337636425456	0.0038609013959671		0.0013042884007806	0.0023727146311989	0.0002419403807817					0.00116318974653	0.0009567740576214	0.0015768252628447	0.0022522734863804	0.000715210766759	0.0006733088325695	0.0028287649495691	0.0011906342941604	0.0012862229538237	0.003835753864885	0.0002917837383882	0.0030444479143211	0.0006288517718881	0.0004011903043671	0.0008307775987013	0.0015181735265836	0.0020010227550982		0.0023532773778303	0.0007747316311276	0.0026299194573338	0.0015026150635957		0.0004921064209916	0.0044987153917433	0.002100913495886	0.0037883767458998	0.0017833276602476	0.0015325336742319	0.0036042550957145		0.0009023669002335	0.0004706283980658	0.0016474538932258		0.0016613476699992		0.0022812954096258	0.0019277533342485	0.0010042027908982	0.0015221593017975	0.0022073114381185	0.0015683362689621	0.0026264551100631	0.0011398706936302	0.0012679385582653	0.0018418074861785	0.0024927218810254		0.0005513331621229	0.0006583852208817	0.0025992246390558		0.0025250764029628	0.003039667722394	0.0021170763791323	0.0020410937241473	0.0007877761390805	0.0039115956748835	0.0029940119760321		0.0022916223016552		0.0031672793300455			0.0031904625810727	0.0050294469979127	0.016666666666811	0.0016124352721617	0.0010259504453154
Anabaena cylindrica	Anabaena	Nostocaceae	Nostocales		Cyanobacteria	Bacteria											0.0036620605441987																																																																																					
Anaerobutyricum hallii	Anaerobutyricum	Lachnospiraceae	Clostridiales	Clostridia	Firmicutes	Bacteria		0.0062655520363698	0.0045757392391481	0.0284651612347323	0.0058085271971573		0.0121082859636753	0.0096670259910478	0.0100247306476705	0.0060940392923472		0.008597741211801	0.0138674382467611	0.0084687937549605	0.0159655207835394	0.0092548113630454	0.0159915556552401		0.0150342732197275	0.0160138381559732	0.0053966213946678	0.0262186803624928	0.0096008084892073	0.003427456794764	0.0059116399781767	0.011647061595951	0.0175639242005784	0.0236387275886906	0.0117084347970667	0.0117971431408805	0.0082795711610658	0.0127823841676228	0.0058686029593462	0.010679599561359	0.0071413498924929	0.0033056464987937	0.0076544506483765	0.0052544057169061	0.0067877106898383	0.0061693357220822	0.0070180849247221	0.0158279615930361		0.0189354144631714	0.0080037522781859	0.0186600120702593	0.0174433753546799	0.016666666667346	0.0084071060061235	0.0075536958767038	0.0158792578303842	0.0187205990531296	0.0138365700883197	0.0138260690927266	0.009055199153191		0.0091987075069466	0.0090484175723556	0.0119255293170211	0.0042553175187954	0.0206260660848627	0.0173654180104171	0.0096172688323018	0.0077777777777777	0.0102276923566221	0.0068427630098977	0.0281429458474484	0.0182188892379625	0.0084956107012148	0.0083520497013629	0.0059050568157168	0.0269416513965705	0.039627909873943	0.0066315019094767	0.0069209325469517	0.0058974309605276	0.0115203638702705		0.0097383366860344	0.0215703799196497	0.0171415244064887	0.018268594939631	0.0026702982464858	0.0241369370909543	0.0183307387336874		0.009667531923827		0.0093309987391717		0.0391061449897929	0.0268569909787159	0.0182144807759152		0.0103125800754833	0.0030453944595376
Anaerocella delicata	Anaerocella	Rikenellaceae	Bacteroidales	Bacteroidia	Bacteroidetes	Bacteria		0.0041367509468469	0.0326486152252581	0.0044294833991053	0.0134987352171003		0.0184582924018917	0.0037737318042847	0.0060245877469171	0.0272798588439356		0.0037367318695105		0.0123036038933447	0.0255700931325661	0.0218400086893738	0.0164557682792219		0.0007189328041154	0.0130644524370361			0.0444668809094603			0.0093074119647823	0.047465443905294	0.0035915698792584	0.0543279706969974	0.0007769441888888	0.0005141067169616	0.0152453684243705	0.0230767350470235	0.001286178822098	0.006214823506986	0.0011099727433459	0.000672398666103	0.0073118886162624	0.0061212696148481	0.0009096934499125	0.00159886077174	0.0422857659616178	0.0484140233722871	0.0034803794853873	0.0014029430573018	0.0137778822680962	0.0204263096960472	0.05	0.0667884713575221	0.0346131110909424	0.0034664615297117	0.0005749537470003	0.0065367816614372	0.007606843491734	0.0019730904425697		0.0020708896175136	0.0036417525426986	0.0092303969716971	0.0106382978723404	0.000952112101924	0.0498635574299181	0.0108874323049376			0.0367577877366872	0.0003774623336492	0.078777572236616	0.0079778374554791	0.051553772383001	0.0099809426562858	0.0577084089100716	0.0008421531849199	0.0213363605821269	0.0010122903487222	0.0020372981253586	0.0070613817614464		0.0105911607603422	0.0238842688296518	0.0339817232830905	0.0448967646666657	0.0942233360684387	0.0438396644071611	0.0239520958083832	0.0142394822006472			0.0097292352383599			0.0108900430725256	0.0076287471875796		0.0157508003701544	0.0678221535863851
Anaerococcus urinomassiliensis	Anaerococcus	Peptoniphilaceae	Tissierellales	Tissierellia	Firmicutes	Bacteria																																											0.0175292153589315																																																					
Anaerocolumna aminovalerica	Anaerocolumna	Lachnospiraceae	Clostridiales	Clostridia	Firmicutes	Bacteria							0.0003895871553544		0.0002167909893069						0.0003806931660063														0.0002055237249045				0.0006696024883206											0.000311161485483	0.0001761596200057							0.0005649280688486			0.0003799839770295				0.0002529532590392								0.0001729605370736		0.0002940902126029				0.0002360900971351						0.000367575942569	0.0003506243302589				0.0002035360801634							0.005586592178772					0.0037087157934672
Anaerocolumna cellulosilytica	Anaerocolumna	Lachnospiraceae	Clostridiales	Clostridia	Firmicutes	Bacteria		0.0017874808121871	0.0011564998337241	0.0008220014071867	0.000345732916683		0.0023087327905127	0.0008749252767074	0.000766741108758	0.0026510846647476		0.000947203829074	0.0103099643387008	0.0013733057997358	0.0021491253363139	0.0009071578732482	0.0020382643383701		0.0010419074834346	0.0024068266794557	0.0004582128935717			0.0004964851885198		0.0010106489541582	0.0011244266733913	0.0012953973224607	0.0020923210420691	0.0020517523157077	0.0010514635603163	0.0016921178887738	0.0054918780773856	0.0016675672494579	0.0013906079204934	0.0007708635305336	0.0017601805184162	0.0022157255746231	0.0017029779690233	0.0017097395112999	0.0011469369896167	0.0028043495131623		0.0020305166627758	0.0018127541606896	0.0012540989302447	0.0030030340638618		0.0018425973307779	0.0027385249977319	0.0008639689783319	0.003314132181384	0.0013546773711167	0.0016506307843752	0.0009154862741848		0.0018759756189733	0.0011996183859537	0.0012872768150052	0.0022778459395675	0.0014733700136225		0.001848688934419		0.0005577857059364	0.0002087968908302	0.0009599164008616	0.0013791581983085	0.0017846379382323	0.0008900888122434	0.0018249221897698	0.0017725996291249	0.0010247522183738	0.0016725876193663	0.0009605293510759	0.0019584671791724	0.001631127867956		0.002379844042269	0.0025183271577936	0.0012017666723648	0.0021418922254183		0.0010990241947191			0.0012724528327087		0.0009309976414839		0.0167597765363117	0.001305792302912	0.0016879749232222		0.0023465478589686	0.004741161703338
Anaerocolumna xylanovorans	Anaerocolumna	Lachnospiraceae	Clostridiales	Clostridia	Firmicutes	Bacteria		0.0001536228985929																																																																																									0.0055865921787709					0.0002702411679223
Anaerofustis stercorihominis	Anaerofustis	Eubacteriaceae	Clostridiales	Clostridia	Firmicutes	Bacteria									0.0002089456600422																																																																																							
Anaeromassilibacillus senegalensis	Anaeromassilibacillus	Ruminococcaceae	Clostridiales	Clostridia	Firmicutes	Bacteria		0.0022499120477251	0.0023908525318329	0.0111392224635951	0.0046752666378383		0.0077730672376061	0.0033993422342383	0.0055299861996665	0.0045296797402942		0.0032152732712172	0.0090481536214362	0.0021022872697282	0.0035435099457844	0.0047733514492316	0.0080583486864951		0.0041485605751572	0.0049469255615323	0.004778528794667	0.0108256985093539		0.0039635175975722		0.0047442768200899	0.0061249517923679	0.0075301044714177	0.0049841432385749	0.0019160624433257	0.0023607584672844	0.0048840437272628	0.0045471671833031	0.0023169750520276	0.0075896411023483	0.0088542419515161	0.0041612519317695	0.001744858239705	0.0016206401466342	0.0093453745770253	0.0184804596293174	0.0073100024192961		0.0088025018958185	0.0023719245938722	0.0056400590633384	0.0048939980314681		0.0027165689184434	0.0065315407273468	0.0087675599697222	0.0046718937854802	0.0037607510279733	0.0036070011705763	0.0153531134465846		0.0019752132178685	0.0018930244220476	0.0042212448192166	0.0106382777898392	0.0035058991647561	0.0050784143006032	0.0056077042441874		0.0134584882129419	0.0070407170940405	0.0055267803270968	0.0078119653281134	0.0043980795103476	0.0041899154483139	0.0080308433885418	0.0045751385137551	0.00286445189248	0.003321113960956	0.0069023469037516	0.0022523922794048	0.0060920050538266	0.0238095238095238	0.0052598645077597	0.0067731134807266	0.0042654080404003	0.003511055711069	0.0052871366516338	0.0098061468586579	0.0050618514868637		0.0027241747387453		0.0078330739453822		0.0172808650491287	0.0072936604034359	0.009162532658957		0.0058089914654884	0.0033289553791729
Anaerostipes butyraticus	Anaerostipes	Lachnospiraceae	Clostridiales	Clostridia	Firmicutes	Bacteria		0.0002665739450321	0.0002304897292079				0.0005376252283094		0.0005010073041638					0.0004796683742739					0.0002317397732022								0.0003591380885988	0.0002798072674909	0.0002310067124832	0.000347452421639			0.0002760803099664	0.0003640367404146			0.0002693191169737		0.0001639946452969		0.0001788302724888	0.0011428676570735		0.0006253288784947		0.000256797539916								0.0001707656675778	0.0006350690108828		0.000446368803869	0.0001669229364162		0.002127659574468	0.0001494475796353						0.0002356676952531	0.0003327154754723	0.0001568930676751			0.0002376972448912							0.0002937782211086	0.0005205376634166				0.0005027501038332					0.0003213838499627			0.0002312017085279				0.0002346839869074
Anaerostipes hadrus	Anaerostipes	Lachnospiraceae	Clostridiales	Clostridia	Firmicutes	Bacteria		0.0045844399058741	0.0014196531264419	0.0014608147051239	0.0005260532830006		0.0024719422024548	0.0017776799071892	0.0019959499219413	0.001037957462959		0.0023553520707495		0.0025080315574197	0.0023512003546609	0.0019271715038277	0.0020642510965814		0.0022870262109053	0.0016422836122199	0.0005787211254841			0.0004407527347374		0.0011675602042017	0.0015018376524273	0.0024036253172774	0.0017506324883304	0.0040294232720163	0.000341058534793	0.0021331666422006	0.0039254440507905	0.0047973702940037	0.0010191039192445	0.0010587520528742	0.0034290681574923	0.0019803945734125	0.0024483881821562	0.0010818140712031	0.0020394135953017	0.001212441801136		0.0031819191784915	0.002805394475277	0.0021860110745612	0.0022374681498307	0.0170006264006435	0.0019924063337575	0.0023184440579416	0.0011935969534569	0.0017201598946646	0.0014849566552697	0.0014320868135529	0.002699180712467		0.0049746811086241	0.0026376532029162	0.0015326690896673		0.0019990907356594		0.0019659839952071		0.0009337975788656	0.0007171371533013	0.0035995574098505	0.0018885959337493	0.001209733389967	0.0009021355742064	0.0016850338194136	0.0023696234541095	0.002743030750734	0.0020693234326198	0.0010202821716293	0.0024179153738387	0.0023526464597884		0.0017837968000969	0.0033656669954686	0.0020368517954429	0.0023733632182037	0.0009442822512108	0.0019368191905231			0.0018118124083982		0.0017545548369059			0.0023331560430747	0.0020944946859385		0.0025200207378581	0.0022408807990383
Anaerostipes rhamnosivorans	Anaerostipes	Lachnospiraceae	Clostridiales	Clostridia	Firmicutes	Bacteria		0.001281691983798	0.0005687302668696	0.0012082598936704	0.0001951463719441		0.0014346107030516	0.0008795091053813	0.0011225549647536	0.0010843905146355		0.0012667559781504		0.0012181471748597	0.0008301242588008	0.001005568781227	0.0019820387742643		0.0005419731097673	0.0008480340347311	0.0005151816500285						0.0009754683689215	0.0006052055358251	0.0005811045678372	0.0012876151326723	0.0002777550243607	0.0016772983606501	0.0017244194955922	0.0018326489254456	0.0010680879961476	0.0004984966064537	0.0009492186430886	0.0006734454757034	0.001138360844298	0.0005757937568548	0.0008519959619439	0.0011428656725868		0.0013240570421061	0.000661123723446	0.0011159860527214	0.0009356631410282		0.0017281460389524	0.0009286536177957	0.0007831474529776	0.0015945820143319	0.0006889745631677	0.0006710067923055	0.0005851703466986		0.0014809134993208	0.0008079154315178	0.000926051981218		0.0009334395811371		0.0012352636377125		0.0004240937028195	0.000592110461335	0.0010432376294683	0.0011126059642872	0.0005948666158576	0.0007237883827161	0.0004759127736994	0.0012621747438972	0.0020780429186779	0.0009957444630604	0.0003095495063367	0.0014602205982247	0.0017334334659324		0.0007384993031034	0.001346598880551	0.0009385567572661		0.001429283637116	0.0007699993524549			0.0010533041314578		0.0006885176169578			0.000774797261681			0.0009423328333801	0.0013229983318311
Anaerotaenia torta	Anaerotaenia	Lachnospiraceae	Clostridiales	Clostridia	Firmicutes	Bacteria		0.0015871385463623	0.0007581555318409	0.001265334800504	0.000442262323374		0.0016357099471701	0.0009152177336615	0.0008201641739866	0.0021431395208239		0.0006125213961628		0.0007678574496083	0.0013311547616248	0.0009026012531068	0.0016288744179791		0.0005636732419428	0.0013392475724251	0.0004635439855806						0.0007375257412325	0.0009099067535113	0.0009055845818883	0.0012366104869366	0.0003240977355491	0.0013169876769544	0.0026622394840485	0.0017210813456076	0.0010798599854422	0.0011482626879809	0.0017971926779312	0.0009671802275013	0.0013655121089864	0.0013206836983687	0.0016561343979178			0.0009858362208422	0.0012319735035064	0.0017012143397636	0.0013186177303068		0.0010245705325956	0.0020033168632323	0.0018767793385335	0.0055135703513194	0.0005293662087557	0.000555328310128	0.0016376237716273		0.001191596684925	0.0009902454612207	0.0009070581326041		0.0009747535664703		0.002769380429632		0.0006078059398578	0.0005285038477897	0.0007526395179705	0.0006186131324713	0.0011064467576037	0.0007787210962688	0.0009019587312313	0.0013931213934477	0.0016935823781993	0.0010068319079247	0.0005589396532485	0.0016167106127182	0.0013007597221168		0.0013093585670749	0.0010068692762631		0.0016457762714408	0.0013223879098075	0.0015302011185727			0.0009754408664336		0.0011863890502982			0.0017151770709266	0.0021543225110796		0.0016555242505251	0.0017802680544477
Anaerotignum aminivorans	Anaerotignum	Lachnospiraceae	Clostridiales	Clostridia	Firmicutes	Bacteria												0.0002844893952191			0.00032456403817	0.0003329463046318			0.0004268185589293		0.000196977726241						0.0003038056716203	0.0004224128418288	0.0004409384874053				0.0002265253108756	0.0002234664792367			0.0002217690836956				0.000185114325482			0.0003208915146283	0.0002746802381272	0.000531861954623							0.0002051414966554	0.0003938583188869				0.0001673865073826	0.0002433078665923	0.002127659574468	0.0003680008675957						0.0002002984537108	0.0006008283182644	0.0002318190157553			0.0004330550130517	0.000296279291037						0.0002123337580319	0.0004292730349557				0.0005179588260836					0.0002871626610686			0.0003441560483781				
Anaerotignum faecicola	Anaerotignum	Lachnospiraceae	Clostridiales	Clostridia	Firmicutes	Bacteria		0.0006259989969101	0.001425380671109	0.0004113033587523			0.000658026912234	0.0012497786920589	0.0002508573236789			0.0011554535914978		0.000591293016477	0.0019419426206808	0.0007225182765813			0.00059056166341	0.0006737181507283							0.0003569493046777	0.0005245531797834	0.0019693275617476	0.000702643535848	0.0004924527564314		0.0002214801812444	0.0021159763512494	0.000586263392981	0.0003494342160143	0.0047249660813599	0.0007058757325775	0.0008332758995806	0.0009762105141649	0.0007788114013157			0.0003939709982689	0.0005132590210572	0.0019149212498757	0.001265991471115			0.0011456940996387	0.0002870283173548	0.0003291675304087	0.000205817688083	0.0002296220113096	0.0030182538940268			0.000262159153136	0.0003561649810731	0.002127659574468	0.0005423142513796	0.0039692384023815	0.0013465946095495				0.0005324690578199		0.0013830788613182			0.0004518479539385	0.0003248850216599			0.0016726388369186				0.0004540294791496				0.0006851737681467			0.0025858470732709		0.0003742350384628			0.0003527603186812			0.0005737616240781	
Anaerotignum lactatifermentans	Anaerotignum	Lachnospiraceae	Clostridiales	Clostridia	Firmicutes	Bacteria																																		0.0002706768197145			0.0002021417326786									0.0002145620442389																																														0.0001415404283109				
Anaerotignum propionicum	Anaerotignum	Lachnospiraceae	Clostridiales	Clostridia	Firmicutes	Bacteria															0.0003141308770942														0.0003145374354025				0.00020122409572				0.0006172544064845									0.0003092967899322									0.0003700657861518														0.0001787206751954																											
Anaerotruncus rubiinfantis	Anaerotruncus	Ruminococcaceae	Clostridiales	Clostridia	Firmicutes	Bacteria		0.0004965145336477	0.000272333824159	0.0019007453807056	0.0006572827451383		0.0006710453155934	0.0004215958270324	0.0019093806005457	0.000875793994654		0.0004543289030629		0.0002791904437014	0.0007382149731299	0.000804799670222	0.0007715324620977		0.0014844510301217	0.0011273383319566						0.0009447828472852	0.0023848498719882	0.0019880057242379	0.000741098219898	0.0004183845332112			0.0018689413855	0.000342141488084	0.0008719073169474		0.0006859129314174		0.000218725783649	0.0002250166798631	0.0002390678615891	0.00158331163701		0.0022782330116525	0.0004563617758203	0.0007310918921614	0.0008002308389697		0.0012624035580597		0.0003572939872982	0.0007511801987439	0.0004295039591565	0.0004117489545807	0.000849699426577		0.000413265772211	0.0002433086593218	0.0003669321317106		0.0008116151729697		0.0004551106716984			0.0023501542185387	0.000891179768709	0.0026075550405256	0.0009240133928646	0.0013236615748705		0.000984339226229					0.0018302017429645		0.0020852264010062	0.002320415324031	0.0008130590326853	0.0022079828690128	0.0022712216111358	0.0012040813435994					0.0036170653818811			0.0013851034832878	0.00208232207816		0.0006999619342492	0.0021173138150217
Anaerovibrio lipolyticus	Anaerovibrio	Selenomonadaceae	Selenomonadales	Negativicutes	Firmicutes	Bacteria		0.0019237220060195	0.0012772390583339				0.0008137938049948	0.0003559621866101	0.0001671556788993			0.00044293298225		0.0005620312097666	0.0009544451582357	0.0006649820619636	0.0008378717797251		0.0004225233989898	0.0012191991798339	0.0006675331405207			0.0003154739996845			0.0002607864159254		0.0013055921274881	0.0012786469767972	0.0028570369271051	0.0008642419877565	0.0008352503152698	0.0017193757657959	0.0005270092226615	0.0009271386410221	0.001802265629585	0.0011843903935597	0.0021686650328411	0.0009703452381616	0.0011197113702119			0.0005100016971774	0.0010170996821657	0.000488533091602			0.0001834086008031		0.0004006059041628	0.0008228015186734	0.0004817270086217	0.0007901192711227	0.0008589243802261		0.0004284702246036	0.0002714132952406	0.0007079195837812		0.0005997545189211		0.0008873456790123		0.0005753913621729	0.0003537268697424	0.0005296914301916		0.0004185498327278			0.0005115558795931	0.0006139963881867	0.001153077527145	0.0004239230901528	0.0013059608144629	0.0015182186234792		0.0001990657182291	0.0026296112758081		0.0011422044545973		0.0011957995457466			0.0013176880020107		0.0009631854188356			0.0006801433196317	0.001043514557028		0.0005440852209272	0.0006495263870094
Anaerovorax odorimutans	Anaerovorax	Clostridiales Family XIII. Incertae Sedis	Clostridiales	Clostridia	Firmicutes	Bacteria		0.000149901067874		0.0005386044836029	0.0002267806953824		0.0007050747872279		0.0003316032303992			0.0003567042622093		0.0003401770370354	0.0003516378017747	0.0004509025433733	0.0009705006361607	0.015625	0.0002820174600185	0.0005463352178949							0.0005405216070157	0.0004541246297574	0.0006371269252637				0.0005208519170393	0.0002529702295262	0.0009844854069375		0.0006531243246671			0.0003516724485872	0.0003376434366027			0.0006328583996226	0.0002118610891604	0.0003871622651109			0.0001735938406202		0.0003569758100154	0.000248089479843	0.0003684408690802	0.0003026248044215	0.0010569215145717			0.0001251922495681	0.0002989998400385		0.0004418422110015		0.0005150819551209			0.0002744857831283	0.0004315984791087	0.0002806147172456	0.0004055170871832			0.0005343928856607	0.0004567632977085						0.0003688571300571	0.0007607493027971		0.0007374235301872		0.0004650777049086			0.0006537264507608		0.0006428269652306			0.0003364574021673				0.0002673064020261
Ancylothrix rivularis	Ancylothrix		Oscillatoriales		Cyanobacteria	Bacteria											0.0021526210981674																																																					0.0022222222222222																																
Aquipuribacter hungaricus	Aquipuribacter	Intrasporangiaceae	Micrococcales	Actinobacteria	Actinobacteria	Bacteria																																																																0.0011111111111111																																
Asaccharospora irregularis	Asaccharospora	Peptostreptococcaceae	Clostridiales	Clostridia	Firmicutes	Bacteria		0.0008428702523305	0.0005781484267572	0.0003761392892502	0.0011837659827975		0.0008176746906434	0.0005597899144193	0.0027982816958298	0.00191632557688		0.0005485470654796		0.0010682076930917	0.0007214459725075	0.0019883303225578			0.0002703248220005	0.0006523594199924	0.0006929323602858			0.0004373987257943			0.0002179844687797	0.000902249729785	0.0004868730957175	0.0006745557956877	0.0003062258353573	0.0008622619996573	0.0013231830299604	0.0015049730815636	0.0024717312810722	0.0008444192545049	0.0006228793766119	0.000791171585371	0.0007761847279342	0.0007018952004321	0.0010525311645318			0.0020626976590239	0.0011523744667621	0.0002929612003724			0.0014038661829426	0.0010355721319419	0.0002852394746462		0.0017996029428082	0.0018421189317693	0.0006427552760884			0.0003081033761405	0.002221881165041		0.0005929237883002		0.0013208458371665		0.0019144716711322	0.0019060814746185	0.0010726431042002		0.0006833775984543	0.0018353253094896	0.0013359521027081	0.0014234008186423	0.0004799797296119	0.000813522394365	0.0007914013382001	0.0010094475445677	0.0012597599680799		0.0017924958695392	0.0006897270861214	0.0020577260730992		0.0022953591263126	0.0005549981101494	0.0018276047203015				0.0013204697482994			0.0010189788314779			0.0023027373564804	0.0021037446573575
Azonexus fungiphilus	Azonexus	Azonexaceae	Rhodocyclales	Betaproteobacteria	Proteobacteria	Bacteria											0.0038837758894897																																																																																					
Bacteroidales bacterium CF			Bacteroidales	Bacteroidia	Bacteroidetes	Bacteria		0.0122304035036748	0.0102312610906039	0.0097797655947458	0.0105267134330768		0.0333461865036291	0.0041181271137509	0.0179136568747464	0.019442447807182		0.0064913495815859	0.0230069555912252	0.0073681004188646	0.0109818285684246	0.0171655330369564	0.035284443259965	0.03125	0.0050962922420195	0.023095857721641	0.0049191912529973	0.0169902903413828	0.0161698041710859	0.0031283383405812	0.0042456557430235	0.0100594591015952	0.0142539258246463	0.0155628814698951	0.0301964856316493	0.0072957879157925	0.0064114606376568	0.0168893168717386	0.0343298555455234	0.0116626282743556	0.0357953002934344	0.0060620181514382	0.0250589301985635	0.0082190122012288	0.005291045947859	0.0161787507810801	0.0245595322061394	0.0102857429543087		0.022482268380439	0.0109627299262907	0.0138387822573869	0.0123797717353596	0.041666666361961	0.0079606536322155	0.0466556554683592	0.0093884233405358	0.0067973252810621	0.0133006882552467	0.0101889638580472	0.0280802882120385		0.0096420311678719	0.007693720785043	0.018821955145603	0.0297134932999439	0.0076485545746396	0.0138923344083354	0.0165187939482806		0.0106398470632131	0.0083546041908617	0.0083311837803926	0.015939738186333	0.0173634323534831	0.0296897761591514	0.0153650540957746	0.0178528170857057	0.0032107503527016	0.0090912493855397	0.0037680302252406	0.0083272662112438	0.0229484598044707		0.0222344423664013	0.0107156184975709	0.022729403689273	0.0137282821650104	0.0168733117947996	0.0138928644660579	0.026945759385261		0.0070785268284779		0.0341829644673059		0.0223327461194078	0.0116993316445084	0.0080341765777711	0.0333333333333333	0.0260187618430686	0.0126983022230518
Bacteroides acidifaciens	Bacteroides	Bacteroidaceae	Bacteroidales	Bacteroidia	Bacteroidetes	Bacteria																																					0.0002598797958285																																																											
Bacteroides caecigallinarum	Bacteroides	Bacteroidaceae	Bacteroidales	Bacteroidia	Bacteroidetes	Bacteria		0.0001830862972684	0.0003280090753747				0.0006947346583003	0.0003699812248774						0.0003827985516354	0.000572846905252														0.0007264435555786	0.0004029566458709				0.0003636738236783			0.0006588693544422			0.0004024149118827	0.0002845221255799				0.0004093057998439								0.0002402340473837	0.0002828456971392	0.0004670554106428		0.0004982066300945	0.0002029602816638	0.0003185806197633		0.0001729345932373						0.0002318038491062		0.0003137211606308											0.0004465839352607				0.0002087704069125											0.0005444735297658	
Bacteroides cellulosilyticus	Bacteroides	Bacteroidaceae	Bacteroidales	Bacteroidia	Bacteroidetes	Bacteria																0.0005468727399045													0.0004025726199862								0.0004546732618122					0.0011428571428571			0.0002780220596332									0.0001584412601283	0.000679319821034																									0.0003214475033058				0.0002356544957135					0.0004846799439912							
Bacteroides eggerthii	Bacteroides	Bacteroidaceae	Bacteroidales	Bacteroidia	Bacteroidetes	Bacteria																													0.0002153143649812								0.0001880992618009																																																											
Bacteroides fluxus	Bacteroides	Bacteroidaceae	Bacteroidales	Bacteroidia	Bacteroidetes	Bacteria																													0.0003417159387193																				0.0002397575118468																																															
Bacteroides fragilis	Bacteroides	Bacteroidaceae	Bacteroidales	Bacteroidia	Bacteroidetes	Bacteria															0.0005703810959993	0.0003943307906408											0.0004057131362969	0.0004079917136953	0.0009583786672598				0.0002392032360953				0.000203893233314												0.0005034212399556				0.0002027727016546															0.0008713065806588		0.000794003383311		0.0006745613280391								0.0005305402930637			0.0011927830461817	0.0004802055357892											0.0005230287013728	
Bacteroides gallinaceum	Bacteroides	Bacteroidaceae	Bacteroidales	Bacteroidia	Bacteroidetes	Bacteria							0.0004479408886148													0.0005639350255508									0.000169993755207				0.0003465696364996				0.0002149162697372												0.0003196667536069																					0.0006707189585878									0.0003859066106546																	
Bacteroides helcogenes	Bacteroides	Bacteroidaceae	Bacteroidales	Bacteroidia	Bacteroidetes	Bacteria		0.00048292108811	0.0005551628731601				0.0009594092980059					0.0006896868093008			0.0007706384492453	0.0006474928103146	0.0018614637410268		0.0004360176653454	0.0007622137330987								0.0004315169942234	0.0012761359261897	0.000332658408515			0.0002541410410095	0.0005015624505904	0.0008159170262834		0.0009576494907042			0.0004807334989857	0.0003973868331315			0.0005298833260432	0.0004687069077037	0.0008890865254914	0.0015199394380556			0.002657239104266			0.0002908123346018	0.000215899562688	0.0008504692426511			0.0003747088029036	0.0005213244451538		0.0003924883110006		0.001021320046673		0.0011112090770672		0.0006475694813447		0.0003237820905331	0.0004165102173421		0.0005232951476276								0.0011469206614464				0.0003433262547608					0.0005839684068943			0.0002480070697887			0.0005930799724022	0.0006083477026775
Bacteroides heparinolyticus	Bacteroides	Bacteroidaceae	Bacteroidales	Bacteroidia	Bacteroidetes	Bacteria																																					0.0002782036361504																		0.0004082255128429																																									
Bacteroides ihuae	Bacteroides	Bacteroidaceae	Bacteroidales	Bacteroidia	Bacteroidetes	Bacteria																													0.0002280877313453																															0.002127659574468																																				
Bacteroides intestinalis	Bacteroides	Bacteroidaceae	Bacteroidales	Bacteroidia	Bacteroidetes	Bacteria																													0.0002673257294398				0.0001696425594241												0.0002104957572752																																																			
Bacteroides mediterraneensis	Bacteroides	Bacteroidaceae	Bacteroidales	Bacteroidia	Bacteroidetes	Bacteria		0.0003535913521128	0.000741323205493	0.0003726706362086			0.0003926187634693		0.0002246579333028					0.0009002043755023	0.0009465831312084	0.000271551158027												0.0005134477669558	0.0007322986899392	0.0002958212570621	0.0003600197092571			0.0005514989660393	0.0007069297510255		0.0005988912702055			0.0005493300540898	0.0004365554572498			0.0005523328903023	0.000516412642725	0.0010008224820675							0.0002413882897163	0.0002243885318858	0.0009251890515946			0.0002992902333721	0.0003579411280849		0.0004542028379696						0.0002590551129699		0.0001427156395262			0.0003555845001353								0.0004971865345219				0.0003358987546885					0.0003127801600958			0.0002538084782651				
Bacteroides oleiciplenus	Bacteroides	Bacteroidaceae	Bacteroidales	Bacteroidia	Bacteroidetes	Bacteria																													0.0002797014275058								0.0001772060328376																0.0001372235740712		0.000433052760418																																		0.000292059383136							
Bacteroides ovatus	Bacteroides	Bacteroidaceae	Bacteroidales	Bacteroidia	Bacteroidetes	Bacteria							0.0006284998361344									0.000473889182671													0.0004633134017935				0.0003669857849544		0.0008207582809611		0.0003352482085064																0.0001898419790766		0.0006934682493679								0.0007296676798363						0.0003561975613074	0.0005945511528795										0.0011444604999948									0.0008466727164931							
Bacteroides thetaiotaomicron	Bacteroides	Bacteroidaceae	Bacteroidales	Bacteroidia	Bacteroidetes	Bacteria																													0.0001404161336418																																																																			
Bacteroides uniformis	Bacteroides	Bacteroidaceae	Bacteroidales	Bacteroidia	Bacteroidetes	Bacteria		0.0003154280569942	0.0008978952448816				0.0004216247674337		0.0003497899120923						0.0005035465218534	0.0004013141582022	0.0015629924748138			0.0007773944222827									0.0004875915429596	0.000404605418841	0.0003044106917325	0.0012963629816335	0.0002777081869488	0.0006623533642927			0.0005141878892951			0.0004771168258046	0.0004151880280964			0.0004681954396946	0.0005305659401933	0.0006488752867283							0.0002086193215011	0.0001976008712471	0.0009609331153948			0.0002166656233392					0.0005931485678522					0.0009389709325158	0.0002361034047564	0.0007313739541154								0.0238095238095238																	0.0005923248624779	
Bariatricus massiliensis	Bariatricus	Lachnospiraceae	Clostridiales	Clostridia	Firmicutes	Bacteria		0.0032626585541565	0.0026340758519092	0.0049401305035128	0.0010348394143698		0.0026495290231475	0.0037836915906235	0.002135860838174			0.003878862050466	0.0235756106494668	0.0035191527364067	0.0044878909943799	0.004133720863481	0.0066656871795474		0.0047217966809325	0.0054688330257102	0.0013658029425285			0.0009024277624448		0.0037728325411867	0.0029173990421564	0.00637193969172	0.0039547963835938	0.0050024186619142	0.0013064320486177	0.0035078401705507	0.0019628350105548	0.0031488454965313	0.0021667828308668	0.0008965468891804	0.0031702269774753	0.0034029076948049	0.0021135210724449	0.0014437028984474	0.0020627302734711	0.0012466075644207		0.0049733381317898	0.0034966967605062	0.0064274474556887	0.0045611419470945		0.0021907233432442	0.0038190766698606	0.0043485871540882	0.0098184233002428	0.0031479493355065	0.00289736474235	0.0051072821459124		0.0056368349545938	0.0034159815842426	0.0018419769568602		0.0035381083802236		0.0025219245573341		0.002060006087751	0.001124580043812	0.0053137708203462	0.0067050024072184	0.0027305015758959	0.0017100780792935	0.0014928383860126	0.0039125374358796	0.0109394240328925	0.0039886393600408	0.0012221583162618	0.003114800315722	0.004076904365631		0.001908041129475	0.003470848905892	0.0016119869820941	0.0060181239707415		0.0039994294601562	0.0016398486899288		0.002989913383621		0.0027784516726965		0.006008314613149	0.0043820610483814	0.0022583600594332		0.0020881126136536	0.000592116210796
Barnesiella intestinihominis	Barnesiella	Barnesiellaceae	Bacteroidales	Bacteroidia	Bacteroidetes	Bacteria																													0.0001969200061722																																																																			
Barnesiella viscericola	Barnesiella	Barnesiellaceae	Bacteroidales	Bacteroidia	Bacteroidetes	Bacteria		0.0006454855698737	0.0010485652343412	0.0019558932725384	0.0007910826855358		0.0032047524718548	0.0006803815429632	0.0016962742360561	0.0027091677020544		0.0004085337372508		0.0009769741230639	0.0014640809422002	0.0019022588224249	0.0037962269177568	0.015625	0.0008921225049422	0.0019096610280626	0.000391405075792					0.0010698138634337	0.0016564270649792	0.0028951124358692	0.0028439601934601	0.0006113058205601	0.0009403261591955		0.0022265723003185	0.0011789865039946	0.0032644529478014	0.0005686256403517	0.0027681748618879	0.000750345662335	0.0002781262817361	0.0013394446502073	0.0014700891898314	0.0045713992752731		0.0019072985883501	0.0010986582165976	0.0018592034432147	0.0019133041853265		0.0018097311077341	0.0032083210745253	0.0013493345888708	0.00121655871701	0.0015622961845686	0.0015366416923972	0.0030211985594381		0.0014920167252689	0.0006316260274166	0.0017837456893634	0.0042546515878346	0.0010509572519284		0.0014460673064736		0.001591638515566	0.0012891521035382	0.0008715672834153	0.0026011168375944	0.0020433284789092	0.0032351398537179	0.0011510645146591	0.0020166792095756	0.0006856828064125		0.0007553798184664	0.0011749430028221	0.0031197306420135		0.0022288350072691	0.0033151710545431	0.0029226011728892	0.002260647294304	0.0016702876702757	0.0040630841692454			0.0016341098536679		0.0027859280741086			0.0026619124777512	0.0065783501139801		0.0019698675173905	0.001504605745735
Bauldia consociata	Bauldia		Rhizobiales	Alphaproteobacteria	Proteobacteria	Bacteria																																																														0.0049617363952542																																		
Betaproteobacteria bacterium GR16-43				Betaproteobacteria	Proteobacteria	Bacteria																																																																0.004405744700717																																
Bifidobacterium boum	Bifidobacterium	Bifidobacteriaceae	Bifidobacteriales	Actinobacteria	Actinobacteria	Bacteria		0.0002714252133624	0.0004745226528075		0.0022894436430027				0.0011004395111852	0.0009280742459396					0.0014390038871854	0.0007760223869754		0.015625	0.0005898986121052								0.000391179623888	0.0003760206274313	0.0004149721968628							0.0003699553728028	0.0001637855302928		0.0004377610171293					0.0009633369746929		0.0011275566416769			0.0003340709234694		0.0004757195257283		0.0005309915920068	0.0017552753907181			0.0004998750312421	0.0002972618932765	0.0016612745602166		0.0005718589600535					0.00137240706081	0.0005786788831686		0.0007155586757901	0.0010852044204233		0.0004240453930496	0.0010918284903184		0.0009089971474608				0.0004258946825851	0.0005486020806241			0.0014852056206333	0.0015357401706675			0.0009027414833467		0.0008456031134458			0.0006925123851154	0.0028174893039757		0.0015463475521864	0.0002706359950932
Bifidobacterium pseudolongum	Bifidobacterium	Bifidobacteriaceae	Bifidobacteriales	Actinobacteria	Actinobacteria	Bacteria																																																	0.00157347518985																					0.0002269878029173																										
Bifidobacterium thermacidophilum	Bifidobacterium	Bifidobacteriaceae	Bifidobacteriales	Actinobacteria	Actinobacteria	Bacteria																																																	0.0003212173087574					0.0001678083825011																														0.0002652996325377												
Bifidobacterium thermophilum	Bifidobacterium	Bifidobacteriaceae	Bifidobacteriales	Actinobacteria	Actinobacteria	Bacteria					0.0003054910402717										0.0002939809117029																																						0.0001967140243673	0.0002192235793799					0.0004776804144813																									0.0002929491752983												
Blastochloris viridis	Blastochloris	Hyphomicrobiaceae	Rhizobiales	Alphaproteobacteria	Proteobacteria	Bacteria																																																														0.0029767404095088																																		
Blautia coccoides	Blautia	Lachnospiraceae	Clostridiales	Clostridia	Firmicutes	Bacteria		0.001614308619622	0.0006265829781491	0.0015744102207911	0.0002926312768082		0.0014921783205392	0.0006539182724766	0.0004836089093262			0.0005230901048964		0.0004767347747142	0.0019787661815165	0.0006600194302864	0.0008443950615809		0.0021047412933473	0.0007233864034307	0.0008605405163994	0.0062349515893135		0.0007698020778279		0.0009926854881641	0.0003308733768036	0.0022044473803726	0.00159049652149	0.0031675851802297	0.000438225317783		0.0001421839231458	0.0028967819437438		0.0018302589349301	0.0016156815514813	0.0009830149496644	0.0004467552768342	0.0016065026361816	0.0020857787441139	0.002008055058582		0.0008917364863866	0.0015380674979926	0.0026497550096365	0.0024436397836997		0.0001839851516713	0.0014982663099811	0.0042704371581153	0.00263108031882	0.0018958128780113	0.0017004102394338	0.0014663626652629		0.001878455568628	0.0015025278742096	0.0011461034049663	0.0023023720302085	0.0022067401576698		0.0010353499780358		0.0030910784354044	0.0007843274620149	0.0026766785150325	0.0010136366601793	0.0011123024352273	0.0003717202752158	0.0011447708531552	0.0011824250192248	0.0025068909536446	0.0013646684215662	0.0015976214069799	0.0009651207533591	0.0019178740653929		0.0004360040649259	0.0018479567109873	0.0010420656777737	0.0008301362265955		0.001493020840798			0.0013178055616571		0.000414298839162			0.0012802960246241	0.0012688220514104		0.0016690189388888	0.0004595879543426
Blautia glucerasea	Blautia	Lachnospiraceae	Clostridiales	Clostridia	Firmicutes	Bacteria		0.005621991460033	0.0014682970189606	0.0022429420623597	0.0018502433359425		0.0018241289876916	0.0019096622336646	0.0007699568107584	0.0031397212479934		0.0024030228062384		0.0014551275756377	0.0025485878167828	0.0026804690101709	0.0039984084273962		0.0044164507597304	0.003123338764547	0.0037925256261847			0.0024642681182848	0.0078910414095677	0.0034236923211003	0.0008322205411215	0.0039882326359359	0.0016131583771092	0.0048693834562277	0.0027091811256312	0.0024254333869307	0.0006198472930998	0.0041422105629135	0.0018389700796456	0.0040807280392126	0.0031306255954187	0.0030644180570057	0.0031686520066874	0.0016409971443699	0.0041389401874385	0.0046057507333305		0.0026144802370844	0.0029494846505107	0.004302418122695	0.0030060751029704		0.0010977090256046	0.0027938884981179	0.009576759809704	0.0042794390658838	0.0027911722306038	0.0031862593211575	0.003022060949702		0.0054426335073448	0.0028854486804273	0.0017275809925586	0.0088786597045094	0.0041893040840957		0.0021212696806773		0.0050060802120361	0.0039311519891261	0.0069498532549346	0.0024809944451893	0.0019436308926909	0.0030519817985837	0.0026328786770087	0.0036300851598695	0.0047424310130454	0.0017743555000333	0.0040957105301692	0.0026571239172735	0.0027407961355702		0.0011732725006733	0.0018298191870015	0.0047787250025234	0.0022661589749578	0.0026449284683638	0.0041943801468316			0.0033953552322204		0.001002877405343			0.0030051909936965	0.0046658058898162		0.0017412812773074	0.0020305937663446
Blautia hansenii	Blautia	Lachnospiraceae	Clostridiales	Clostridia	Firmicutes	Bacteria		0.0007008017811571	0.0002876069509505	0.0004155851740809	0.0003038387124334		0.0004406923836784	0.0003847700717027	0.0002045591011396			0.0002197757817255		0.0004187062572975	0.0010075659514194	0.0006229453217808	0.0006490596707188		0.0005260462888652		0.0003299680515388					0.0007036011450774		0.0004141350913171	0.0004734465957019	0.0013881151557937	0.0003366319926076			0.0007354552250088	0.0004850501753832	0.0003647925287883	0.0005286831442751		0.0003797505149892	0.0005320082357258	0.0004261336993668			0.0002849483845307	0.000641830349191	0.0008233282999771			0.0001712933186451		0.0008249762639364	0.0006238041572561	0.000373554194969	0.0003909760831132	0.0004659779536289		0.0012570649750003	0.0006004201910258	0.0005196847666113		0.0007102232570682					0.0004489664319973	0.0007894783010352		0.0003975759952234	0.0003968977617422		0.000511824368535	0.0006589443914542	0.0009555247430922	0.0003401776788159				0.0002248772243122	0.0002187871898019	0.0005831151826883			0.0008317037545304					0.0006965268216041			0.0007260293110049			0.0005398031217828	
Blautia hydrogenotrophica	Blautia	Lachnospiraceae	Clostridiales	Clostridia	Firmicutes	Bacteria																																																						0.0001185324971246																																										
Blautia luti	Blautia	Lachnospiraceae	Clostridiales	Clostridia	Firmicutes	Bacteria		0.0056091005880021	0.00250190907223	0.0009543790318419	0.0010460528936849			0.0009178661990455	0.0002974901290155	0.0013487512730127		0.0010614218659829		0.005709407028366	0.0012324199756991	0.0016602496880514	0.000923094110026		0.002763404943511	0.0007662054756981	0.0020661370218499			0.0016352357391739		0.0020136525747775	0.0007870433211792	0.0009410417779116	0.0003949191637491	0.0038427563142587	0.002972271721508		0.0002921870088037	0.0022544755773236	0.0013951637545761	0.0037967543821324	0.0006903482252897	0.0035599681468868	0.0027862433935492	0.0008855422760344	0.0011720097854082			0.0006727570186063	0.002895305484316	0.0013940614858717	0.0015699490838158		0.0003810923171091	0.0010312400470331	0.0051757275738154	0.0002797333430663	0.0016088452054489	0.0018697407996478	0.0005516499696754		0.0176379892241649	0.0105154508608064	0.0006056634423019	0.0028879798358347	0.0023348736207376		0.0005375722513746		0.0019875765050154	0.0015923049677746	0.0032005584097782	0.0009786883356772	0.0006021183126882	0.0007158994948855	0.0021307913596913	0.0013387070635696	0.0017345760577685	0.0033039502016881	0.0026418864468263	0.002310404087183	0.0013339247535787		0.000427130438846	0.0006851916417486	0.0035191393558651		0.0008573641180478	0.0013356041875176			0.0013665423859518		0.0002648183025369			0.0009510109201963			0.0008680968608654	0.0004299251163866
Blautia marasmi	Blautia	Lachnospiraceae	Clostridiales	Clostridia	Firmicutes	Bacteria		0.001028061109692	0.00024113911267	0.0012095375384759	0.00024071088976		0.0005802142619321	0.0003020780664227	0.0002153598730842			0.0005038832998572		0.0003150761647183	0.0017133438536879	0.000741402121582	0.0007506122467175		0.000951656215383		0.0004211326058821					0.0008202258088271	0.0002099758038745	0.0011866523562808	0.0008602070955138	0.0016573057856806	0.0003299109232058		0.0002060443282441	0.0006223506999511		0.0008724230464058	0.0005955505964153			0.0003356686757668	0.0003055563587249			0.000891797644434	0.001122893823895	0.0018848016403487	0.0018137755392939		0.000184257774646	0.0008768985656974	0.0008986423164446	0.002496811532958	0.0004388245694316	0.0007210806373478	0.000460098263014		0.0009085169059381	0.0005491325552064	0.0008007608358897	0.0021466706907284	0.0011722809738515		0.0007647217761346		0.0009284679782831	0.0005414002080946	0.0016858469022052	0.0007055137793266	0.0010468535882751	0.0003642221560882		0.0004733004112337	0.0016851372385411		0.0008019435816241				0.0002037629960752	0.0005518487461034	0.0007022931047696			0.0007909128574362			0.000540392313334		0.0009193220000408			0.0007471530113499	0.0011891577621628		0.0007174796040216	0.0002894906788925
Blautia producta	Blautia	Lachnospiraceae	Clostridiales	Clostridia	Firmicutes	Bacteria		0.0183068597216811	0.0080058568838914	0.0109072928389964	0.0038364854283394		0.0067186344376916	0.0113880910344994	0.00567821952461	0.0049067869659787		0.0095786769984636	0.0526280442024365	0.0095822718994395	0.0190129464726373	0.0118352219157509	0.0112515293611794		0.0139898316191959	0.0074986997868689	0.009655901792226	0.0118300837878519	0.0109860617231586	0.0076749727048202	0.0106637252053704	0.0123877960991857	0.006260598226169	0.0136902163773027	0.0095017487570018	0.0287333702466854	0.0060723037582426	0.0097529227896587	0.0055294012419918	0.013145391882578	0.0054285877490237	0.0195168181749224	0.013474494349625	0.0100880348980681	0.0111847929685845	0.0096766539706176	0.0092786886827733	0.0225345162718289		0.0092477862973984	0.0166248246277634	0.022960225709513	0.0150403438719157	0.014996745665482	0.0033315599942626	0.0103746209848329	0.0255795640330666	0.0342467785097149	0.0095848589341443	0.009739053763621	0.0110472841776407		0.0259606309061443	0.0175577907922689	0.0078088881728898	0.0064995952080894	0.0172549725841559	0.0073304397972613	0.0103302425215382		0.0095560374808527	0.0079891024965614	0.0179374354717069	0.0134438219140594	0.0096158197278731	0.0039839590276493	0.0050350153106975	0.0100253220507585	0.0180781833276243	0.0100862079340413	0.0155659063921349	0.0093588526393422	0.0101234536915612		0.0059140397652288	0.007118300478261	0.0072986352203771	0.0081250009363797	0.0066555945859651	0.0097584415940301	0.0030217812051326		0.0128743214994896		0.0118112896440954		0.0090599218848463	0.010779058483996	0.0094849118219404		0.0065656550037127	0.0057888214225253
Blautia schinkii	Blautia	Lachnospiraceae	Clostridiales	Clostridia	Firmicutes	Bacteria		0.001312587436908	0.0009272204244527	0.0006175443260796	0.0005448708724619			0.0006974433333023		0.0014437712451353		0.000601530015459		0.0004584403431812	0.0005162767149381	0.0003721175472304			0.001392922496832	0.0004055587934902	0.0025173938107908			0.0012528126715977		0.0010793392628174	0.0001790735965144	0.000369934599545	0.0002142830261462	0.001551682222176	0.0012771722319957		0.0001455249688041	0.0005963028641263		0.0012164014197154	0.0005193577917552	0.0008116600520009	0.0010944040351034	0.0005485976798189	0.0007557907243312	0.0058401029018466		0.0003636403429301	0.0012705381696295	0.000569864066413	0.0008281795627607		0.0004950862515791		0.0008738276717636	0.0003686728676045	0.0004802600727735	0.0008144694531851			0.000906555656954	0.0008169132867044	0.0004860428243207	0.0052428419917469	0.001393595618188		0.0006080843693542	0.0111111111111111	0.0009797858905762	0.001713178962375	0.0011363966618867	0.0010629084617666	0.0002477631267242	0.0009107191360854	0.0003436848369061	0.0012056765938353	0.0018204681784314	0.0007706280688552	0.0014406585110683	0.0010037827902028					0.0019117726604557	0.0013313466633361	0.0020009918174525	0.0002438430389304			0.000684405992054		0.0002067604687145			0.0004423753567968			0.0003589205177562	0.0013333101368979
Blautia sp. N6H1-15	Blautia	Lachnospiraceae	Clostridiales	Clostridia	Firmicutes	Bacteria		0.000710989089986	0.0002308295055781	0.0005649931476378				0.0005852866425842	0.0002524680336702			0.0004801044501022		0.0004250578145373	0.0011428571279612	0.0002395348075805			0.0003353507884025		0.0001973248178201						0.0001665575136648	0.0006486127808133	0.0007824544699839	0.0008815421262966	0.0001639933844432			0.000542606416157		0.0004604236107177	0.0003078979072641	0.0006268216108348	0.0005323964785559	0.0001825952257354	0.0001634692878031	0.0011428572501729			0.0004529339435232	0.0015285646022871	0.0017029638112829				0.0006499948165135	0.0003222798936196	0.000260066296035	0.0002976230312056	0.0006689882790903		0.0006972005901651	0.000421930316951	0.0003959819232724		0.0008429211722729						0.0003822994057695		0.0013216083918139			0.0003038254522818	0.0013345689422994						0.0001636230864514					0.0009536574635748					0.0003013209165106			0.0006708988171771			0.0005663810300921	
Blautia sp. SC05B48	Blautia	Lachnospiraceae	Clostridiales	Clostridia	Firmicutes	Bacteria		0.0120016214114533	0.0048637880715185	0.0046092414337949	0.0021161306284001		0.0025301019793161	0.0058640619639494	0.0018179481506711	0.0048506274986935		0.0060054542559069	0.0136724774648641	0.0070671600235077	0.0080073681663863	0.0056479563602442	0.0047536094892743		0.0111754498280752	0.0036971473454016	0.0048939146824591	0.0125798923681883		0.0037473316673949		0.0048483623662311	0.0022256390780104	0.0068206758698637	0.0042428527609381	0.0126364393139074	0.0052296498094352	0.0044349237401222	0.0014506361567621	0.0076574977467171	0.0035507595168192	0.0068609341081916	0.0064521878850064	0.00765079869035	0.0060891426743701	0.0034408432748567	0.0043246396416796	0.0020912417580685		0.003435379725806	0.0073808926700296	0.0108371896971019	0.0094932668107752		0.0018567349453878	0.0058659284325067	0.0099200449218526	0.0065613057065591	0.0055656091599659	0.0068724050767978	0.0040574366651654		0.0265820283206206	0.0139425226931201	0.004870700418309	0.0082291896160762	0.0102987370886243		0.0031684395756007		0.0070221336735749	0.0048953989326183	0.0127701432232423	0.004509877529795	0.0043054889526098	0.0035950961298833	0.0041323038361395	0.0058978315979502	0.011030771861856	0.0051726927103381	0.0070047653276241	0.0071713328405945	0.0027652079924774		0.0020522807775934	0.0036360626299204	0.0064551531501393	0.0033534569894907	0.0033648192148206	0.0100866824172377			0.0048230230190805		0.0022205169414004			0.0072680742390897	0.0055012482615881		0.0041378918095169	0.0034305495552164
Blautia sp. YL58	Blautia	Lachnospiraceae	Clostridiales	Clostridia	Firmicutes	Bacteria		0.0053220659283023	0.0020074687195031	0.0030111905475722	0.0012497766047829		0.0025937624963624	0.0031925193581303	0.0020530649771714	0.0018254697081957		0.0025126096340628	0.0140167766294236	0.0023946181024374	0.0089116074427176	0.0042564267081872	0.0036388940726455		0.0047876973175837	0.0019285876137221	0.0017173220981796	0.0050391737907719		0.0013072177121896		0.0024371368588825	0.0015231805610261	0.0036805147447975	0.0039966801764175	0.0141287882320953	0.0018738971157322	0.0025153059292038	0.0005925084433936	0.0045569688411836	0.0017491189893012	0.0071317971113431	0.0034609263356154	0.0029447921906424	0.0034450697268146	0.0034416501299367	0.003243976499565			0.0028339596556202	0.006227346879183	0.0099530001010638	0.0065950419779825	0.0094520952376504	0.0011402024296398	0.0038960513717399	0.0076263528513578	0.0087082247567455	0.0022050139864429	0.0027881073458738	0.0036084512870859		0.010433850400131	0.0054186734500367	0.0023512548689159		0.0045787695599235		0.0029614357201915		0.0029809376547098	0.0024867392776953	0.0059825310347403	0.0041132786194176	0.0040734304205689	0.001598739658564	0.0020704202025432	0.002604543072127	0.0067436667599716	0.0033268048478561	0.0055537150869906	0.0024086162485178	0.0023329470154297		0.0014065372318894	0.002592216053123	0.0023381362040601	0.0011653604607264	0.0023984825605827	0.00381010112818			0.0026805267421832		0.0040146283334995			0.0037386956043337	0.0034685687848691		0.0028485822917346	0.0020145896528484
Blautia stercoris	Blautia	Lachnospiraceae	Clostridiales	Clostridia	Firmicutes	Bacteria																																																																																											0.0055865921803123					
Blautia wexlerae	Blautia	Lachnospiraceae	Clostridiales	Clostridia	Firmicutes	Bacteria														0.0011279984589215							0.000593961849017			0.000825083638502							0.000217452018309					0.0006599416316459			0.0002260982949587																		0.000738267617976	0.0007073789365187													0.0003630648573357				0.0006051855147782																0.0055865921787709					
Bradyrhizobium americanum	Bradyrhizobium	Bradyrhizobiaceae	Rhizobiales	Alphaproteobacteria	Proteobacteria	Bacteria											0.0023544446889837																																																																																					
Bradyrhizobium amphicarpaeae	Bradyrhizobium	Bradyrhizobiaceae	Rhizobiales	Alphaproteobacteria	Proteobacteria	Bacteria	0.0111353532243859																																																																																															
Bradyrhizobium betae	Bradyrhizobium	Bradyrhizobiaceae	Rhizobiales	Alphaproteobacteria	Proteobacteria	Bacteria																																																														0.0146365666087818		0.0044359519344778																																
Bradyrhizobium icense	Bradyrhizobium	Bradyrhizobiaceae	Rhizobiales	Alphaproteobacteria	Proteobacteria	Bacteria											0.0138161192253373																																0.0235376746313816																			0.0121242466251639		0.0147811119346529																								0.0106901926488247								
Bradyrhizobium japonicum	Bradyrhizobium	Bradyrhizobiaceae	Rhizobiales	Alphaproteobacteria	Proteobacteria	Bacteria											0.0054125456022783																																																					0.0011170472951753																																
Bradyrhizobium lupini	Bradyrhizobium	Bradyrhizobiaceae	Rhizobiales	Alphaproteobacteria	Proteobacteria	Bacteria	0.0261834394296529																																																																																															
Bradyrhizobium mercantei	Bradyrhizobium	Bradyrhizobiaceae	Rhizobiales	Alphaproteobacteria	Proteobacteria	Bacteria	0.0788135278607061					0.0491117691571391					0.119963349741031																																0.0277978846340607																			0.0051255312743468		0.0019669757451272																								0.0797353392660688								
Bradyrhizobium pachyrhizi	Bradyrhizobium	Bradyrhizobiaceae	Rhizobiales	Alphaproteobacteria	Proteobacteria	Bacteria											0.0353536834264865																																																			0.0193332400332774		0.0450577301037211																						0.0343042071197411										
Bradyrhizobium paxllaeri	Bradyrhizobium	Bradyrhizobiaceae	Rhizobiales	Alphaproteobacteria	Proteobacteria	Bacteria											0.0138161192253373																																0.0235376746313816																			0.0121242466251639		0.0147811119346529																								0.0106901926488247								
Bradyrhizobium sp. KBS0725	Bradyrhizobium	Bradyrhizobiaceae	Rhizobiales	Alphaproteobacteria	Proteobacteria	Bacteria																																																																0.0035021032090881																																
Bradyrhizobium sp. KBS0727	Bradyrhizobium	Bradyrhizobiaceae	Rhizobiales	Alphaproteobacteria	Proteobacteria	Bacteria																																																																0.0035021032090881														0.0238095238095238																		
Bradyrhizobium viridifuturi	Bradyrhizobium	Bradyrhizobiaceae	Rhizobiales	Alphaproteobacteria	Proteobacteria	Bacteria	0.0788135278607061					0.0491117691571391					0.119963349741031																																0.0277978846340607																			0.0051255312743475		0.0019669757451272																								0.0797353392660688								
Bremerella volcania	Bremerella	Planctomycetaceae	Planctomycetales	Planctomycetia	Planctomycetes	Bacteria																																																0.0083333333333333	0.0001775642251194																													0.0238095238095238																		
Breznakibacter xylanolyticus	Breznakibacter	Marinilabiliaceae	Marinilabiliales	Bacteroidia	Bacteroidetes	Bacteria																													0.0002438516477861																																																																			
Butyricicoccus faecihominis	Butyricicoccus	Clostridiaceae	Clostridiales	Clostridia	Firmicutes	Bacteria									0.0003288718611601									0.015625																																																																		0.0002905764574612					0.0002116025438405							
Butyricicoccus pullicaecorum	Butyricicoccus	Clostridiaceae	Clostridiales	Clostridia	Firmicutes	Bacteria		0.0041399873234016	0.0027146453583559	0.0021983392239797	0.0022729896276687		0.003409876926737	0.0020222604009054	0.0123905862207439	0.001613497252327		0.0028408598846831		0.0023972952417046	0.003589489154597	0.0064466960522771	0.0062638396659096		0.0025213642217549	0.0038234913397702	0.0007722987313789		0.0115369251029824	0.0003045638386108		0.0015807586352247	0.0043223787296361	0.0017540379761081	0.0034654345810273	0.0043018465808558	0.0005036970087768	0.0049492104304912	0.004413493832615	0.0047270081290279	0.0049164061097399	0.0015686230161767	0.0025054359092952	0.0030762060039035	0.0022726252209361	0.0017852571943838	0.00145292084692	0.0034285649547037		0.0079502305331371	0.0014415359136806	0.0042435694097786	0.0037125175432281		0.0009319846568967	0.0031561890101449	0.0075955086808017	0.0043090953647922	0.002049628088989	0.0018411358446381	0.0045316513978316		0.0055272690267147	0.0034704495350722	0.0028974307269466		0.0018679256266537		0.00418874154526		0.0021740323358033	0.0043558346333813	0.0024557263213294	0.0063382656798119	0.0033105660865755	0.0036426504687257	0.0021991207759483	0.0070094160089696	0.0010399368040091	0.0025767502653894	0.0006431149483296	0.0034488889004913	0.0051148615340007		0.0079298700577768	0.0058092609371554	0.0030481069221567	0.0073345111575311	0.0077971292166241	0.0101273036527268	0.0014970223683011		0.0016307077857884		0.0129095912381123		0.0055913952260768	0.0044861471668663	0.0052960731428026		0.0022367660528206	0.0031199946506417
Butyricimonas synergistica	Butyricimonas	Odoribacteraceae	Bacteroidales	Bacteroidia	Bacteroidetes	Bacteria																																																												0.002127659574468																																				
Butyrivibrio crossotus	Butyrivibrio	Lachnospiraceae	Clostridiales	Clostridia	Firmicutes	Bacteria		0.0032428662672517	0.0018269609397807	0.0012909844767293	0.000380932109241		0.0042556721529363	0.0015008068383845	0.0011810457397675	0.0011588717376103		0.0019599664010609		0.0017118047575026	0.0040870780609402	0.0038576031318465	0.0039594333172311		0.0024758568060161	0.003803224760851	0.0008376079270257	0.0048404170755956		0.0006912030594564		0.000942243999976	0.0025799080672094	0.0035355665829928	0.004057939534804	0.0049986915699553	0.0015772210853908	0.0041251950358329	0.0032215480786856	0.0049559991101812	0.0031168642209426	0.0028378131587556	0.00487965804823	0.0016275656214357	0.0023943135695241	0.0063142977888366	0.0028051412595383	0.004552970292729		0.002502483712418	0.0035835149900512	0.0034170912690674	0.0025296840602894		0.0011168762295982	0.0069376896181472	0.002038019982179	0.0027541733767994	0.003108472445298	0.0026446356233264	0.0143106749480057		0.004145019453735	0.0026540000702153	0.003048534336337	0.0042106406448619	0.0035481619017597		0.0028352559741509		0.0014397609001744	0.0007534503818362	0.0029158958888374	0.0067103372168273	0.0028517753970513	0.0006911931636115	0.0039568778126066	0.0020783570392391	0.0018323209694201	0.0020397357408571	0.001868130796555	0.0040434142407582	0.0030316255890981		0.0016569584729404	0.0037107293608171	0.000979388793113	0.0021297170672832		0.0018378005241743			0.0013807282618375		0.002420865139832			0.003046107209136	0.0016802689436544		0.0037808158788833	0.0023910195063405
Butyrivibrio fibrisolvens	Butyrivibrio	Lachnospiraceae	Clostridiales	Clostridia	Firmicutes	Bacteria																					0.0003912909763989															0.000648547295106					0.0002046799437175																																																							
Butyrivibrio hungatei	Butyrivibrio	Lachnospiraceae	Clostridiales	Clostridia	Firmicutes	Bacteria																																				0.000442128810357					0.0002017590419269																		0.0002241982237787																																					
Butyrivibrio proteoclasticus	Butyrivibrio	Lachnospiraceae	Clostridiales	Clostridia	Firmicutes	Bacteria																																									0.0003114311313993																		0.0001842716484777																																					
Caldicoprobacter faecalis	Caldicoprobacter	Caldicoprobacteraceae	Clostridiales	Clostridia	Firmicutes	Bacteria					0.0003379687485201		0.0005370330074118	0.0003427824798887	0.0003773427554885					0.0002907250516528		0.0004887338308381			0.0003306823942113	0.0005134520066201							0.0007956837207217	0.0003258198528355	0.00024993234918				0.0004364362276724		0.0006140191515371		0.0003982737621543							0.0005090996169448		0.000300638670481		0.0083333333333333	0.0003777477790231			0.0002152610476394	0.0003812186320307	0.000353447654322					0.0003537463866285	0.0042553191489361	0.0002649845438223					0.000607946223369	0.0003781821178575	0.0006102424190587	0.0004344767082489	0.0003648669770106		0.0005184401465728	0.000682782635508						0.0003667420912082	0.000635446316279		0.0014936618092737		0.0005008873375636					0.0005199287865123			0.0001811151792559				0.0006788955746404
Caloramator australicus	Caloramator	Clostridiaceae	Clostridiales	Clostridia	Firmicutes	Bacteria																																																																															0.0001997753048225													0.000221177236776				
Caloramator indicus	Caloramator	Clostridiaceae	Clostridiales	Clostridia	Firmicutes	Bacteria																																																																																														0.0166666666666666		
Calothrix sp. 336/3	Calothrix	Calotrichaceae	Nostocales		Cyanobacteria	Bacteria											0.0038940562217112																																																																																					
Campylobacter lanienae	Campylobacter	Campylobacteraceae	Campylobacterales	Epsilonproteobacteria	Proteobacteria	Bacteria				0.0006798245614035			0.0011183220045657		0.0003482427669977																			0.0002148689299527					0.0007798121158583																		0.0001627461535572	0.0003459040466243							0.0002200392927308											0.0007495340734138		0.0006057791329281																								
Candidatus Babela massiliensis	Candidatus Babela	Candidatus Babeliaceae	Candidatus Babeliales	Candidatus Babeliae		Bacteria						0.0338215502525493																																					0.030050083472454																			0.0052096254031257																								0.0142394822006472										
Candidatus Nucleicultrix amoebiphila	Candidatus Nucleicultrix	Caedimonadaceae	Holosporales	Alphaproteobacteria	Proteobacteria	Bacteria	0.0117328519855595					0.0297906602254428																																					0.011686143572621																			0.0044653932026792																																		
Candidatus Paracaedibacter acanthamoebae	Candidatus Paracaedibacter	Candidatus Paracaedibacteraceae	Holosporales	Alphaproteobacteria	Proteobacteria	Bacteria		0.0001492112152575	0.000316348435205	0.0003130328701688	0.0011744885792399	0.0136876006441223		0.0005170114539678				0.0003002955603712		0.0004163197335553												0.0009806957778465	0.0002173220236651	0.000716229756614	0.0002074861027982				0.000138328240339				0.0005789594870266							0.0006233354141909		0.000215222070045						0.0003126645602948	0.000346158687534	0.0001638061213202	0.0004008589835361				0.000172888015717		0.0003626422739518				0.0004328067517985	0.0006084102099722	0.0005075222049929						0.0003414134516899							0.0004470091027308								0.0186170212765957								
Caproiciproducens galactitolivorans	Caproiciproducens	Ruminococcaceae	Clostridiales	Clostridia	Firmicutes	Bacteria				0.0008527539388152	0.000807145548363		0.0004214818574947	0.0003361096919071	0.0005647229963063	0.0015229761708641		0.000298463000353			0.0003619846780162	0.0002575510608352				0.0004299758718162	0.0003048088012854					0.0009227010531474	0.0008903381119817	0.0005420127605083	0.0004224771499311			0.0012686929028913	0.0005674151763192		0.0005882854216805		0.0001834873146058			0.0004036395572839	0.0003094667070873			0.0005102724258242					0.0009058305319251		0.0002824423947506	0.0002452057435054	0.0002673463220398	0.000339352872605	0.0005418715505448				0.0003534552359648						0.0007016790180584	0.0011860103691548	0.0003530667841214	0.0007245539823734	0.0004695492367856	0.0009595821966959	0.0003689947559201	0.000600396626259							0.000525459981605	0.000842824241151	0.0011304403126652	0.0010088858034024	0.0009045586360649	0.0007988008565181	0.0044691497992387	0.0129704416063169			0.0007601840155826			0.0002794240697948			0.0003222322396005	0.0007822610411233
Caproiciproducens sp. NJN-50	Caproiciproducens	Ruminococcaceae	Clostridiales	Clostridia	Firmicutes	Bacteria		0.0007293760476443	0.0006518395477139	0.0043582332453263	0.003347844749919		0.0058841430189908	0.0020574791944611	0.0054784764073437	0.0050973700417309		0.001587627088916	0.0064232300153761	0.0008608162955975	0.0028912306536105	0.0040941877294301	0.0054297630138547	0.0312517573378928	0.0029683488676797	0.0040028946842296	0.0018450255706544	0.0062635230256968		0.0011838642677451		0.0040945341888933	0.0039129796864002	0.0039048537872749	0.0040372151033983	0.0011043121434732	0.0007481120904918	0.0042598083523954	0.0028851937453495	0.0010645798103529	0.0069848223647652	0.0027127157548938	0.0029418405965528	0.0007734352473007	0.0008042037167317	0.0040037041547049	0.007998719267361	0.0059873360233421		0.0037773310626595	0.0010058139678032	0.0027477954903325	0.0028849873769689		0.0052228446202291	0.0027373318111927	0.0043139207287789	0.0044186085751647	0.0034792015128292	0.0033654427993735	0.0077660396584095		0.0012175323666295	0.0007091514440135	0.0035227528178439	0.0068362601033512	0.0031483634182718		0.0036291274963576	0.0021785457639649	0.0042144392814213	0.0074687399209085	0.004944235050703	0.0079296637073819	0.0043024485602156	0.0039120783865978	0.0043412770048809	0.0041427159732005	0.0013316551038896		0.0018837113655252	0.0009692493001318	0.0054023663490026		0.0043577784644737	0.0092153156694439	0.0037439384298179	0.0030490955434608	0.0051466292224472	0.0104329473399782	0.0024649935388198		0.0025050751993901		0.0065673980056546			0.0054133946919454	0.0114297605884056	0.0166666666666666	0.004999092347222	0.0047054084619248
Casaltella massiliensis	Casaltella	Clostridiales Family XIII. Incertae Sedis	Clostridiales	Clostridia	Firmicutes	Bacteria				0.0017240350658432	0.0004303395287301		0.0023767073543983		0.0013455475262225	0.0009132551607126				0.000314471857473	0.0006292625113566	0.0007866156502213	0.001631909308939		0.0003707306304917	0.0009413933706916						0.0011808016837136	0.001104398279922	0.001589508859971	0.0012551399020846			0.0008803898725141	0.0014792053540593		0.0016232934202751		0.0005379226291354				0.0003170058190071			0.0021276161684615		0.000505135315789			0.0009544835742335	0.001659335088163	0.0003837279028644	0.0031917841207285	0.0015012425389831	0.0008235187040991	0.0011463170752608				0.0002787592087642		0.0005354763491705		0.0008617310609968			0.0008255576883132	0.0006419571502208	0.0013891161603837	0.0017056069333624	0.0008591389573292		0.0009866270420028	0.0013146754617971				0.0013134991565837		0.0022441048671957	0.0030084931810384	0.0010363298124432	0.0019188245619413	0.0009502328311919	0.0017547275326673	0.0029940119758989		0.0005164546080245		0.0021117307497422		0.0055865921787709	0.0013552867020616	0.0028372240838395		0.0004582657061085	0.0006281050075323
Catabacter hongkongensis	Catabacter	Catabacteriaceae	Clostridiales	Clostridia	Firmicutes	Bacteria		0.0003019402627582	0.000332425312628	0.0010863825772618	0.0009347166460343		0.0011340432160841	0.000527451897375	0.0007218784544897	0.0024423486916026		0.0003866097943388		0.0003014816258724	0.0003163786995786	0.0005865136958114	0.0012714884492775		0.0004532432422874	0.0009100327896399						0.0015007185066445	0.0014449034749054	0.0007581326657931	0.0008084887963155		0.000297401814313	0.0017494587563745	0.0012502653972943	0.0003375367075681	0.0009817059134376		0.0008447412758341		0.0002513640060662		0.0003581805838024	0.0041899296847424		0.0014743703700134	0.0003101660482951	0.0008111714161611	0.0008664496553443		0.0007739805174017	0.0007607548002423	0.0004890516972822	0.00100194671092	0.0006094229220562	0.0005452989212199	0.0004865124453172				0.0007867530068581		0.000729236945668		0.0006799148399037	0.0022222222222258	0.0005809288758535	0.0013003883422362	0.0006850991324563	0.0012430152731701	0.0005520647910248	0.0013656786215181	0.0004340136887129	0.0010923337916529	0.0008100615994279						0.0008622790413292	0.0008042733577801	0.0016333308553429	0.0019922884321158	0.0010305102409702	0.0003257681231798		0.0069711089002511	0.0007101081415126		0.0013547781149786			0.0003064353736371			0.0004595874979638	0.0008536085645845
Cellulosilyticum lentocellum	Cellulosilyticum	Lachnospiraceae	Clostridiales	Clostridia	Firmicutes	Bacteria							0.0010875260220962	0.0002069882001722	0.0005375126494179	0.0022865394159306				0.0007999728610364	0.0002796674210847	0.0003712653975901				0.0004961348111884									0.0023192956649289		0.0015963716815658		0.0108203112492333	0.0018469426761425	0.0007507467544151		0.004042709578267			0.0004835465010474	0.0005192320011861			0.0025838415735599		0.0004387440125236			0.0053007763644954	0.0008797598604043	0.0002369592881595		0.0023038156818694	0.0013144704280853					0.0009545773183497		0.0008465899091319					0.0014420364976488	0.0003844537794351		0.0001798214515787	0.0015793880514291	0.0007153643125606	0.0005918720301044	0.0017945380006725			0.0005624329584978			0.0007872793680993	0.0005114971781492	0.0015711447288931				0.0029940119760704		0.0016552127000537		0.0007709937158755			0.0007770984626615			0.0005874018834989	0.0060744310973242
Cellulosilyticum ruminicola	Cellulosilyticum	Lachnospiraceae	Clostridiales	Clostridia	Firmicutes	Bacteria	0.0171480144404332		0.0007682793496222	0.0005921053008178			0.0023889898465486	0.0008303127315669	0.000769215343428	0.0020215634527185		0.0007225143984643		0.0008245987475512	0.0004270951943133	0.0009115106661153	0.0008868088533908			0.0003698183502999									0.004056781961152		0.0017682483718329	0.0025236659374134	0.0056107690524333	0.0076869814393499	0.0016842991173365	0.0015401651575684	0.0055524757507925	0.0007101648352966		0.0021570302413814	0.0010844373482318			0.0029995362856433	0.0012652444368546	0.0002573860251747			0.0041088423331381	0.0065713402435529	0.0006665273617317		0.0020401005043861	0.0014564254016514					0.0011112785877296		0.000575226937035		0.0017346791301447			0.0010411212834752	0.000255121141453		0.0004587901481754	0.0011516620927165	0.0057383854429643	0.0003564415257969	0.0012302214645081		0.0003305444276691	0.0036023092134417	0.0020242914863675		0.0011343859421348	0.0002670658951722	0.0010454108568235			0.0001659258697477		0.0064724919093851	0.0029356440143547		0.0008630223301757			0.0008991806707309		0.0166666666666666	0.001127981621001	0.0047741950589149
Cellulosilyticum sp. WCF-2	Cellulosilyticum	Lachnospiraceae	Clostridiales	Clostridia	Firmicutes	Bacteria							0.0008507046917421	0.0002971017703724	0.0004485463287083	0.0009401075325854					0.0002180675236736	0.0002645551876125												0.0004918530830301	0.0018573701770014		0.001012277939646		0.0057865597653971	0.0031929257749885	0.0009573732606942		0.003915058242409		0.0004124563521123	0.0004247689548886	0.0003367236218979			0.0016360987874677	0.0002598746585029	0.0005573100909891			0.0033030980359685	0.0028530058369524	0.0002057960731902		0.0014321747360833	0.0007139275077444					0.0007247738439402	0.0038152822935974	0.0004332117399894	0.0066980898040188	0.0005746006511387			0.0007651097916133			0.0002719071129091	0.0013131156731553	0.0015751879261742	0.0003842786103054	0.0010099706691207			0.0010900134275818			0.0004760896513532	0.0002539796627943	0.0010175119155423			0.0002103181358445			0.0025008603081154		0.0005949692335559			0.0006239686683342			0.0005242086055009	0.0040240537743329
Chishuiella changwenlii	Chishuiella	Weeksellaceae	Flavobacteriales	Flavobacteriia	Bacteroidetes	Bacteria			0.0005257026947848																																																																																													
Christensenella massiliensis	Christensenella	Christensenellaceae	Clostridiales	Clostridia	Firmicutes	Bacteria		0.0011899076546689	0.0011855269625936	0.0042513322001302	0.0027098045304379		0.0039022341231303	0.0014892964095455	0.0046346723775678	0.0063995213836889		0.001541016097061	0.0096308296450123	0.000977224549903	0.0013524874878374	0.0028504492523667	0.0037857203118693	0.015625	0.0021727002444544	0.0039230973004881	0.0004739916008931	0.0071891992643721				0.002605267982514	0.0086070964709648	0.0030674758995031	0.0025143151079493	0.0004873175231077	0.0004628868466176	0.003828315392536	0.0057669548101877	0.0008435928307879	0.0045537498270466		0.0028812363330864	0.0009567521074223	0.0008565786043771	0.0011468044811649	0.0010542416146386	0.0075558903450517	0.0228444402753621	0.008614714885436	0.0008168532755372	0.0019420984478412	0.0021048931084426		0.003954342070216	0.0028236842737308	0.0012170363312419	0.0044849239258292	0.0017184528121969	0.0012789466143857	0.0022900741097266		0.000596224184066	0.0002945606045355	0.0017112626799582		0.0016735225457354	0.0105118978310412	0.0028264946770689	0.0084424163415482	0.0014217737810852	0.0037579360560564	0.0028333395596665	0.0063835337482236	0.0035816699602246	0.0057993862317884	0.0009340043894519	0.0054011141224532	0.0016494740052188	0.0018029779684509	0.000610118959974	0.0008344321693201	0.002640124964963		0.0048753669486728	0.0054886566369871	0.0029515906637015	0.0152905062841296	0.0031450043649993	0.0026803937695858	0.0086714825018482	0.0229453273589165	0.0015356742796618		0.0056987890353714			0.002175572577927	0.0031724111009875		0.0020460787592118	0.0025227235286677
Christensenella minuta	Christensenella	Christensenellaceae	Clostridiales	Clostridia	Firmicutes	Bacteria		0.0002744345269252	0.0005783109156032	0.0022094737971741	0.0010937233351892		0.0027454111077417	0.0005101412882185	0.002310969195339	0.002190310220987		0.0004895508577933		0.0004053427065522	0.0007876244359062	0.0016757595438402	0.0014099236686344		0.0005707926098076	0.0008779149575077						0.0011278271052313	0.0031005556498684	0.0021228558086899	0.0014350410428485	0.0004198678594712		0.0017399389571898	0.0036774473729953	0.0003916185831242	0.0036002514223097		0.0010969756014613		0.0002973035283157	0.0004630413123513	0.0003507209355753	0.0030892074070872		0.0047946546738946	0.000360921644746	0.0009891542139288	0.0014517992254857	0.0166666665359938	0.0014808656055375	0.0012282448804555	0.0004705226043261	0.0017947289332558	0.0007511163383333	0.0005977718601785	0.0008371007127746			0.0002517646694936	0.0007239628613357		0.0006783680944036		0.0013249782687478	0.0019090348752482	0.0005580402781544	0.0010942063227867	0.0011763881280146	0.0026149937837505	0.0010433341544394	0.0020806622190731	0.0004429587610893	0.0026267722852079	0.000945185039711				0.0029958453318087		0.0021780888993257	0.0028792516576383	0.0016657452380702	0.0051248496197006	0.0011935964591691	0.0009411118343753	0.0064448698896266	0.0161088070906801	0.0005610231199467		0.0037037332581878			0.0006891462114596		0.0166666666666666	0.000777456469054	0.0008981564202247
Christensenella sp. Marseille-P3954	Christensenella	Christensenellaceae	Clostridiales	Clostridia	Firmicutes	Bacteria		0.0069706532529569	0.0079472644112384	0.0154790969978731	0.0122909904733574		0.0200962833042343	0.0146337651960433	0.0191571779266943	0.0274452103718028		0.0158572686370769	0.0149809535756517	0.0067318910239815	0.0080319302784574	0.011328606242598	0.0199163956664679	0.015625	0.0146597532466525	0.0158930229735968	0.0046418910357368	0.0134481390744446	0.0106114199090449	0.0037301436030178	0.0065100481177469	0.0086689248217127	0.0241241745856613	0.0112504981562292	0.010650781851035	0.0037474084166171	0.0051308776207875	0.0197519342410474	0.0144305797164134	0.0088313717305394	0.0208382667951485	0.0019696459659515	0.0150547981448318	0.005107781764407	0.0044450186022001	0.0060332635686899	0.0093402724763078	0.0160220448209692	0.0481071457012655	0.0192667647458602	0.0079354383261741	0.0212695176666962	0.0147265182116198	0.025	0.0114159077402942	0.0175609467630932	0.005997728059185	0.0159439614496283	0.0106220959102845	0.009726712776099	0.0097902593288264		0.0061377932303077	0.0040373445616753	0.0100836362882036	0.0085106382978722	0.0124600067693614	0.0271958669915802	0.015158190188626	0.0229818821165331	0.0098771851735943	0.0149377645421765	0.0194104795690721	0.0232045648353385	0.0114571179047628	0.019940833207047	0.0067002570277887	0.0175455504882843	0.0150347830250936	0.008431289420792	0.0035356349437423	0.0086185527053609	0.0157616037047421		0.0163534869951839	0.0174692227940639	0.0114012390788859	0.0247153334264991	0.0192508650666151	0.023016598365882	0.0208117913211001	0.0559840083052919	0.0125023380845797		0.0192525688043345		0.0111731843575419	0.0189344670947438	0.0165347179055994	0.0166666666666666	0.0101975547931308	0.0117846919035872
Christensenella timonensis	Christensenella	Christensenellaceae	Clostridiales	Clostridia	Firmicutes	Bacteria				0.0005851560027433			0.0005966494411661		0.0005841373381583			0.0002102847392885			0.0002174002769071	0.0005604942202078			0.0002395733770422	0.0004264265674377						0.0006805103351626	0.0005191891020392	0.0004602515000181	0.0002767609037377				0.0010127669358011		0.0008271220652305		0.0002299259655543		0.0001891868903743		0.0001783182736269			0.0006989311807137		0.0003056081647129			0.000407392437898		0.0001532443047814	0.0004644820528298	0.000171585361901	0.0001661445723283							0.0001584318925583					0.0003807398378155	0.0001976461951303	0.0009463148002516	0.0004152978720282	0.0006069888912412		0.0006334591697127							0.0006729148302403	0.0008009867730612		0.0011806454483706		0.0003138318304046					0.0008892563936048			0.0004464124374161				0.0001947929813346
Chthonomonas calidirosea	Chthonomonas	Chthonomonadaceae	Chthonomonadales	Chthonomonadetes	Armatimonadetes	Bacteria																													0.0002295665926377											0.0005254988919856						0.0005087013517941																																																		
Clostridiales bacterium			Clostridiales	Clostridia	Firmicutes	Bacteria		0.000413637111697	0.0009218136319058	0.0053652251041849	0.0022215750352211		0.0049337500660277	0.0007745425882597	0.0047166654904421	0.0051505860256637		0.0010105911021845		0.0007868453184422	0.0023928752100275	0.0024773440100822	0.0057540014979185		0.0006201833511219	0.0044277959399769	0.0004381662689965			0.00038388931258		0.0026328332650903	0.0037036449565076	0.0051230629813998	0.0042560155267104	0.000948359446103	0.0004902935590321	0.0020979563385863	0.003483652294126	0.0005034323223192	0.0042131049742288		0.0017650596072904	0.0004065057961263	0.0004489662485132	0.00149679026776	0.0011266141450593			0.0057563462964942	0.0013825344837997	0.0035274109677867	0.003058614136464		0.005415378444237	0.0007468812719567	0.0025907652915839	0.0044773812634391	0.0044485457886244	0.0020082213539033	0.006504962286497		0.0011242430592867	0.0008641746716274	0.001619087641449	0.0031914393573921	0.0015243964186205		0.0029661077856482	0.0061111105845463	0.0023198722759523	0.0055568559340323	0.002804940809487	0.0030307139647466	0.0039314677522278	0.0047015043467967	0.0022725458936562	0.0032456558846807	0.0007761372570873	0.0013562466488358	0.0007408874161899		0.0030960347527251		0.0062523116616289	0.007355935833566		0.0051035135910854	0.0048429673220332	0.0033375708907971	0.00224422858066		0.0005823228336929		0.0050063518026147		0.0083954824344537	0.0045520419234049	0.0068683208984147		0.0011562282754594	0.0052534279835661
Clostridiales bacterium CCNA10			Clostridiales	Clostridia	Firmicutes	Bacteria		0.0011605068756878	0.0006357022222985	0.0026263965624145	0.0017944046202832		0.0029737987129282	0.0005399112153113	0.0041774295502522	0.0033416500825585		0.0011481511302403		0.0008931834320481	0.0024097017610474	0.0022014692128019	0.0026669311013289		0.0020408033782344	0.0021947532096166	0.0004858218743377					0.0011569386521061	0.0018092325704697	0.0034471996616238	0.0024330583236176	0.0018533585035409	0.0003845409248757	0.0028230454770836	0.0023480595759177	0.00120560141461	0.0027962782159827	0.0003188664819335	0.0020398892080811		0.000176201337923	0.0012225591104611	0.0011950878690731			0.0032556428395208	0.0011174941490221	0.0029030499747371	0.0024118358985541		0.0029175457568713	0.003170483979595	0.0016799118763254	0.0039166741690056	0.0027438363317181	0.0018500672228759	0.0034142603780033		0.0019792124575079	0.00117962181877	0.0029791870176346		0.0021733892416468		0.0021597642614123		0.0017322113877204	0.0037294692733628	0.0022277307739506	0.002449293989163	0.0027465242383766	0.0035891213392263	0.001022661114408	0.0027330858185997	0.0015463895918771	0.0009649503410062	0.0005753443307676	0.0009273732969073	0.0023295631905677		0.0050157551723478	0.0040912606753426	0.0036457379366697	0.0030095018939032	0.0029627443244974	0.004323213966938			0.000995334429344		0.0042411523707781		0.007029584786713	0.0050035101933162	0.0062884125877429		0.0029061008571454	0.0041499652252142
Clostridioides difficile	Clostridioides	Peptostreptococcaceae	Clostridiales	Clostridia	Firmicutes	Bacteria		0.0030368066217372	0.0032148173640199	0.0024526263118521	0.0054914797176554		0.0040925728906882	0.0021561133092335	0.0082988673346827	0.0086032090908032		0.0021036736756316		0.0057629655755369	0.0026966202218888	0.006944775740561	0.0049130558332		0.003891464040191	0.005115278091507	0.0035764102533558	0.0097669267619102		0.0027013369034407		0.0033582955167134	0.0037145563268662	0.0044683130780147	0.0034431962035978	0.002347200186479	0.0025698562120321	0.0057338314246462	0.0046383753259595	0.0047794106724771	0.0081221659170721	0.0023348902266775	0.0025263574377346	0.002084660907717	0.0025607690056786	0.0030644329268005	0.0039764096033796	0.0061660505332861		0.0073964480585395	0.0039596983091145	0.0019840511489713	0.0021574376312286	0.018286422108336	0.009651670141431	0.0041965055645107	0.0073326922997722	0.0027586293634732	0.010510993457863	0.0126544473436612	0.0038444941689888		0.0027662469253653	0.0021520003407607	0.0114672864859777	0.0021325668840908	0.005446399342809		0.0046645748289877		0.005907289911592	0.0077096458707748	0.0072637376844157	0.0038297410751601	0.0046152516810873	0.0064938879648157	0.0061007451228442	0.0061511787651184	0.0070449003622587	0.0035033599368231	0.0034983647300632	0.0042362736144453	0.0056204260742435		0.0075912234973787	0.0067807250024732	0.0112091698634261	0.0087279753056501	0.0075531625436548	0.0102436417240526	0.0044257061538874		0.0034110542443167		0.0047619646511265			0.0111154425735844	0.0115419466600847		0.0102859287946345	0.0082467078182793
Clostridioides mangenotii	Clostridioides	Peptostreptococcaceae	Clostridiales	Clostridia	Firmicutes	Bacteria									0.0001950191011627																																												0.0001344657623879	0.0001571554664081					0.000192836002929																				0.0001344271404725					0.0002392900434621								0.0001471742304096				
Clostridium aurantibutyricum	Clostridium	Clostridiaceae	Clostridiales	Clostridia	Firmicutes	Bacteria																											0.0001897756845032																			0.000363685484204																																																		
Clostridium baratii	Clostridium	Clostridiaceae	Clostridiales	Clostridia	Firmicutes	Bacteria																	0.000932980917918																													0.000366404881543																										0.0002508166028541																								
Clostridium beijerinckii	Clostridium	Clostridiaceae	Clostridiales	Clostridia	Firmicutes	Bacteria			0.0002861804174343	0.0008951561010941	0.000624859755345			0.0003363422418948	0.001563131945668					0.0003151453358472		0.0003601267946157	0.0025924757110375		0.000663342208039		0.0001966371020266						0.0010255091988804	0.0002197160688725	0.0002820897985771				0.0006370799173325		0.0008244208707923		0.0003889621139092				0.000403757481032			0.0008972106065363	0.0007183176133434	0.0030187147438266	0.0023721232623759		0.0002982730042078				0.0003095676176133	0.0003720577306486			0.0006953583103518	0.0003636239730755	0.0003639521023097		0.0004321888574867		0.0004884999633996			0.0006942629038272	0.0003135890441656	0.0007174705224379		0.0002752621278981		0.0011488287746263	0.0017721574444491						0.0003605272293216		0.0016549519961859	0.0027000629067488	0.0012669191196222		0.0029939726104718				0.0002050630870882			0.0003237488661065			0.000577582387332	0.0005896434131076
Clostridium bornimense	Clostridium	Clostridiaceae	Clostridiales	Clostridia	Firmicutes	Bacteria																				0.0005127228237071													0.000200027809879																									0.0004186293589495																																						
Clostridium botulinum	Clostridium	Clostridiaceae	Clostridiales	Clostridia	Firmicutes	Bacteria									0.0005170940015762																		0.0002462274174516																			0.000381763469898																				0.0003580409567048													0.0002904300046334																	
Clostridium butyricum	Clostridium	Clostridiaceae	Clostridiales	Clostridia	Firmicutes	Bacteria		0.0002377712490833	0.0005142793728017	0.0017910693640984	0.0021342640811786		0.0004167403987512	0.0003225149801357	0.0017835461694745					0.0008699049067352		0.0010403272594701	0.0030200977602039		0.001900297423068	0.0009981974613139	0.0004546768606498			0.0006325140107003		0.0015566696929977	0.0015032742051911	0.000472619173434	0.0003074220616358	0.00055462245175			0.0010431195059099		0.0010090937122949	0.0003074848622618	0.0002478375102765			0.0004055410254213	0.0002742699350785	0.0026911854212901		0.0020437822196257	0.0013082667483909	0.0037440390522632	0.0040426815937818		0.0006123880511624				0.0005058685469227	0.0005217204175466			0.0010017123967168	0.0004494689459427	0.0005057674457855		0.0005333330419361		0.0006142158570121			0.0018192163076554	0.0004929489489041	0.0014005017232532	0.0003401471083812	0.0002542971668602	0.0005430909416018	0.0014980631618031	0.0016204651809459		0.0004411966260927				0.0008062898874619		0.0009986781990667	0.0027951700712031	0.0031275824917269		0.0044566121096669				0.0002778244175363			0.0005213249737479			0.000798361282789	0.0014284902612243
Clostridium chartatabidum	Clostridium	Clostridiaceae	Clostridiales	Clostridia	Firmicutes	Bacteria		0.0006957960286014	0.0004582948333209	0.0006751732800824	0.0003120375782017		0.0013867645469756	0.0006004759331477	0.000351854123492					0.0009147092512141	0.0002828919910172	0.0004584628276601	0.0018258357497553		0.0002933887060254	0.000901827420871	0.0002032484959127						0.0006285660437406	0.0003197722376849			0.0002020362691625		0.0008511415156596		0.0016279031585847	0.0007413106614085			0.0002551955107554	0.0004195557146089		0.0045627205018663		0.0004215191181846	0.0013194972125126	0.0019789552941092	0.002291952346709		0.0001984341710048				0.0002939335346614				0.0010882117420879	0.0012411319412892	0.0005141863138934		0.0004514811279681		0.001103552498878				0.0002024779514316	0.0003863992586088	0.0001630224433597		0.0012749152679732	0.0023624898617091			0.0003686529184686																				0.0003685510942434	
Clostridium chauvoei	Clostridium	Clostridiaceae	Clostridiales	Clostridia	Firmicutes	Bacteria					0.0014458467906961				0.0093026057236127							0.0003031788699453											0.0002675683118373								0.0005006805256185									0.0005633875623527	0.0002204260050248	0.0005869294625414			0.0001750858043128				0.0003116110512191	0.0002195355998923					0.0003307960662056							0.0015694048492517	0.0002552181976545			0.0002878981760245									0.0015363026082864				0.0027945301269705						0.0003014095252151			0.0003578881354417				0.0008683441268469
Clostridium disporicum	Clostridium	Clostridiaceae	Clostridiales	Clostridia	Firmicutes	Bacteria					0.0016510406099536				0.000848933585923												0.0002091580110549																							0.000388171911433					0.0001898448816869				0.0003622665195254	0.0002143862117862					0.0002913670645292							0.0013612742573927													0.0004359359701814				0.0018742004342972		0.0020807661969536							0.0003039776338254				0.0007265866699243
Clostridium gasigenes	Clostridium	Clostridiaceae	Clostridiales	Clostridia	Firmicutes	Bacteria									0.0002511619011305																																																																																							
Clostridium isatidis	Clostridium	Clostridiaceae	Clostridiales	Clostridia	Firmicutes	Bacteria		0.0003043839104553	0.0003337388704783		0.0041342027649837		0.0004111417610737		0.0083560419702293	0.0013100890385888						0.0009323031512467			0.0003260166214431		0.000417260742781							0.0002500077673164					0.0004742177581579	0.0003629849407558	0.0015750808424666					0.0003005764203777		0.0011451528816734		0.0009802222409272	0.0004396831666169				0.0004566725859052				0.0008163675674097	0.0003848974625346					0.0008459876891339		0.0003045361589326		0.0008438090557193			0.0037356409583968	0.0003975131965765		0.0003516044375447			0.0002850073486308	0.000286977752357						0.0016854967302493				0.0063216104249195	0.0003871470347586					0.0006581352746212			0.0011990323314126			0.0005480472503817	0.0021653309231175
Clostridium merdae	Clostridium	Clostridiaceae	Clostridiales	Clostridia	Firmicutes	Bacteria		0.0021306253883601	0.0016569947557552	0.0084073012421261	0.0028274565623337		0.0068216048494148	0.0035311478177253	0.0064754162617991	0.0066354870706175		0.0024817728957112		0.0020246040454124	0.0041870169110412	0.0034967735644232	0.0045578125194555		0.0035225832771492	0.0033235522006935	0.0021041035639939	0.0059560067770882		0.0029068040340238		0.0047745368271494	0.0064520606026439	0.006197250272209	0.0061206645178926	0.0014261862342713	0.0011853863110671	0.0036845110265998	0.0048121070483155	0.0023097896625522	0.0064292063511473	0.0025196728512872	0.0057537464127914	0.0016637811734617	0.0013656865584832	0.0038436393942341	0.0100949336299185	0.0095776734104157		0.0076448683061583	0.0016774768948812	0.0060883922541857	0.0051031760432438		0.0049918041104834	0.0068920124359007	0.0041404744677882	0.004455167647773	0.0041659281410939	0.0054107803089167	0.0099033042697817		0.0015682146001801	0.0017007305060834	0.003232364776034		0.0034279270850673		0.0044769341301483		0.0062333299483052	0.0055442658374752	0.0047365794626066	0.0084985205757618	0.0048550970230746	0.0073010851410681	0.0049155117746397	0.0057421844136421	0.0025666667703075	0.0022344415256603	0.0019312422384935	0.0021569519039756	0.0067033531995588	0.0238095238095238	0.0056487354021034	0.0076414728929515	0.0063750034810977	0.004767668992448	0.005441054410688	0.0078960504899084	0.0053791563401816		0.0030515610181386		0.007358034721417		0.0112163764337111	0.0054497720138576	0.007263506389999		0.0053642234334912	0.0053183596225775
Clostridium paraputrificum	Clostridium	Clostridiaceae	Clostridiales	Clostridia	Firmicutes	Bacteria				0.0013712338660162	0.0014401343091048			0.0004158755257103	0.0011602343588533			0.0003581446742586				0.0004321014778464	0.0018014798943338		0.0009292597506307							0.0010807396835283	0.0013960860547476	0.0003564258909664				0.0018808505293525	0.0006072578249769		0.0006524773087785							0.0030057169346769		0.0007589335797884	0.0010013814791871	0.0039743202630372	0.0033290482782723						0.0002998939913721				0.0005678466586835	0.0002262721879736	0.0002536785714411		0.0003960541372028					0.0009759202772636	0.0003146902808053	0.0012763217562496				0.001339866923392							0.0004787043053924			0.0014838103878869	0.0016424928577619									0.0001640205817529				0.0006961367768641
Clostridium perfringens	Clostridium	Clostridiaceae	Clostridiales	Clostridia	Firmicutes	Bacteria									0.0003321405500098																																																																																							
Clostridium quinii	Clostridium	Clostridiaceae	Clostridiales	Clostridia	Firmicutes	Bacteria					0.0005705357307249				0.0005646272809997																																			0.0002307283087823					0.0001455790467685																	0.0004333418544127																	0.000715730674821											0.0333333333333333		0.0002621572309212
Clostridium saccharobutylicum	Clostridium	Clostridiaceae	Clostridiales	Clostridia	Firmicutes	Bacteria																			0.0003807763812099								0.0003541154733223						0.0001699788878965											0.0004793687150673		0.0003682604618536	0.0009293291453455										0.000387534061751	0.0001235230218248																																						
Clostridium saccharoperbutylacetonicum	Clostridium	Clostridiaceae	Clostridiales	Clostridia	Firmicutes	Bacteria			0.0008075377730787	0.001012434919284	0.0005784489123301			0.0005181204368139	0.0006654125820453	0.0019224393651493				0.0005159118915112	0.0003396370477157	0.0004405124678905	0.0014724189498857		0.0012062495075421	0.0010204464770969	0.0007350018366878					0.000798033506583	0.0016825114603513	0.0004398607385641	0.0007009129464647		0.0012411448709321		0.0009957339489535	0.0008107978970835		0.0005149544202078	0.0009808385700454		0.0008405225460685		0.0011791550164368	0.0034523671176359		0.0011907588932632	0.001117432368632	0.0042256880054738	0.00330002414673		0.0004749472038963		0.0002128218940716		0.0003663138194214	0.000666433358261		0.0434782608695652	0.0006650896417098	0.000413661903701	0.0005415172417507		0.0009384187333	0.0029769288017861				0.0008766265626609	0.0004590199968112	0.0006598697573846		0.0005441980394498		0.0022608936680652	0.0041562295181765						0.0003582759883267		0.0031097821310077	0.0042298927499901	0.0012281313203345		0.0014970064540865		0.0018778886137928		0.0004177273659805			0.0003259810544808				0.000933368243327
Clostridium sartagoforme	Clostridium	Clostridiaceae	Clostridiales	Clostridia	Firmicutes	Bacteria					0.0002636277195012				0.0009045104511295																																																									0.000194784732264													0.0002420751017949																	
Clostridium saudiense	Clostridium	Clostridiaceae	Clostridiales	Clostridia	Firmicutes	Bacteria		0.0004745542039	0.0011375477868191		0.0087441742568635		0.0006707878875442	0.0003183130617286	0.0047375828380697	0.00140555622666		0.000329457927548		0.0012632665405599		0.0020872256066351			0.0002539598638949		0.001262186137817			0.0011488630629519		0.0010551121494691		0.0003491394263989			0.0004240979892582	0.0027276912708527	0.0008734593092703	0.0004986858477973	0.0026154050742591	0.0008699909164897		0.0011021505302372	0.0008380094399215	0.0007089623588524	0.0006218976412981			0.0029999061399382	0.0012896826455409	0.0003511392309834			0.0028632138997252				0.0020556227792368	0.0015260928946491					0.0021948274096944		0.0005028640741714		0.0014327064888861		0.0017657474893521	0.0076465131653451	0.0005257994230545		0.0005761096424802		0.0005134108256128	0.0003775612996701	0.0006776547839184		0.0010730225101143	0.0017781934941587			0.002193293821177		0.0014906490882411		0.0143785329375451		0.0024093720285617				0.0022616184512716			0.0017102156342131			0.0022917679479446	0.0037189368103756
Clostridium septicum	Clostridium	Clostridiaceae	Clostridiales	Clostridia	Firmicutes	Bacteria			0.0003650965163884	0.0004484731566781	0.0012024656648132		0.0004726908893177		0.0058813764526918					0.0003406393386743		0.0005281261551883																	0.000391605439792		0.000932731293567									0.0005908281608917	0.000605847101888	0.0004509058055733			0.000165528749551				0.0003874072231916	0.0001915426323285					0.0002963513473935	0.002127659574468	0.0002991086291342					0.0015605662849944	0.0001929040560604		0.000224296839438			0.0004393120145213	0.0005843548316582						0.0013229560193268		0.0010513481786301		0.0035958310258109						0.0003424757285977			0.0004231631571204				0.0013477318266288
Clostridium sp. BNL1100	Clostridium	Clostridiaceae	Clostridiales	Clostridia	Firmicutes	Bacteria		0.0021846094731817	0.0003615477228547	0.0013187672781583	0.0005102130098855		0.0011290756808283	0.0010939532033643	0.0008690730371786			0.0009484767915621		0.0005350512126133	0.0021755970271466	0.0009152615465347			0.0015229418636559	0.0007560038719409	0.0007689772700954					0.0014059547414104	0.0009218892381099	0.0019543156816726	0.000901373767497	0.0010583010321961	0.0002308511763314	0.0019971156767702	0.0002887834170847	0.0019330368204225	0.0015598017033089		0.001054040551724	0.0013126343387743		0.0013883753334779	0.0011174225043797	0.0022857142857142	0.0258764607679465	0.0010391734034826	0.0007732068255509	0.0015953335955696	0.0020207103523447		0.0002072961398658	0.0023355595116602	0.0008929213798036	0.0010112471139097	0.0021235084777094	0.002361634230666	0.0017494797592704			0.0003882357393872	0.0042306997869105		0.0020907065642315		0.0017919259468623		0.0006923052450067	0.0011013462699659	0.0015897493611565	0.0014515691714659	0.0005126293325298	0.0004041668326803	0.0010721314348658	0.0007683259725418	0.0004531641333428		0.0011637140496552	0.0024151053670248	0.0022237685621122		0.0006244458844221	0.0006097611376551				0.0003301896632199			0.0016227406725833		0.0010533962790094			0.0001921986085586			0.0054393497686354	0.0002875245537245
Clostridium sp. JN-9	Clostridium	Clostridiaceae	Clostridiales	Clostridia	Firmicutes	Bacteria									0.0003219459866603																																																																																							
Clostridium sp. SY8519	Clostridium	Clostridiaceae	Clostridiales	Clostridia	Firmicutes	Bacteria		0.0003635776725865		0.0003562080684474	0.0001793710753074			0.0003737115603443	0.0003665137281186			0.0002826466493722		0.0003581340721696	0.0007456101806948	0.0004385453276657			0.0004914685725765	0.0009054954995781							0.0003577444865836	0.000376462240503	0.0006456063252919	0.0003242732132093	0.0003051484269153			0.0004750101775441		0.0004076407451188	0.0003908079910448	0.0008240250208327	0.0004570683655756	0.00038351421806	0.0004141825971529			0.000281285174643	0.0003649216094988	0.0009185006354362			0.0003154548630382		0.0002792161030108		0.0004976700796918	0.0005431702690741	0.0005718583776881		0.0005046721536325	0.000328860339725	0.0007143915011564		0.0005831924307934					0.0004218311860921	0.0005948574373309	0.0005569995576922	0.0008564101102045	0.0003817210694814		0.0006033566964652	0.0010693660059489			0.0005348801705107			0.0003757174735725	0.0007040511733185			0.0007377708760241	0.0017766579425208					0.0003639122687996			0.0011462702656787			0.0005955310575748	0.0002820038291762
Clostridium subterminale	Clostridium	Clostridiaceae	Clostridiales	Clostridia	Firmicutes	Bacteria																																														0.0003266532247216																																							0.0029940119760479							0.0002744616432101				
Clostridium taeniosporum	Clostridium	Clostridiaceae	Clostridiales	Clostridia	Firmicutes	Bacteria									0.0002361298044376																								0.0001831779437959											0.0002916182030541																												0.0003092580146537																								
Clostridium tarantellae	Clostridium	Clostridiaceae	Clostridiales	Clostridia	Firmicutes	Bacteria					0.000443733878552				0.0009945837472398																																			0.0003482465224424	0.0001666504411044				0.0002480586063911				0.0001972764508808	0.0001745346355589												0.0004731207717924													0.0002683702181753				0.0012904062310931									0.0002599016199194				0.0003482295613375
Clostridium tertium	Clostridium	Clostridiaceae	Clostridiales	Clostridia	Firmicutes	Bacteria		0.0003537804753516	0.0005757932889088		0.0060554954690963		0.0005453570875201	0.0003503854403209	0.0258638220365534	0.0017660510684544		0.0006303080536881		0.0010456772556597		0.0012140770252776			0.0002887104797697		0.0006334867030117			0.0004308625364014				0.000470127942043		0.0007992360453906	0.0003696555838604		0.0007175375912305	0.0006116128775197	0.0019784677454585				0.000847392654558	0.0005603682202682				0.0014051230692636	0.000594785848632	0.0004933026370221			0.0005152675374627				0.0008160666155359	0.0006559211383936					0.0006827578722815		0.0003543735675186		0.0009551336982987			0.0043446707781126	0.0007614883073884		0.0003283087993341	0.0004210714288833		0.0006850809984098	0.0002789365880976						0.0031295767952769				0.0083840515431953		0.0045263424565466				0.0004396945610814	0.5		0.0011440864514266			0.0008007975914429	0.0025999352031074
Clostridium tetani	Clostridium	Clostridiaceae	Clostridiales	Clostridia	Firmicutes	Bacteria									0.0001748460174447																																0.0001866107750939					0.0002930884749296																																																		
Colidextribacter massiliensis	Colidextribacter		Clostridiales	Clostridia	Firmicutes	Bacteria		0.0019692469760234	0.0015937403255224	0.0044359631600103	0.003420761050253		0.0052040227302431	0.0014477752722361	0.0087495777688071	0.0056437595717114		0.0018553815303271		0.0018636016143076	0.0034019956264743	0.0041604637794339	0.0055732823706196		0.0028096235100162	0.0041398401599273	0.0005549761421961			0.0005644355651732		0.0038987188489378	0.0055023787649812	0.0052488717720366	0.003708271204012	0.0023599855154931	0.0004748622631362	0.003754917825579	0.0041613801071667	0.0021470545343028	0.0053926233776827	0.0008754640211944	0.0037363669749655	0.0009239184162586	0.000979586725079	0.0023524475918947	0.0025303179618541	0.0034278718919341		0.0062975817396366	0.0020841585732303	0.0037760055498456	0.0024960234630918		0.0036067862388489	0.0041824771735597	0.0032952845529685	0.0047616830863262	0.0033906298074596	0.0030824412069333	0.0046428833065645		0.0025419232236878	0.0022305431242921	0.0045663260488047		0.0033541659927586		0.0043228010758764		0.0020029824916138	0.0054236675983442	0.0029633169593224	0.0056172106895474	0.0045142670048515	0.003983620986546	0.0023481561261071	0.0045839404698403	0.0013030873605959	0.0015953549543992	0.0009992374829308	0.0018526826312434	0.0050365007915214		0.0075563372827374	0.0072967645271496	0.0050858805146979	0.0049305050662871	0.0039708403732399	0.0054662092261613	0.0074852668166078		0.0016917977988251		0.0112521851337447			0.0048740369200826	0.0079251111014011		0.0045163448304554	0.005168093764212
Coprobacter fastidiosus	Coprobacter	Barnesiellaceae	Bacteroidales	Bacteroidia	Bacteroidetes	Bacteria			0.0002980411975785		0.0002998364303628										0.0003253944802084	0.000413767511459											0.0003823143279765		0.0006184116990927				0.0002626086697369				0.0002360092260743			0.0002631327681135	0.0001830093116319			0.0004030664163027		0.0004234820573075			0.0003032621817822				0.000207100411387	0.0001565040281764	0.0004651319482541				0.0003368112721591							0.0003064225081178	0.0002018961123303			0.0004870677406387		0.0002869185899611							0.0002831843282052	0.000468731967014				0.0004612007449518					0.0004268741429216			0.0002724771259929			0.0003875163388112	0.0004738779575761
Coprococcus catus	Coprococcus	Lachnospiraceae	Clostridiales	Clostridia	Firmicutes	Bacteria		0.0001488991535045		0.0006140350877192	0.0008160467431574				0.0007828891255664	0.0007954922108054		0.0001668251505596			0.0002523765458063			0.015625			0.000228150514154						0.0002173220132711	0.0005550780690445																0.0003966679974326		0.0002739488504061			0.0002969998941053		0.0006509846142579		0.000346158687534	0.000358389907756				0.0002642327890934	0.0008330058934733		0.0002231645063766	0.0037211610022326			0.0004688731638901	0.0003961764159183		0.0005098482485254	0.0001620132851109	0.0007900494287334		0.0006663570462209	0.0003414134516899						0.0007697445553764	0.0002641417425227	0.0018459199739478			0.0003638867148401					0.0009224737671522			0.0002967909478761			0.0004868130924085	
Coprococcus comes	Coprococcus	Lachnospiraceae	Clostridiales	Clostridia	Firmicutes	Bacteria		0.0003216810461176	0.0004289630970056	0.000488083197054	0.0001761731814509			0.0004785449337714				0.0006045472867755	0.0074427247177805	0.0004947670962545	0.0003032299332202	0.0002265893782023			0.0003601467290697	0.0006772574266092	0.0006155368548633			0.0006542167122506		0.0008566324815059	0.0001745613585424	0.0005402588547845		0.0004068489049566	0.0002971403442502		0.0001295206905807	0.0002455415953309	0.0003813524093932	0.0003203010494401			0.0002834381703505						0.0003306334131784	0.0002867525572791			0.0002141701950036		0.0003505172681258	0.0012533950713558		0.0002461055814908	0.0003621034724776		0.0006031173517631	0.0006338815915953			0.0004437484263537		0.0004565059793574			0.0001424751188901	0.0004788895585924	0.000434731046078	0.0002491116141762			0.0002256375494029	0.0009938709006452		0.0002536719458194				0.0001342125380768			0.0008090685699271		0.0002097890436157												
Coprococcus eutactus	Coprococcus	Lachnospiraceae	Clostridiales	Clostridia	Firmicutes	Bacteria		0.003088270570346	0.0032819313588577	0.0004364721359883	0.0008951145036678		0.0006241175481806	0.0029534775731171	0.0029200678872457			0.0021467562866343		0.0081851661127875	0.0054733606157789	0.0026132624274546	0.0030656483129146	0.019976101816688	0.0012903383882383	0.0046776239325018	0.0005844906122673					0.000988657155375	0.0059783078071295	0.0007361491031519	0.000495460332654	0.0035849118975989	0.0002288133732451	0.0025465254066833	0.0009635769237656	0.0100404057349468	0.0003310991348441	0.0035896258310917	0.0025717768708014	0.0028680578695976	0.0131835637555035	0.0014591660185136	0.002906545846123	0.0068571428571437	0.031719532554257	0.0008414601576697	0.0042810525515635	0.001703681182611	0.0031942418326108			0.0023943634337402	0.0002768453012987	0.000251734654819	0.0032821726933202	0.002256781086789	0.0016901924737048		0.0025511597992126	0.0039670738518069	0.0010560043394999		0.0026268231471068		0.0014279614065647		0.0007628397486684	0.0025376468384117	0.0018132600159387	0.0042977058906381	0.0004613266812247	0.0004670082883362	0.0015726254098691	0.0008738352273548	0.000722151329847	0.0024081351106816	0.002417308873475	0.0074939729057135	0.0014878044343693		0.0065770013878338	0.0057759001165547	0.0009863806237153	0.0016486174008256	0.0020451129793429	0.023992569871685			0.0019796757553117		0.001369475406547			0.0257316243533399	0.006935106844433		0.0011991916490237	0.0020921794251661
Crassaminicella sp. SY095	Crassaminicella	Clostridiaceae	Clostridiales	Clostridia	Firmicutes	Bacteria				0.0007055761845661	0.0002644539194683		0.0010994986978691		0.001032273250876	0.0012711141387366		0.0002850482366579		0.0004731605175682	0.0003197328085104	0.0006169814218173				0.0006326940511036							0.0006674989200322	0.0005791684415955	0.0004540951886138				0.0007682379652557		0.0009255234928633		0.0003998745514203				0.0003282521810593			0.0011600067963394		0.0005677837981934			0.0006471523633896		0.0002548675070255	0.0007910764447105	0.0004529786680422	0.0004949586513144	0.0004639933257929				0.0003475814964116		0.0003697300100858		0.0009088863585364			0.0004828020264305	0.0005938539257117	0.0009350714305229	0.0004268106117303	0.0006725076965459		0.0009475162876175	0.000712677639311						0.000985333325705	0.001016404174914		0.0017316057670623		0.0007115938103473					0.0008523291053989			0.0006858833588809			0.0003649403444787	0.0004786666556255
Crateriforma conspicua	Crateriforma	Planctomycetaceae	Planctomycetales	Planctomycetia	Planctomycetes	Bacteria																																																	0.0002931641311865																																															
Crinalium epipsammum	Crinalium	Gomontiellaceae	Oscillatoriales		Cyanobacteria	Bacteria						0.0450190996703564					0.0040563284580373																																																			0.0044653932026792		0.0308945885594221																						0.0116504854368932										
Cryptanaerobacter phenolicus	Cryptanaerobacter	Peptococcaceae	Clostridiales	Clostridia	Firmicutes	Bacteria															0.0006266113500514	0.0013496330444695											0.000290319928053		0.000502200377801						0.0003294176537857		0.0003872085354613			0.0007790633839298	0.0002024758840008			0.0003589134494144	0.0002284297688151	0.0008228407606298					0.0003630491117815		0.000272731087148			0.0434782608695652							0.000733024789147								0.0004899682190514							0.0238095238095238																		
Cuneatibacter caecimuris	Cuneatibacter	Lachnospiraceae	Clostridiales	Clostridia	Firmicutes	Bacteria			0.0002392517772791	0.00038042118954	0.0002727389642261			0.0003124634916242	0.0009720152706596			0.0003088900840959		0.0004148888889341	0.0010246147936146	0.0004432605429639			0.0008125030594431	0.0007980144929104	0.0002867005129572							0.0007652592362471	0.0007544068270162	0.0012137455591076	0.000192606547454			0.0004257552907842			0.000222171104853		0.0003934246558792	0.0002260050079464	0.0004672211572479			0.0006613927225222	0.0006576717445812	0.0008821319286653	0.0008180747220894				0.0002991628239	0.0005946459666402	0.0002856718366097	0.0002609301033895	0.0007221690861604		0.0009446947677924	0.0005148281164282	0.0007916664800849		0.0007809569512644				0.0005436975547501	0.000237413142645	0.0005098290768215		0.0005128006345621			0.0002437999366529	0.0016232333548015		0.0004152298264411				0.0018138697853194	0.0002711412132069				0.000229109198857					0.0009029985582094			0.0001548250043021			0.0007258943329543	
Curvibacter fontanus	Curvibacter	Comamonadaceae	Burkholderiales	Betaproteobacteria	Proteobacteria	Bacteria	0.0388086642599278					0.0901771336553945																																					0.0400667779632721																			0.003225006201935		0.0166666666666666																								0.0576241134751773								
Cutibacterium acnes	Cutibacterium	Propionibacteriaceae	Propionibacteriales	Actinobacteria	Actinobacteria	Bacteria																																											0.030050083472454																			0.0076903994046142																																		
Dehalobacter sp. CF	Dehalobacter	Peptococcaceae	Clostridiales	Clostridia	Firmicutes	Bacteria																											0.0002318626414806																																																																					
Dehalobacterium formicoaceticum	Dehalobacterium	Peptococcaceae	Clostridiales	Clostridia	Firmicutes	Bacteria									0.0001461805117428																		0.0005038326643339						0.0003020680597046									0.0022857142857142		0.0002546061082292								0.0007299228391083														0.0001647121266712		0.0005168255698478				0.0002424126219629								0.0006187993331892				0.0002257563375351												
Deinococcus hopiensis	Deinococcus	Deinococcaceae	Deinococcales	Deinococci	Deinococcus-Thermus	Bacteria																																																																0.0077777777777777																																
Deinococcus oregonensis	Deinococcus	Deinococcaceae	Deinococcales	Deinococci	Deinococcus-Thermus	Bacteria																																																																0.0288888888888888																																
Deinococcus puniceus	Deinococcus	Deinococcaceae	Deinococcales	Deinococci	Deinococcus-Thermus	Bacteria																																																																0.0066666666666666																																
Denitrobacterium detoxificans	Denitrobacterium	Eggerthellaceae	Eggerthellales	Coriobacteriia	Actinobacteria	Bacteria																													0.0002223545742499												0.000352729216651										0.000204788517612		0.0001895188220469	0.0001562879998067													0.0002184039417965								0.0003099847776341				0.0003155371498679																	
Desulfallas arcticus	Desulfallas	Peptococcaceae	Clostridiales	Clostridia	Firmicutes	Bacteria																											0.000167576479706						0.0002601467084794				0.0001578478514403																0.0001128477915697								0.0002446238438952									0.0003438907712044		0.0002625022307771								0.0003550836178601				0.0001649183300595					0.0003384104045929							
Desulfovibrio desulfuricans	Desulfovibrio	Desulfovibrionaceae	Desulfovibrionales	Deltaproteobacteria	Proteobacteria	Bacteria			0.0003615411454744												0.0004037998555286														0.0003734749771765		0.0002277807041271						0.0002829022795967				0.0002643692446637										0.0002253407819608			0.0003481501960907	0.0004308592321315				0.0003615186532932												0.0005908143909947													0.0002884697060252												
Desulfovibrio piger	Desulfovibrio	Desulfovibrionaceae	Desulfovibrionales	Deltaproteobacteria	Proteobacteria	Bacteria		0.0002848577745851					0.0005086211288463													0.0004812628336755													0.0005533129053352																0.0001975169300189						0.0006902269537298								0.0008256013417393									0.0005048168404445																								
Dialister succinatiphilus	Dialister	Veillonellaceae	Veillonellales	Negativicutes	Firmicutes	Bacteria														0.0003955037468777	0.0010599355753445						0.0004237080977136										0.0002545097938944					0.0008633093530437			0.0002290738235419		0.0004664988117367								0.0006348758487268		0.0006251154125894		0.000251751772752	0.0005939032723708					0.0007730885578157	0.0042553191489361	0.0004043407435453	0.0069461672041677											0.0023233046005551	0.0008194278903456																						
Dorea longicatena	Dorea	Lachnospiraceae	Clostridiales	Clostridia	Firmicutes	Bacteria																																																									0.0004284643125599																																							
Drancourtella massiliensis	Drancourtella	Ruminococcaceae	Clostridiales	Clostridia	Firmicutes	Bacteria																																																																																				0.0001972038198886												
Duncaniella sp. B8	Duncaniella	Muribaculaceae	Bacteroidales	Bacteroidia	Bacteroidetes	Bacteria	0.0144404332129963	0.0014377380704437	0.0031863200890864	0.0104403049982185	0.004460803502911		0.0064171694850751	0.0015908168545663	0.0049125457871273	0.0096753114221699		0.0023337376847504		0.0024645639725682	0.003900397983702	0.0060972975269331	0.0044109018347051		0.0022149126565338	0.0063574476236282	0.0011126816905283	0.0084887966700294		0.0011124500377313		0.0042900128081932	0.004820442586118	0.0083498968716888	0.0053254118631389	0.0019986430254639	0.0055737458177302	0.0054601745474072	0.0035062243918347	0.0032880045429553	0.0035873204009859	0.0031246794518424	0.0074110473986808	0.0014778748506676	0.001141006437452	0.0057386034148054	0.0042586460796127	0.0045714285714285		0.0031595591789819	0.0028873967369308	0.0069093226513355	0.0046899577670473	0.0083333333333333	0.0056994471269811	0.0060477775962734	0.0058792412869621	0.0066844831502595	0.0044379706147287	0.0051056569107296	0.0059389524487375		0.0029106837372224	0.001476778072385	0.0052830183249003	0.004255325865385	0.004001957526534	0.003520035191346	0.0025196796546715	0.0044444444746892	0.0042630274188489	0.0048419756422867	0.0033428192222426	0.0045123710375986	0.0048817167493629	0.0081103478589835	0.0037392834862439	0.0036602940107232	0.0028660142524472	0.0024544248116259	0.0021423531340728	0.0018408406635996	0.0032869873770065		0.0051067095357128	0.0093543750313179	0.0075969569028123	0.0046035866003051	0.0089463974140779	0.0117376831335166	0.0074850299401197	0.0071197411003236	0.0060610449690155		0.0066156020561602		0.0223463687150838	0.0096410634205769	0.0168479512475869	0.05	0.0062820729771178	0.0062950243671502
Dysgonomonas capnocytophagoides	Dysgonomonas	Dysgonomonadaceae	Bacteroidales	Bacteroidia	Bacteroidetes	Bacteria																													0.0001860735996584								0.0002260475952451			0.0002793135313041	0.0003209470583016				0.0002279861425172																																																			
Dysgonomonas massiliensis	Dysgonomonas	Dysgonomonadaceae	Bacteroidales	Bacteroidia	Bacteroidetes	Bacteria																													0.0002768164937521				0.0001887765946221									0.0011428571428571																																																						
Dysgonomonas mossii	Dysgonomonas	Dysgonomonadaceae	Bacteroidales	Bacteroidia	Bacteroidetes	Bacteria																																					0.0002125726607228																																																				0.0003214401924808							
Dysosmobacter welbionis	Dysosmobacter	Oscillospiraceae	Clostridiales	Clostridia	Firmicutes	Bacteria		0.0173377528120906	0.0173966726045128	0.0412180762292571	0.0175676709284039		0.0448195976409131	0.0129691259812331	0.0571120528660593	0.0528653341652829		0.0133373471467955	0.1089886838659925	0.0169276511691015	0.0324171763668135	0.026499723557337	0.038590084895249	0.0591311456174286	0.0320089841851827	0.0230850570615162	0.0087507612384304	0.0420771975603381	0.0238784854648586	0.0069455557433577	0.0090134635559239	0.0207539318843094	0.0308044809262391	0.053929493647072	0.0396533483223468	0.0244260370116748	0.0075210518021463	0.0255203323087952	0.0281023720590844	0.0163192444691464	0.0299862174446971	0.0065268364293996	0.0288012683326072	0.0108921100693557	0.0064407388959907	0.0189278890759913	0.0179027549348683	0.0076578782628361	0.0198622864006104	0.0363579056498728	0.0264994896600422	0.0289041590144735	0.0237084037227815	0.0250066729356602	0.0372428482171913	0.0263616599057316	0.0275742328118	0.0644655805668705	0.0308264876391354	0.0253572151640345	0.0310307490856092		0.0280233615716924	0.0191104299763526	0.035930565688143	0.0103454070800642	0.0273673534121726	0.0400946834648013	0.0322892217687675	0.0034238640717593	0.0266276453821403	0.0280819610674003	0.0265399604540159	0.0279232057660363	0.0553233537161369	0.0342204117946885	0.0195864667039917	0.0237849132526422	0.0178081131657802	0.019396112410729	0.0121816810807838	0.0106327201913767	0.0334622288586205		0.0563431262398325	0.0409969913879263	0.0358370182036444	0.0372478001103251	0.0373850971908289	0.030465333332213	0.0187842293824161	0.0296004150711981	0.0199032798017517		0.0533351709188152		0.0763276241487096	0.0469919493714653	0.0651362703633329		0.0326546091608642	0.0471934365113964
Eggerthella lenta	Eggerthella	Eggerthellaceae	Eggerthellales	Coriobacteriia	Actinobacteria	Bacteria		0.0005171627386597	0.0005649079200311				0.0005805941574204	0.0003819604774167				0.0004655250650937		0.0005595293712274	0.0005108816054666	0.000598483507988			0.0003841499953629									0.0004118221830699	0.0001567465223227		0.0003045147394922		0.0003022124488479	0.0007095541047404	0.0007122754167499		0.0005794524228248	0.0006763611765739	0.0005603446883499	0.0004177792309229		0.0011428571428571		0.0006163262067846	0.0005023820738695	0.0004108784965259							0.0002220257461608					0.0003188706702701	0.0003141762600535		0.0003420040589915						0.0007638140217694						0.0007041789864734		0.0004750580898382									0.0003178615454288			0.0009502534349526		0.0003733198716067			0.0002713123761918				
Eggerthella timonensis	Eggerthella	Eggerthellaceae	Eggerthellales	Coriobacteriia	Actinobacteria	Bacteria		0.000420056088847						0.000353786685901							0.0002489310125153				0.0004087344721149										0.0003185391515557		0.0002649370630908				0.0006175389178902		0.0003139230162648		0.0003395980425672		0.0003940421143364												0.0001762106881418	0.0003114806019664				0.0002252121001892			0.0002878213759084						0.0004441131533334						0.0005063106776278							0.000637674373777				0.0002272646077071												
Eisenbergiella massiliensis	Eisenbergiella	Lachnospiraceae	Clostridiales	Clostridia	Firmicutes	Bacteria		0.0009077811339058	0.0003973339934876	0.0006506778764344	0.0002806934631962		0.0018983968822823	0.0005136012522156	0.0006640261012072			0.0005278513066456		0.0005089693866366	0.0013249996742266	0.0013697672498258	0.0008981665038096	0.0156250000627524	0.0010058745718248	0.0015053508268876	0.0002958941502183						0.0005941381611341	0.0013778118297031	0.0028979001203166	0.0010582041414259	0.0005427975147653	0.0008224011614887	0.0014335912433387	0.0015578824462295	0.0008570668128267	0.000751009414489	0.0040523089731004	0.0005207857391135	0.0009739927671087	0.0007962368915707	0.0010071968279411			0.0009211988078279	0.0008215730828272	0.0013460083466463			0.0004582856997467	0.0030332332709015	0.0004312140993343	0.0006623235124647	0.0012029808279621	0.0009824255416159	0.0012174617592977		0.0008493396432689	0.0004493476118836	0.0015522299262735		0.0013277080444381		0.0008483840574191			0.0002582347612905	0.0015313110074393	0.0009030620216316	0.0009121158046587	0.0002538275699732	0.000968888256765	0.0012217462830495	0.0005317946293751	0.0008377574845288	0.000522623538908	0.0010749840457685	0.0016916141975707		0.0010462939929869	0.0019705712079151				0.0006744865146463	0.0014970059880239	0.0081478799640955	0.0006710009065612		0.000551581314918			0.0019976324211891			0.0011571962305176	0.0014517442464105
Emergencia timonensis	Emergencia	Clostridiales Family XIII. Incertae Sedis	Clostridiales	Clostridia	Firmicutes	Bacteria		0.001564098357699	0.0025043537212564	0.0072726455427969	0.0015146669809946		0.0069567894439487	0.0018892848992475	0.0062865389896897	0.0034169919614303		0.0016139818507569		0.0046540209942177	0.0050429383128894	0.0042346080813566	0.0045015742078504		0.0028409287039097	0.0044139412362749	0.0005612374427042	0.0094589239446387		0.000449767107271		0.0029629923913396	0.003878468156057	0.0044661089348492	0.0068874664814569	0.0016178175128964	0.0018014202543546	0.0061593377552469	0.005905179595009	0.0021382311537385	0.0076023394538843	0.0010651112237031	0.005768561861265	0.0019915273422638	0.0020497513580993	0.0031841425731124	0.0045619119590961	0.0070031382536871	0.0229428082453767	0.0076338028105548	0.0014229323134008	0.0047714787159749	0.0039400818948135		0.0029803628862286	0.0089988712062604	0.0035332025786968	0.006887932788079	0.0037261314469894	0.0034906806585598	0.0123327450236206		0.0018034237802245	0.001212575031771	0.004000737035179	0.0063935861043198	0.003157721501138		0.0052054303769022	0.0033349065220202	0.0016617691958495	0.0033084964242698	0.0043059945261303	0.005758558113467	0.0070287841251727	0.0032219038099409	0.0033080373537178	0.0050971263981814	0.0069580941476517	0.0031885780547377	0.0014512986633227	0.0016153246007825	0.0056076139432735		0.0078627976880202	0.0089989123137807	0.0060945320048981	0.0083350209365347	0.0026539576086877	0.0131496401521486	0.004698308513664		0.0034107702725386		0.00730850343423			0.0085880453007927	0.0157864614020008		0.0034645777515296	0.002639388177827
Empedobacter falsenii	Empedobacter	Weeksellaceae	Flavobacteriales	Flavobacteriia	Bacteroidetes	Bacteria			0.0003116166994188																																																																																													
Endobacter medicaginis	Endobacter	Acetobacteraceae	Rhodospirillales	Alphaproteobacteria	Proteobacteria	Bacteria																																																																0.002222110581878																																
Enterocloster bolteae	Enterocloster	Lachnospiraceae	Clostridiales	Clostridia	Firmicutes	Bacteria		0.0025930395500453	0.0011674254054119	0.0013272729670355	0.0002972349368783		0.0011086726408174	0.0016875063710512	0.0007586827093518			0.0013868894123851	0.0067890944136504	0.0018254022100214	0.002119839363815	0.0009469526887208	0.0012500705077343		0.0021373433246341	0.0008554861569148	0.0014031155910288			0.0011337943482853		0.0006390166477718	0.000875319587278	0.0015032797581647	0.001627592908666	0.0023714478580864	0.0009372265633283	0.0011758086775541	0.0005076000396097	0.0020887101261996	0.0007002442560385	0.0010648881508329	0.0014688048785681	0.002034814306878	0.00187565901165	0.0010460166883955	0.0015460655852992	0.004540880512391		0.0006793915577824	0.0012492033234772	0.0022874417082906	0.0013619142110181		0.0003834268595056	0.0020180058079786	0.0015720097202654	0.004191943212563	0.0012411102388872	0.0014220311882708	0.0010286949890845		0.0040157668973413	0.0019279892093383	0.0015120927181606		0.001897982161888		0.0017143319440061	0.0011115980100329	0.0013035058822595	0.0006806566354978	0.0019197827459053	0.0012750437633981	0.0016128341363478	0.0003246471915929	0.001087884980853	0.0013193635230925	0.002280445490514	0.0018731072374483	0.0009967676393521	0.0014317871160986			0.0008852822258647	0.0012410821397546			0.0011579471135076	0.0017316047243518			0.0010614304483156		0.0011950566383538			0.0017320239564216	0.0016644320455826		0.0012420345785976	0.0004919623031669
Enterococcus faecium	Enterococcus	Enterococcaceae	Lactobacillales	Bacilli	Firmicutes	Bacteria			0.0004734601751875									0.0004004360314455																		0.0004011432582861	0.0002562532921441						0.0004752658501846																														0.0001962508936357																													
Enterococcus hirae	Enterococcus	Enterococcaceae	Lactobacillales	Bacilli	Firmicutes	Bacteria																																																																			0.0001996251284264																													
Erysipelotrichaceae bacterium GAM147		Erysipelotrichaceae	Erysipelotrichales	Erysipelotrichia	Firmicutes	Bacteria																			0.0004632212927939											0.0003701142202497															0.0003482851160082						0.0002797982543372							0.0001463765554423									0.0005595661853312																													
Escherichia coli	Escherichia	Enterobacteriaceae	Enterobacterales	Gammaproteobacteria	Proteobacteria	Bacteria																																																																								0.0002625042909355																								
Ethanoligenens harbinense	Ethanoligenens	Ruminococcaceae	Clostridiales	Clostridia	Firmicutes	Bacteria				0.0005286492457409	0.000788678666721		0.0004171663810814		0.0011859128698364	0.001958826392256		0.0002390878092756			0.0003098713958054	0.0002677000986257	0.0010038836100933		0.0004457240359455	0.0004938245905294						0.0008507768541357	0.001367350121977	0.0010173415995572	0.000660696864417	0.0002559590481291			0.0009724186963036	0.0003376325026439	0.000675759986875		0.0005102181169492				0.0004051376993719			0.0014703748548104		0.0003717565291312			0.0018996959188304	0.0010981035968816	0.0002892968369702	0.0002305260566094	0.0004396764517397	0.0004057950575122	0.0007573632031208				0.0006534415705463		0.0002752629809582	0.0094085537657595				0.0015120637543925	0.0004573398296541	0.0015357982217189	0.0008212462629987	0.0023054429178593		0.0007210476887137							0.0014607649639868	0.0016113554002854	0.001034296377053	0.0014508737156486	0.0011744655921769	0.0013237192767041	0.0025429575232514				0.0015453015941412			0.000443339028091	0.0016360815715734		0.0008271398714809	0.0019998997847651
Eubacterium coprostanoligenes	Eubacterium	Eubacteriaceae	Clostridiales	Clostridia	Firmicutes	Bacteria		0.002788426743148	0.0034217330868422	0.0028918004542055	0.0023102947046055		0.0007855872977855	0.0013714009902947	0.0010859484124318	0.0060710322121473		0.0021110266273807		0.0047097591783569	0.003024720546501	0.00161404459879	0.0014984421236037		0.0027793953354433	0.0018458288303881	0.0006849782707597		0.010106114198817	0.0004999071024508		0.0023846677216477	0.0025130638684704	0.0015137533197316	0.0033295551650082	0.002114546673459	0.0009289601287193	0.0023572800587028	0.0025418834815569	0.0048438574636242	0.0014961742714943	0.0010136687094974	0.0014412687541823	0.0026831355491596	0.00293646583021	0.0011691589189835	0.0019432047975965	0.0022857142303208		0.0032680180614602	0.0024154284432685	0.0035549046621494	0.0026594495658943		0.0056876818863966	0.0048892253322301	0.0016541371970641	0.0014849538719306	0.0006651797741777	0.0011693350886464	0.0064263721094001		0.0046816547984254	0.0031378633195825	0.0016840455565919	0.002127659574468	0.001160772628455	0.0158099327771835	0.0011256212960084		0.0027771565342002	0.0032332109209319	0.0019629699681037	0.0026761582114934	0.0030365016180982	0.0019583637781836	0.0018148898973593	0.001779539240594	0.0016812440082431	0.0068088504777096	0.0012887542595965	0.0023257348438907	0.0024286743135937		0.0018690990102216	0.0044463275759052	0.0028500988711594	0.003354115759828	0.0022075909617582	0.003508574536467	0.0029919845544146	0.0185326887727996	0.0014506518262268		0.0032369754625609			0.0032111294606814	0.0063278783140399		0.0020692389572966	0.0028067868057274
Eubacterium limosum	Eubacterium	Eubacteriaceae	Clostridiales	Clostridia	Firmicutes	Bacteria					0.000326856003438		0.0004571002777503		0.0003898629184505						0.0002892917264041												0.0003970321363127		0.0003627821187184				0.0003481078769878				0.0003355075277669							0.0007267939461568					0.0002381008321889			0.0004144162003822	0.0003895944417535	0.0002429127955408							0.0003490674690814					0.0002841054435139	0.0003835966672063		0.000362593494499	0.0004683304304668		0.0004867438371851	0.0005916615454963							0.00058133814842				0.0003823300282843					0.0005347837392076			0.0003291745744527				
Eubacterium oxidoreducens	Eubacterium	Eubacteriaceae	Clostridiales	Clostridia	Firmicutes	Bacteria		0.0038836201813248	0.0032587364797737	0.0031492984028796	0.0005769941793612		0.0028738649455562	0.0029451247180946	0.0022155387437949	0.0027069958250969		0.0023617102650158		0.0027720866375762	0.0055937021076669	0.0025808972686916	0.0036611916158848	0.0268988981205595	0.0041510344061466	0.003499605978307	0.0014563202345187			0.0008384315765672		0.0024626113467261	0.0022171174482614	0.0048039098616773	0.0041195028621186	0.00579962440636	0.0012467368822891	0.0034916040357205	0.0052031535192725	0.0075684226717989	0.0016806304181745	0.0033885552069968	0.0120165645006914	0.0025716056100234	0.0030104481532832	0.002623452432441	0.0036890033726715	0.0011435910761562		0.0031846365646999	0.0045767111688178	0.0053537002332276	0.0047944858179357		0.0038162116862165	0.0060296618562673	0.0028069586397355	0.0030301388564665	0.0031795995043886	0.0030034195569745	0.0046277019542125		0.0051809764893334	0.003843277709986	0.0026499493589854		0.0051585417843187	0.0042879889442938	0.0030249983903207	0.0119145230150082	0.0015677986024922	0.0010866247335132	0.0052328678655838	0.0041530171901264	0.0028542856545344	0.0020505620323779	0.0016183350792551	0.00423127916608	0.0029206724441234	0.0032418909307727	0.0025460559713533	0.0047124390371008	0.0031305411505594		0.0027353350366182	0.0054492681902621	0.0029021316178076	0.0045434447959558		0.0059023295059628			0.0047678553641503		0.0032214643276909			0.0061099816796569	0.0034472608994771		0.0034655684014982	0.0032716660221148
Eubacterium pyruvativorans	Eubacterium	Eubacteriaceae	Clostridiales	Clostridia	Firmicutes	Bacteria								0.0002816529706025						0.0003076987729069	0.0002692016477346						0.0002933362203956										0.0003416646721746					0.0015411371738767					0.0004354317940647										0.0002628976326694		0.000146855200772	0.0004300678892904					0.0009901768172888		0.000195268913189						0.0001979625089463				0.0006530053795205		0.0005007397291453		0.0004961516094239																				0.0006299934137052	
Eubacterium ruminantium	Eubacterium	Eubacteriaceae	Clostridiales	Clostridia	Firmicutes	Bacteria		0.0004480647086522	0.0007233247466884	0.0006086152709864			0.0008071202676879	0.0009833463569139	0.0002635780681969			0.0005574698972924		0.0008756778616436	0.0013167130198117	0.0009999432638274	0.0019707878628749		0.0007377323064577	0.0014269813830136							0.0004647299376956	0.0009485706271736	0.0005305675999537	0.000733301655203		0.0009172254400525	0.0007423038591118	0.0011746239414425	0.0004680109121836	0.0003012131871965	0.0013153088511916	0.0007097520481976	0.002149854897866	0.0006936258160832	0.0004897151551107			0.0006129112207767	0.0010895566214216	0.0010770603620088	0.0008431448561075		0.0002909989971024	0.0012000489123679		0.0003115890710783	0.000461496095892	0.0003637612374147	0.0009650520371921		0.0008326687124753	0.0014232548473791	0.0004493641385267		0.0007304408901114		0.0006710686387342				0.001218525881736	0.0007152508594837	0.0002711062413329		0.0005221230703123	0.0006625800435598	0.0003082629968829		0.0004029224788685	0.000889072983514			0.0002725148481594	0.0008219498790155				0.0013572693185424			0.0006238793237466					0.0012392379068986			0.0005872134143381	0.0004059466989023
Eubacterium uniforme	Eubacterium	Eubacteriaceae	Clostridiales	Clostridia	Firmicutes	Bacteria																																					0.0001955731750464		0.0002267756205519																																																									
Eubacterium ventriosum	Eubacterium	Eubacteriaceae	Clostridiales	Clostridia	Firmicutes	Bacteria														0.0002287475989756																																																																																		
Eubacterium xylanophilum	Eubacterium	Eubacteriaceae	Clostridiales	Clostridia	Firmicutes	Bacteria		0.0005856275125369										0.0002535525932224		0.0004663568687811	0.0003460605477062						0.0003340317128815			0.0003590575850905			0.0002497757618876			0.0002590793864134	0.000179771336197		0.0002708990956565	0.0005218235878092		0.0004170896300177		0.0004055503056717	0.000683361665307		0.0004659093527801			0.0003245883196198	0.0002565896372287				0.000170123914237				0.000157343897218	0.0001023972379574			0.0006108082808538	0.000219823504828			0.0002789390919896				0.0004523243905288			0.0004411703723835					0.0006416834970666		0.0003332159376289									0.0001753499153862					0.0003274807412162							
Faecalibacterium prausnitzii	Faecalibacterium	Ruminococcaceae	Clostridiales	Clostridia	Firmicutes	Bacteria		0.0031704317569327	0.0012580668123369	0.0005718559246431			0.0009454296224613	0.0004336440888135	0.0006971904667628			0.0007348722718077		0.0013082809482122	0.0017603645734284	0.0004470498386721	0.001344904783719		0.0011047851781693	0.0005787365981001	0.0002681023827994			0.0003648786079999			0.0006127995239407	0.0005550351412605	0.0012730069850919	0.0040134923640278	0.0011557484310012		0.000371162237818	0.0012582070190991	0.0007747026718679	0.0051941158442759	0.0009881092426053	0.0019683499386676	0.0029307832427527	0.0016716046613206	0.0007647503058355	0.0011428571429803		0.0007007046807361	0.0020388154037341	0.0021182836113971	0.0009404632376145		0.0001551926143716	0.0015822673654834	0.0005116830714869	0.000609094013465	0.0010825953724675	0.0007823665395336	0.0017910967866091		0.0172332365874789	0.0019505878660022	0.0012656169214126	0.0085106372019284	0.0022152774469659	0.0036828906041597	0.0009017097664788		0.0009744569333396	0.0004276054895235	0.0018381219880086	0.0009125086826711	0.0007990467664944	0.0002906603744047	0.0009047373168556	0.0004970304668731	0.0008353487678944	0.0028350487610921	0.0013436394624596	0.0011183350818554			0.0014644736704651	0.0004488114273986			0.000628970859946	0.0006852871989725	0.0029939947237267				0.0005872052720731		0.0055865921787709	0.0004332042780465			0.0011977584713799	0.0004888744600029
Faecalicatena contorta	Faecalicatena	Lachnospiraceae	Clostridiales	Clostridia	Firmicutes	Bacteria		0.001361437100198	0.0013894035046375	0.0014279600051341	0.0006749131785261		0.0019735341625936	0.0011630921248266	0.0010226296082836			0.0011767025697613		0.0019365115236891	0.0015892347371364	0.0009392057746504	0.0011456810987358		0.0010742645000942	0.0012877227221195	0.0009852586655409			0.0007603355622081		0.0015342262338396	0.0007340800893261	0.0023727601985746	0.0008232385442902	0.0018830871836345	0.0016301606116122	0.0014073518847851	0.0016475465571592	0.003002610015395	0.0010712718749052	0.0010747316600261	0.0010775937224045	0.0009320355852013	0.001043522734815	0.0008855214388679	0.0013663961348583	0.0016820923806114		0.001583770779962	0.001776167949995	0.0016913353464359	0.0010798162245229		0.0009989341304749	0.002102274064285	0.0062656590458532	0.0053603712266583	0.0012692817025328	0.0015385258240983	0.0012690160442995		0.0015700492335919	0.0015543724053047	0.0008413313225482		0.0016174845519094		0.002279409195381		0.0016622674194655	0.0014722758973032	0.0023203666747116	0.0015362127600389	0.0010806834384444	0.0006542651155369	0.0012644221830645	0.0016327282698048	0.0039449153879414	0.0008240722172334	0.001338758960032	0.0008945727455594	0.0015704242271658		0.0007045399163637	0.0022784324155053	0.0010061364433626	0.0018779588975314	0.0009352291672933	0.0010981810120838			0.0012717998392671		0.000832124315739		0.0125650616825716	0.00073742533812	0.0016913041583663		0.001270572309278	0.0016427975644368
Faecalicatena fissicatena	Faecalicatena	Lachnospiraceae	Clostridiales	Clostridia	Firmicutes	Bacteria		0.0060793570285795	0.0041630878427883	0.007615693578301	0.0019877130166042		0.0069888761610934	0.0035162011960502	0.0047769816652955	0.0020899954972613		0.0035595992306541	0.0358845912627857	0.0057637408250742	0.0074136520352649	0.0049694153046631	0.0047453100286553		0.0064484360729636	0.0033480213166175	0.0021781844622465	0.0127372436576042		0.0010695749406404		0.0037384002523138	0.0046180288616324	0.0060346799339118	0.0066796047491622	0.0052438460120783	0.001989469744138	0.0063213239629603	0.0048662708460875	0.0068139178877711	0.0051179779438255	0.0028089216155832	0.005811421606344	0.0040807713249301	0.0036458371173552	0.0025863326377472	0.0030561340652039	0.0043166587611413		0.0091186009259324	0.0055069370602267	0.0087100350988878	0.0057115997715344		0.002602806307379	0.0066754502536492	0.0077260288732678	0.0398814477433771	0.0047994161558845	0.0043836628311292	0.0058127912555817		0.0079346070282994	0.0045620766000141	0.003339758150214	0.0029817755552107	0.006707523958249	0.0069103636722002	0.0064567709352501		0.0021986711824107	0.0047782971653796	0.0070619784305106	0.0070956813022811	0.0056696282931518	0.0023697173206974	0.0026300655901063	0.0047385780057604	0.0104928314124251	0.0057318038771261	0.0024367509743157	0.0050377117610425	0.006690537115709		0.0067683929155427	0.0056759569461916	0.0027495780097712	0.0055731732222163	0.0029100917342246	0.0048021272435816			0.0048158888074487		0.0065691066017652		0.0149682007380847	0.0071150360762855	0.0063057361630113		0.0037627251725147	0.0057607225000304
Faecalicatena orotica	Faecalicatena	Lachnospiraceae	Clostridiales	Clostridia	Firmicutes	Bacteria		0.0054721379789388	0.0039084579279042	0.0069090714974392	0.001555047401516		0.0069184218764658	0.0040348865342512	0.0038753432625286	0.001373506777646		0.0041739623127129	0.0377389807593022	0.00404797142723	0.0056447498985109	0.0040340679471005	0.0055866471848034		0.0081817130050851	0.0039113250033111	0.002337582290289			0.0021863740123201		0.0053786103027673	0.0025842289444632	0.0072374382556056	0.0047892926007567	0.0074889703309371	0.0026276531778958	0.0045071982233834	0.0027355627827563	0.0079483628658735	0.0033327960665346	0.0027690908039304	0.0053617969162236	0.0033224894290624	0.0034663932709352	0.002600665896174	0.0046017320097176	0.0085816177426481		0.005518292356081	0.004409751578693	0.0082193721962887	0.0037966576401995		0.0016738804207616	0.0070571152195925	0.0135719195679029	0.0311193908400667	0.0032363437494659	0.0032557812422161	0.006308760422672		0.007962688491856	0.0051348245923801	0.0025589240691181	0.0070088759148008	0.005602106092891	0.0038194762942595	0.0057075593201976		0.0035126456782297	0.0037536030603148	0.009942623233759	0.004767657899248	0.0049954131679894	0.0012125257318356	0.002371234562273	0.0044357933024356	0.0062900926641866	0.0056737430067266	0.0035805288479435	0.0043107110589834	0.0059363033273883		0.0041413668452282	0.0050534413005811	0.0033755119922499	0.0019784638839691	0.0020302352051323	0.0058893886844395	0.0043857131623732		0.0044030807744781		0.0056871149339741		0.0178768683059577	0.0046764542465192	0.0064138999717025		0.002788712013495	0.0044156702354642
Faecalimonas umbilicata	Faecalimonas	Lachnospiraceae	Clostridiales	Clostridia	Firmicutes	Bacteria		0.0075660359008521	0.005805150642514	0.0087766146054666	0.0020450821426278		0.0080338338749575	0.0074401145956578	0.0050950307714191	0.001133386438412		0.0080043548879895	0.0155393186067019	0.0069138165657387	0.008405483964294	0.0072044423246356	0.0091139729121577		0.008192619815543	0.0084784441665364	0.0029613586910447	0.0146451020837392	0.0162539091366572	0.0025294490859929		0.0069011872422069	0.0060718168152594	0.0109915149887895	0.0062886514553986	0.0100335813285914	0.0056224997876497	0.0072367953354718	0.0117667703689143	0.0103948961214101	0.0052705445971507	0.0040751116684798	0.0086466461214938	0.0059097173901785	0.0067503244576113	0.0045247204387448	0.0051314392569434	0.0051868315559557		0.0088758161929009	0.0084787625290331	0.0100763646611798	0.0069618209602666	0.024666028766849	0.0033507539827214	0.0100318336434157	0.0208947920306705	0.0136224367440964	0.0062984125813455	0.0062785201601935	0.0068681445267848		0.009666901310958	0.0079173774956114	0.0045898179715618	0.0052540270278153	0.0085828285641516		0.0071762116153278	0.002013378441184	0.0039822803070166	0.0044180102685587	0.0124163145494227	0.008290168774079	0.0049768337485441	0.00217934583134	0.0050983533576926	0.007893599561752	0.0094807397561974	0.0074585303278818	0.0048018811305675	0.0082865544007838	0.0096526133345839		0.0054539727402396	0.0083986341122852	0.0048349781458203	0.0057545691211644	0.0031027542555385	0.008205513202761	0.003909805368294	0.0081164461332438	0.0081864505577873		0.0058849161715556		0.0276143849062622	0.0095572318018913	0.0075813615389333	0.0333333333333333	0.0049296179058105	0.0070030824673674
Faecalitalea cylindroides	Faecalitalea	Erysipelotrichaceae	Erysipelotrichales	Erysipelotrichia	Firmicutes	Bacteria								0.0003378779242539	0.0004178913203972										0.0002396445888451								0.0002752745501483	0.0002864919066036		0.0003259288973574	0.0001722733423397																				0.0002003029582243										0.0001534255746512					0.0002971305677395	0.0003502413311479					0.000302494060704	0.0002531950930061											0.0002005247655177								0.0003215248907701				
Falcatimonas natans	Falcatimonas	Clostridiaceae	Clostridiales	Clostridia	Firmicutes	Bacteria		0.0008876537779464	0.0006227222047896	0.0008966702669812	0.0002993807094757		0.001044576776539	0.0006307290334897	0.0010295628356715			0.0008367852978135		0.0004868646065019	0.0012849744000542	0.0007283869570395	0.001002023358188		0.0009398506917665	0.000669428629257	0.000294915006127					0.000987996641265	0.000973653460102	0.0013764219317313	0.0011714645255799	0.0007225573904859	0.0002750353496859		0.00053516371926	0.001069919792936	0.0007459921292943	0.0004651212147582	0.0010417563984196	0.0006267620256959	0.0004930426514478	0.0006020642157332	0.0008850605356425			0.0010377786913847	0.0004094711135461	0.0010565203290419	0.0007709953192914		0.001194637017364	0.0010302286521379	0.0007608490778104	0.0024983979041506	0.000946961840453	0.0008226228780464	0.0007392340257129		0.0004382655973966	0.0003462647962608	0.0008979420470621		0.0009049616205411		0.001016078474527		0.0009944059634274	0.0005820072976403	0.0013325059778845	0.001111570569288	0.0010022203230138	0.0010177431344633		0.0014869945414624	0.0007427282014823		0.0004800175330566	0.0009139079486023			0.0009507254266427	0.0015736175052836	0.0008752001298762	0.0013819340481111		0.0005686103883446			0.0007087415152147		0.0011444214292149			0.0012710483002524			0.0009244657004056	0.0003356226356817
Ferrovum myxofaciens	Ferrovum	Ferrovaceae	Ferrovales	Betaproteobacteria	Proteobacteria	Bacteria											0.0038832144017729																																																					0.0011111111111111																																
Fibrobacter intestinalis	Fibrobacter	Fibrobacteraceae	Fibrobacterales	Fibrobacteria	Fibrobacteres	Bacteria		0.0005018922695026	0.0009716416224155	0.000438596491228	0.002903028359543		0.0013987084015407		0.0011331664045399	0.0017898574743117		0.0003002852695768		0.0003330557868442	0.0007571296486676	0.000376823159108	0.0010772637500748			0.0018608017732929						0.0005161556725508	0.0003622134967868	0.0013429389336906	0.0003604821250969		0.0006690986991897		0.0044641746559287	0.0003572846367606		0.0016855082970241	0.0017717920352239		0.0002127137363985	0.0012889979348889	0.0015551977300659			0.0010955808190599	0.0011079183974125	0.0007434944280314	0.0009994669509594	0.0083333333333333	0.00066309255079	0.0008911336795205	0.0002879355024474		0.0008392555328301	0.0002764722145424					0.0006286873113255	0.002127659574468	0.000167373354162					0.0012167486533471		0.0008475501017427	0.0003988067835272	0.0045610741726229	0.0009328648278856	0.000525008581871			0.0003305443652515	0.0005223853221939			0.00057065504927	0.0012596609469741	0.0018013187956251		0.0036466163619336	0.0023829829930266		0.0077669902912621			0.0064956773620004			0.0045013348166814	0.0072002501286804		0.0010022622490994	0.0013396816866194
Fibrobacter succinogenes	Fibrobacter	Fibrobacteraceae	Fibrobacterales	Fibrobacteria	Fibrobacteres	Bacteria		0.00082010608318			0.0034590957450057		0.0050898297447193		0.0021233235478041	0.0065693872407235			0.0074906367041198		0.0009956544598941	0.0028815888634775	0.0016158954255501			0.0006737679671454						0.000619386807061		0.00059088955737	0.0061248556565514	0.0003264743445312	0.0006975784063892	0.0015844436442203	0.0029300421016524		0.0061923583660775		0.0017569345458067	0.000405816706121		0.0021796118178862	0.0004237262781713			0.0006232815414231	0.0002510262543929	0.0003521815691645			0.0014672699745513	0.0035643433727057	0.0046043526322146	0.0029127172057889	0.0028512267096861	0.0016918062930355	0.0003149606299212				0.0024675014434211			0.0029769288017861	0.0015433022142167			0.0024327359656219			0.0052909931527253	0.0143361219953657	0.0054105381599984						0.0025303643724696		0.0034770143523054	0.0017677151436898	0.0040765758034937		0.0017290020726132	0.0013316987235339					0.006055529543203		0.0055865921787709	0.0013296034850742		0.0166666666666666	0.0036071942605365	0.0023274958414647
Flavonifractor plautii	Flavonifractor	Ruminococcaceae	Clostridiales	Clostridia	Firmicutes	Bacteria		0.0016773217682392	0.0021993433348356	0.0076373778394386	0.0057558559638691		0.0122272068257782	0.0026064189235776	0.0095480010209617	0.0059067211906317		0.003280556153422	0.0173967627162705	0.0037147692402381	0.0073874435936236	0.0075202402686668	0.0103329297348037		0.0047693791013362	0.0077836362951276	0.0011999163881299	0.0121551477395031		0.0010710763241875		0.0048243068677719	0.0084309537740498	0.0088609580145194	0.0089407365487521	0.0030095914473925	0.0015436023647986	0.0085562665888913	0.0074861956922514	0.0030211901564529	0.0134182129473247	0.0011753794955832	0.0064669950331489	0.0010302197110637	0.0006930552270267	0.0043127656461337	0.0045861168979209	0.0024828369835248		0.0080912079193487	0.0030226849003396	0.0082629341518367	0.0055839212190864		0.0063403672008384	0.0078130731390643	0.0075999221753451	0.01418703900068	0.0087957447623706	0.0073707175284945	0.0090429746229857		0.0057608591335217	0.0030938203142873	0.0074679820807754	0.007974980500364	0.0066197551228155	0.008161162134928	0.007328647145862		0.0041245397384621	0.0097558593977428	0.0056968066048245	0.008694787675764	0.0107192030058259	0.0075830193365509	0.0047474859725186	0.0084042021752836	0.0051150820919064	0.0031471458186122	0.0018343915165168	0.0021968312301554	0.0081838473181614	0.0238095238095238	0.0119437766857603	0.0128746994513702	0.0083797618463181	0.007926352369703	0.0084075207320143	0.0121813893248953	0.003981134027152		0.0039049457872079		0.0119898522405029		0.0055867396226922	0.0140540965485025	0.0165409181523606	0.017210105759216	0.0079703521776132	0.0088754460903032
Flintibacter sp. KGMB00164	Flintibacter		Clostridiales	Clostridia	Firmicutes	Bacteria		0.0023889807843975	0.0023738371011856	0.0074853014127106	0.0038496138931986		0.0092802903768514	0.0020931939376269	0.0093338492619251	0.0062982538409868		0.002409984781937	0.0234798711106451	0.0027425073246695	0.0062756109022488	0.0068912818841869	0.0100052466377718	0.03125	0.0040741189220655	0.0056496590746465	0.0009813348633438	0.0167416239994581	0.0113945419376694	0.0009756491019492		0.0048854336923806	0.0076271834176757	0.0082191032117016	0.0082987236378004	0.002525796470834	0.0010560169846395	0.0071336681024823	0.0065915951594379	0.0034435757383625	0.0089126671815995	0.0012443869091996	0.0066668138330278	0.001898879802442	0.0011486456159486	0.0036970801267527	0.003280105772992	0.008048243492207		0.0080870375193529	0.0022168109689456	0.0073272130032305	0.0047585689761268		0.006325757849167	0.0071937174021149	0.0050272784981702	0.00971932723864	0.0091604083504672	0.0072232868462999	0.0090163149413728		0.0043853565720633	0.0023288315051084	0.007827972659608	0.0095226471142966	0.0064635069947508	0.0054576983544776	0.0053527262992822		0.0034725560298807	0.0077305878251455	0.0048690371807939	0.0084679139943944	0.008801169827363	0.0072294721051974	0.0034838087036599	0.0076142878937234	0.0039177837442882	0.0022409785968807	0.0014668896138828	0.0020632433510472	0.0053394006238328		0.0098136381882762	0.0109785348225513	0.0066917084010676	0.0090121528487021	0.0064484137199188	0.0080856710871306	0.0044902561256758		0.0032100199607		0.0115213479342237			0.0084452974896796	0.0119070427971834	0.0180245843769221	0.0070940272052963	0.0084174901927276
Fonticella tunisiensis	Fonticella	Clostridiaceae	Clostridiales	Clostridia	Firmicutes	Bacteria																																																																																					0.0014970059880239											
Fournierella massiliensis	Fournierella	Ruminococcaceae	Clostridiales	Clostridia	Firmicutes	Bacteria		0.0004041085523871	0.0003260529574843												0.0003858707424303	0.0002607310714132			0.0002466074359833								0.0001610369785751	0.0003871068778823	0.0005022253420321	0.0006582063317587				0.0002390135960719		0.0002865051276391	0.0003128860899952	0.0004233729291485	0.000407800101005		0.0001941333518075	0.0011428571428571			0.0003682341813217	0.0002530949813406					0.0001650615796033	0.0002019774261376	0.0002727466015931	0.0001951866988269	0.0004620188443259		0.0006017818753378	0.0002723960366929	0.0001943472700811		0.0005581271550751					0.0001948626916358	0.0006173950982309		0.0004280661767233				0.0003204944588164		0.0002603735112162				0.0003471456994216					0.0003298096479798					0.0003156137027404			0.0003555862963144			0.000353500997058	0.0002630121025685
Frisingicoccus caecimuris	Frisingicoccus	Lachnospiraceae	Clostridiales	Clostridia	Firmicutes	Bacteria		0.0049330011359302	0.0010730717776766	0.0046505705044875	0.0011238785706274		0.0043902323248264	0.0022747748615872	0.0030289883363582	0.001267145735242		0.0018681819043368	0.0629342119202812	0.000926112003794	0.0022210992973451	0.0023987652585499	0.002757265853683		0.0004312016725361	0.0012850632645431	0.0022872291952718			0.0016869457094747		0.0010323750412498	0.002451419214309	0.0018864407541263	0.0016708725017347	0.0043345830969673	0.0003205907988827	0.0040247564984514	0.0009992541599156	0.0034289795519574	0.0024091200288059	0.0026896961661322	0.0008708837317487	0.0036907999616623	0.0014242954179821	0.001820453475665	0.0035481309084081			0.0010261043728274	0.0039036234540134	0.0031999779063084	0.0023307727120934		0.0013719780852241	0.0032396433702431	0.0098961436997267	0.0685575647880345	0.0008614638692347	0.0010667373196039	0.0015790634378665		0.0015126692696768	0.0013453656780855	0.0003772510501117		0.0011884229809817	0.0034730836020838	0.0046026270176557	0.0188888888888888	0.0012986167317711	0.0020010954832248	0.000783292483474	0.0019546963027271	0.0046775334312556	0.0017016927524457	0.0007461243358336	0.0007471367143739		0.0023206094585651	0.001290977893105	0.0043186553471352	0.0054838575107509		0.002848312117648	0.0020135244527851	0.001165761478157	0.0030594455691952	0.0028524061804584	0.0023152604363962	0.0044910179640718		0.0011327934242529		0.0035559194759658		0.0391061452513966	0.0009304058462167			0.0004648074017768	0.0011751847917
Fusicatenibacter saccharivorans	Fusicatenibacter	Lachnospiraceae	Clostridiales	Clostridia	Firmicutes	Bacteria														0.0011035591802829																																											0.0043923476098951	0.0016819722322705									0.0002576723173602																													
Gabonia massiliensis	Gabonia	Porphyromonadaceae	Bacteroidales	Bacteroidia	Bacteroidetes	Bacteria		0.0005036315912957	0.0008505344237115	0.000563882507516	0.0003467124325347		0.0021811814789836	0.0004119361927184	0.0009117773199164			0.0003118625442403		0.0003690800030752	0.0017527241282558	0.0025731827942531	0.0025209891177971		0.0003682943912125	0.0018245646074066							0.0009257146014599	0.0008086323572257	0.0035567360701894	0.0005361079702551	0.0003994123204612		0.0009187328322067	0.0006969061916042	0.0014443937852842	0.0002923540566318	0.0018878613201637			0.0005610290784083	0.000419570568175			0.0012174817876943	0.000480453285621	0.001415404576488	0.0021177647992962		0.0006604335548502	0.0029186137622845	0.0001692020986593	0.0004317916655616	0.0011567429284851	0.0003583663578204	0.0025665359144127		0.0004089614814336		0.0007638193243856		0.0003699816993089		0.001609239635182		0.0006877621509428	0.0008432545899132		0.0015479983177778	0.0007581328646775	0.0018432245969566		0.0006918715055867					0.0022067857976579		0.0006323436182499	0.0053528949356972	0.0008362660839348		0.0017143283238049	0.0014948599656469	0.0014970059880239				0.0033537940031868			0.0010228053110483	0.0017994214734285		0.0009013947063007	0.0014651365164638
Gemmiger formicilis	Gemmiger	Ruminococcaceae	Clostridiales	Clostridia	Firmicutes	Bacteria		0.0039482123579557	0.0022132747384428					0.0007419656574921				0.0006969754667836		0.002026638867955	0.0013738037257691				0.001485440067602		0.0014014873324915			0.000765534954254			0.0001482194028158		0.0006515513402525	0.0044711004302181	0.0033529512594476			0.0013354772191665		0.0046275224951055	0.0006157039965289	0.0064548033205523	0.0098315605860297	0.001222207881422	0.0007314988652324				0.0018732929071171	0.0018946542852364					0.0006115507029324	0.0002428563947674	0.0007630145215697	0.0009491202475575	0.0009803224068894		0.0035519399709449	0.0017528647234328	0.0010858333811029	0.0063829798193481	0.0031272540218126				0.0012623515078646		0.0030169407763456	0.0005132238745023	0.0003711718365153		0.0006842672064588		0.0014508816194731	0.0040789884019545	0.0041698437406188	0.0009758339100112										0.0103559870550161									0.0011183543541972	
Geosporobacter ferrireducens	Geosporobacter	Clostridiaceae	Clostridiales	Clostridia	Firmicutes	Bacteria				0.0003731614950632	0.0003076767394873				0.0002493147417443										0.0003315052960913								0.0005154161146808	0.0002179439044137					0.0002360717577576		0.0006309711027878									0.0004733844605732		0.0003056259777682			0.0002577869879702			0.0002145083964848	0.000192827875114	0.0001590071571336	0.0004011809072563											0.0002168494268853	0.0002110789767955	0.0005675609388182	0.0001862170935553	0.0003862741831217		0.0005323962749095	0.0002862431114909						0.0004344612835457	0.0003303556240543		0.0008251830350607		0.0005836254415283					0.0003094479130402			0.000398189635774	0.0012504515790822			0.0002621077579176
Gloeocapsa sp. PCC 7428	Gloeocapsa	Chroococcaceae	Chroococcales		Cyanobacteria	Bacteria											0.0038834951456619																																																					0.0012232967026646																																
Glutamicibacter arilaitensis	Glutamicibacter	Micrococcaceae	Micrococcales	Actinobacteria	Actinobacteria	Bacteria																																												0.0003400011333371									0.0003654038357544																																											
Glutamicibacter halophytocola	Glutamicibacter	Micrococcaceae	Micrococcales	Actinobacteria	Actinobacteria	Bacteria																																																					0.0002965271389904																																											
Gordonibacter urolithinfaciens	Gordonibacter	Eggerthellaceae	Eggerthellales	Coriobacteriia	Actinobacteria	Bacteria																																																												0.002127659574468							0.000154146045441																													
Harryflintia acetispora	Harryflintia	Ruminococcaceae	Clostridiales	Clostridia	Firmicutes	Bacteria																																																																0.0011111111111111																				0.0001791324965341										0.0333333333333333		0.0002165169617712
Helicobacter equorum	Helicobacter	Helicobacteraceae	Campylobacterales	Epsilonproteobacteria	Proteobacteria	Bacteria																																																																																														0.0166666666666666		
Herbinix luporum	Herbinix	Lachnospiraceae	Clostridiales	Clostridia	Firmicutes	Bacteria	0.0251262708723881	0.0005432453616873	0.0002819151526007	0.0004091675516332			0.0008991285215878	0.0002745751347299	0.0003850170931892	0.0007703905936669		0.0003559302014864		0.0002302598991798	0.0008404994070797	0.0005566973738395	0.0006776798199704		0.0003643849653284	0.0003373370208027							0.000271769537124	0.000286974775493	0.0008605444439598	0.0004535536947441	0.0002822580912349		0.0016755104847192	0.0006447771764319	0.0004512444960834	0.0005246710682055	0.0010405030969788			0.0004420588196283	0.0004731960423978			0.0002543893136041	0.0004669005967138	0.0007003644499486			0.0005785945242961	0.0011937964408556	0.0003697827760906	0.0008430655017312	0.0004265537053753	0.0002842145431244	0.0012740679047451			0.0004896621050095	0.000470945263715		0.0003698805718672		0.0004939572367565			0.0001661215971726	0.0004223336311805	0.0005710064745748	0.000445278750511	0.0003219539194525	0.0005478357474542	0.0005329082665041	0.0007089159163901		0.000219380284951				0.0004722575277904	0.0004524545856162		0.0007266103746529		0.0007518889008108	0.0014970059880239		0.0005910707457605		0.0005859744449072		0.0055865921862536	0.000528315178001			0.0003786955087453	0.0012671770659061
Hespellia stercorisuis	Hespellia	Lachnospiraceae	Clostridiales	Clostridia	Firmicutes	Bacteria		0.0001576954272585																															0.0001278820912572																			0.0002936996083225																																												
Holdemanella biformis	Holdemanella	Erysipelotrichaceae	Erysipelotrichales	Erysipelotrichia	Firmicutes	Bacteria																																																									0.0010711607812332	0.0001651454981351															0.0006722172783648																							
Howardella ureilytica	Howardella		Clostridiales	Clostridia	Firmicutes	Bacteria			0.0006327092663492																																				0.0003599773257172										0.0004158089512953											0.002127659574468														0.0007451459646488																						
Hungateiclostridiaceae bacterium KB18		Hungateiclostridiaceae	Clostridiales	Clostridia	Firmicutes	Bacteria				0.0007166793655497	0.000241527351821		0.0006599479412263		0.0005264706534762	0.0010800261903345					0.0003306976394467	0.0002701959376026			0.0003069822199997								0.0008071314187011	0.0005086751783075	0.0008585885302467				0.0004683444931119		0.0005618892593522		0.0007594052723947		0.0001905974935457		0.0002937737872476			0.0005221606747807	0.0002510549137915	0.0009656330852305			0.001726508925368		0.0002032272058922	0.0006712825736108	0.0003349350903537	0.0006547348408884	0.0010183121102514				0.0004538342975705		0.000292456876011		0.0005641837002306			0.0005142196446438	0.000433047810696	0.0009297888341186	0.0004608426909322	0.0014001623840082		0.0005594287778363	0.0003558076748981						0.0007879783237488	0.0009945670830284	0.0012707190484441	0.0010780346297614	0.000627676998901	0.0009103077360409					0.0006752877888472			0.0009520584070193	0.0016558345585486		0.0007206950946885	0.0007463453070218
Hungateiclostridium aldrichii	Hungateiclostridium	Hungateiclostridiaceae	Clostridiales	Clostridia	Firmicutes	Bacteria																			0.000255379536289																										0.0002002768583848						0.0003032432788556								0.0001968939518558								0.000300384681701																													
Hungateiclostridium alkalicellulosi	Hungateiclostridium	Hungateiclostridiaceae	Clostridiales	Clostridia	Firmicutes	Bacteria		0.000687458548226	0.0006828778005662	0.0009597312856919	0.0005934739357113		0.0010393083378061	0.0009004808214487	0.0010440502706668			0.0008212151399643		0.0007160592137795	0.0013883943745355	0.0008955166267053	0.0017204049205439		0.0011990208757135	0.0015953290929187	0.0003847663509091					0.0015111954097469	0.0010854266129211	0.0014183978756027	0.0010594825880914	0.0014031135463953		0.0019324865931625	0.0010914359919937	0.0012343019990657	0.0017203584306309	0.0006783968113622	0.0012087700589428	0.0006396061338091	0.0005891206557544	0.0008056294776376	0.0006381655676305			0.0018586202684078	0.0007459686722185	0.0017953848177722	0.0019414282870607		0.000622353446889	0.0013523397252224	0.0010394374678784	0.0007018273586795	0.0008869884529473	0.0009427157834805	0.0018609850385841		0.0006677337973727	0.0005356595149694	0.0008251816496873		0.0015091961342572		0.0012345134581943		0.0010601842560111	0.0017998835015605	0.0021511185933093	0.0018131704248686	0.0007382118658019	0.0006645595075441	0.0008497526406712	0.0018288936671879	0.0006870681540501		0.000618344409988	0.0008275828292054	0.0017400849045707	0.0238095238095238	0.0006971688262148	0.002444084062372	0.0021480058896637	0.0019363406603036		0.001789100552732			0.00119679788443		0.0017016466377854			0.0018842465685165	0.002223901326107		0.0011179613099116	0.0008786592854268
Hungateiclostridium cellulolyticum	Hungateiclostridium	Hungateiclostridiaceae	Clostridiales	Clostridia	Firmicutes	Bacteria		0.000451817103957		0.0003489287287985			0.0005708985701826	0.0003693204847643	0.000216918313669			0.0004101532065527			0.000785788084824	0.000563686824469			0.0003922633653458								0.0003601932120299	0.000437810976991	0.0004653072533598	0.000541890835838		0.0016282806466862	0.0002623712890943	0.0005649201985808	0.0005175671212793		0.0002634524379351			0.0003472325919683				0.0004695604038395	0.0003609661766681	0.0006817476134355		0.0083333333333333			0.0002892426480816		0.0003365821595824	0.0002738721467573				0.0001727822922003	0.000444061600753		0.0002591234383998					0.0002876965291976	0.0005361658765057	0.0006125100484368				0.0004347945169482			0.0003458245072391					0.0002949507163259				0.0001744321617541			0.0007529163223121					0.0001629414265133			0.0006378055049286	
Hungateiclostridium clariflavum	Hungateiclostridium	Hungateiclostridiaceae	Clostridiales	Clostridia	Firmicutes	Bacteria															0.000173100208012												0.0002464884011806										0.0001737046335325			0.0001994975539369				0.0002157983192908																0.002127659574468						0.0002970883688095						0.0002208872732611								0.0003916694832855				0.0003612680444159								0.0002093969490958				0.0002379336487452
Hungateiclostridium saccincola	Hungateiclostridium	Hungateiclostridiaceae	Clostridiales	Clostridia	Firmicutes	Bacteria		0.0002652139973281					0.0003204503500077								0.0002670397988053				0.0002077363387641										0.0001648284586543	0.0002754432393148							0.0001982035778274							0.0002452145582906		0.000292366835256					0.0002053832080423		0.0002008867050138	0.0002367716882505					0.0005803489415748			0.0042173158025299	0.0004999671001154			0.0005968479302923	0.0002045898171075													0.0003450350257229									0.0003242488292462			0.0002081122039335			0.001067733235976	
Hungateiclostridium straminisolvens	Hungateiclostridium	Hungateiclostridiaceae	Clostridiales	Clostridia	Firmicutes	Bacteria		0.000303043980188	0.0003954525464596	0.0005586075498289	0.0003745803774841		0.0005252204473455	0.0002603119540154	0.0005125726656644			0.0004734009714904		0.0002901081495937	0.0005138323090475	0.0006137726343799	0.0011880568709944		0.0004121715713138	0.0007141595617608							0.0007070443579053	0.0005879425086393	0.0003491315986238	0.0004420551121456		0.0009971314167421	0.0003594209295763	0.0003234570843105	0.0006006120436297		0.0005459422970794			0.0003592323792588	0.0005034819306706	0.0034285975495925		0.0006457068560881	0.0003086740450544	0.0007770729520642	0.0011887434174987		0.0002767024617065		0.0002735805562088	0.000408162967007	0.0003443831507574	0.0004229741338998	0.0005095812658781			0.0002515429082931	0.0005095111040139		0.0003529283779619		0.00071227852228			0.0007151529491866	0.0007453711509537	0.0008167130661044	0.0003430116498875	0.0005072579647211	0.0005862746528967	0.0004143513567993							0.0003887420188442	0.0008874382263222	0.0015401727455345		0.0010671308923632	0.0007325919028897			0.0005719322332531		0.0006452776284101			0.000783868572467			0.0005638759655676	0.0004337867076213
Hungateiclostridium thermocellum	Hungateiclostridium	Hungateiclostridiaceae	Clostridiales	Clostridia	Firmicutes	Bacteria		0.0009492069125894	0.0009185256505884	0.0021606037856954	0.0010998519918548		0.0016597075606134	0.0008656998933167	0.0021420496931645	0.0015107061713894		0.0013742242628126		0.0008142745476884	0.0014474785648638	0.0013829854597209	0.0038167846102854	0.015625	0.0019332742087646	0.0024021364662563	0.0003461049354841					0.0015687224667916	0.0030584524919917	0.0022408354758307	0.0016761672561718	0.0008987305875802	0.0002974626630092	0.0018092629012202	0.0024934933818316	0.0010304601349445	0.0028071533531917	0.0004488005013717	0.0020449901909359	0.0006328202572926	0.0005934090979192	0.0007802244754838	0.0010198041961864	0.0068571183314228		0.0033275877880277	0.0011952823293002	0.0035525125503474	0.0019528321617369	0.0166666666666666	0.0017674005701772	0.0018687622119119	0.0007027925206243	0.001554594594342	0.0010252135882178	0.0011745006906688	0.0021981488692529		0.0010122794840521	0.000545597869991	0.001560272121794	0.002127659574468	0.0015532072800259	0.0039691706394423	0.0012521572910382		0.0011195274018676	0.0023598359676171	0.002567477535944	0.0038766588181515	0.0014576458727281	0.0018373488838394	0.0007899770304731	0.0030922663555014	0.0010044546093334	0.0015628344443969	0.0004579212147189	0.0012329713697865	0.003578664189682		0.0017922988660809	0.005606532501877	0.0048015143901402	0.0025722402866186	0.0022996325168417	0.006285266801772			0.0015999620394831		0.0034666563847205			0.0062615292699339	0.0064493866559144		0.0021087375379047	0.001640895520725
Hungatella hathewayi	Hungatella	Clostridiaceae	Clostridiales	Clostridia	Firmicutes	Bacteria		0.01056520214244	0.0054454346117494	0.0062876031275625	0.0017946454089029		0.0048698601330205	0.0068766365458199	0.0035651019504487	0.0024235930568237		0.007632143739199	0.0177354067890006	0.0065786209719856	0.009057943762441	0.0050902576255867	0.0065796105432325		0.0080684097453114	0.0060010295129113	0.0064891538668334	0.0099716685854398		0.0048470388009418	0.005658454416589	0.0044553717258319	0.0030821605466316	0.0082990701213357	0.0087305220679675	0.0114308159556795	0.0036640913189428	0.0048282006085168	0.0053452489207774	0.0127304252432724	0.0026255581752661	0.004769349446998	0.0084530861447273	0.0074817467922257	0.0076011633064672	0.0043757964547981	0.0065065174305685	0.0054807062108843		0.0051045332905192	0.0082742770586676	0.0086249015836519	0.0087603086891328		0.003167902599283	0.0117066121714699	0.0050092453787316	0.0178798112652848	0.0057757431971926	0.0064040135013995	0.0077135320400435		0.0110473331120804	0.0076657261002196	0.0054985665733276	0.0044587005930229	0.0087546443690253	0.0058266717702396	0.0068519997271668		0.0066646568366774	0.0026839521558717	0.0094567902602026	0.0043960446096257	0.0066101371066048	0.0019673145522212	0.003640901549868	0.0049399313300874	0.0081555471319499	0.0098432114637576	0.0045573395348015	0.0093928159945301	0.0055647093996112		0.003881998153328	0.007109353053547	0.0032467060312471	0.0050692237135382	0.0025229041829788	0.006080635666003	0.0016514415384678		0.0049370668856307		0.0061361669509673		0.0056947576117505	0.0070178755094308	0.0048190902161839		0.0048098697275603	0.0047228827023743
Hungatella xylanolytica	Hungatella	Clostridiaceae	Clostridiales	Clostridia	Firmicutes	Bacteria															0.0001979106233026														0.0001729792337235																								0.0001555369263289																																											0.0003053309379935
Hydrogenoanaerobacterium saccharovorans	Hydrogenoanaerobacterium	Ruminococcaceae	Clostridiales	Clostridia	Firmicutes	Bacteria		0.0005395596016328		0.0004761064436419			0.0007107736672873		0.0008249736103251	0.0008382709642207		0.0003814727720427		0.0002164137605651	0.0005920377123558	0.0003352538143073	0.0007822098466132		0.0011271988317223	0.0004007693384141							0.0005182942512373	0.0006302450918579	0.0009441441142628	0.0002821618869227			0.0004621931832402	0.000313521756116		0.0002762577370155	0.0011598666109757		0.000287775396177	0.0004998839025068	0.0002464118346485			0.0005280600549802	0.0004833366394965	0.0006264922900729			0.0004203670370125	0.0010574304744003	0.0001463919829656	0.000326450897349	0.0002515089123244	0.0003243721850766	0.0007364348088357		0.0007374835958168	0.0003214591884628	0.0004801680683291	0.0021276597430607	0.000821713909475		0.0005604193164176			0.0001953758419372	0.0013613107272398	0.0007313016799085	0.0006177383895291	0.0005207833908452		0.0006532679207442							0.0010567689074152	0.0011932898441129	0.0006771770572156			0.0009353073664367					0.0022072378176134			0.0011860308472039	0.0020159712891013		0.0007461261512321	0.0005267708601563
Ihubacter massiliensis	Ihubacter	Clostridiales Family XIII. Incertae Sedis	Clostridiales	Clostridia	Firmicutes	Bacteria		0.0011419196767199	0.0013525489344707	0.0107663402027055	0.002090374362793		0.0100384589300959	0.0019560773825646	0.0106380767600172	0.0037766427224688		0.001610672545856	0.0123121415290987	0.0035125812943034	0.0056114554982217	0.0047275449003178	0.006198476392589		0.0025483406701944	0.0038501894589214	0.0004678550349015	0.0059137070273022				0.004925470576565	0.0056199239163298	0.006214543487878	0.0071300065723015	0.0009260526048216	0.0016598077922633	0.0058981890934289	0.0096336350784386	0.0021480553151381	0.0081773063237472	0.0008169364001792	0.0054905173285267	0.0011659989450037	0.0014436706207841	0.0023176042157473	0.0042259244942377	0.007051007026037	0.0154545206360924	0.0129889448578559	0.0011096936171182	0.0061247647169582	0.0056497445746896		0.0059158399476263	0.0118369547181513	0.0029260343266343	0.0136172713395341	0.0060996123864866	0.0043440259512841	0.0104433534453912		0.0015989972559406	0.0011936160855684	0.0042208384183002	0.0042447117680262	0.0036592491538216	0.003225006201935	0.0052606003566339	0.033626229032596	0.0016272786458134	0.0047217031631252	0.0041067404623685	0.0070303456298902	0.0081118823928391	0.0038912562862437	0.0033161858652973	0.0063315957175057	0.0071987327546969	0.0014638251206819	0.0007688552740511	0.0020072676083718	0.0070275557975734		0.0141195141068599	0.0133990309654579	0.0066105475734584	0.0118617879987956	0.0038809581369459	0.0148495325504551	0.0072923127065885	0.0258899676375404	0.0046194832401849		0.0132855807399537		0.016759775014859	0.0118423778371632	0.018727594304258	0.0666666666665072	0.0039402498236155	0.0033133955114403
Intestinibacillus massiliensis	Intestinibacillus	Eubacteriaceae	Clostridiales	Clostridia	Firmicutes	Bacteria		0.00384488456101	0.0019950353704043	0.000285631618996	0.0034625034270628		0.0005108445704819	0.0016264451517896	0.006913847852702			0.0040180473418646		0.002044016779737	0.0013058300623797	0.0052818400277977	0.0041065356164549	0.03125		0.0010796775981798	0.0009021693281971			0.0005258323895905			0.0005433565726407		0.0004264038903277	0.0033939711552664		0.0034374095969077	0.0005105335429515	0.0012794332185619	0.003047512867782	0.0007255220164965	0.0002065634263936	0.002361356636507	0.0015555193513881	0.0009837051359252	0.0002977130736237			0.0038090730353468	0.001386735928683	0.0030190507378321	0.0040593988936314			0.0009599344822988	0.0023679274366201	0.0010128494769247	0.0002633693880827	0.0002288605229628	0.0007100531878533		0.0021316432155019	0.0014908628066856	0.0003683150390434	0.0042553191489553	0.0002784437596872		0.0033124796366807		0.0005110019522214	0.0018971254368124	0.0003755770239382	0.0006376595613203	0.0012321132864513		0.0006385392248146	0.0009173432618526		0.0021743074264567		0.0021458989127744	0.0045974754501913		0.0026505372522765	0.0008560563814465		0.0015189674254411	0.005067925825353	0.0039019927296937					0.005682860367245			0.000572620959779				0.0004051549706961
Intestinibacter bartlettii	Intestinibacter	Peptostreptococcaceae	Clostridiales	Clostridia	Firmicutes	Bacteria		0.0013710364819393	0.0018666054620014	0.0021599096409647	0.0044898312633122		0.0014334778304769	0.0026635225559032	0.0032923217118451	0.0025134701194863		0.001780273840617		0.0041267705634078	0.0029055243867844	0.0033549651047474	0.0052653045520512	0.0356828075427718	0.0027531117534865	0.0051766019660454	0.0043414320296504	0.007125728918675		0.0040757733443346	0.0050580248100218	0.0023523475980343	0.0036181687875202	0.0020857249995078	0.0031788384788275	0.0008034163966766	0.0025630134220541	0.0029883112796886	0.0015551783150893	0.0015227671022952	0.0044251153749256	0.0023690660379003	0.001433837511458	0.0019067439180848	0.0019941515743807	0.0025421726260074	0.0051387229122962	0.0040063851933749		0.001616129699288	0.0011272628845022	0.0026346297162005	0.0032766514474163	0.0083333834833042	0.0028567742882253	0.0032443185960698	0.0086111831522809	0.0024958867761032	0.0059887940743542	0.0091081150845012	0.0051842124294502		0.0015323994066836	0.0015374776379978	0.0086616637229465	0.0046624829971831	0.0045701613277014		0.0023510339050941	0.0088916153548891	0.0036173191248837	0.0057221541712503	0.0059509087324881	0.0043537647294398	0.0041980743207288	0.0029286449265976	0.0041634273493242	0.0039491280910239	0.0069316207677255	0.0024062794554878	0.0014816143783384	0.0022880127240177	0.002865063847933		0.003419705371576	0.0043376545439417	0.0068404994691706	0.0071907376024776	0.0023590013109388	0.0104633140913504	0.0094822165480368		0.0015695056041412		0.0024736331021195		0.0055875111279586	0.0089839817015105	0.008440206086584	0.0169294247165484	0.0085942644314292	0.0021208947868258
Intestinibaculum porci	Intestinibaculum	Erysipelotrichaceae	Erysipelotrichales	Erysipelotrichia	Firmicutes	Bacteria		0.0005967618679364	0.0029006188068728				0.0004521935611841	0.0124463695678165				0.0029168243960274		0.0037627999557712	0.0543634401453738	0.0042337329789816	0.0009575677778442		0.0019909022537125	0.0012182323713933	0.0031730981707681			0.0018557691050345	0.0037787183708186				0.0036250157316972	0.0015543848242007	0.0031465778032904	0.0007922218221624		0.0010520022166159	0.0004611330698287	0.0089493504944906	0.0024370407937527	0.0010424815412122	0.0023890659013658	0.0022039694251769	0.003018474184188			0.0020966738357063	0.0019213595417509	0.0284820736022547	0.0069526463297407		0.0005643340477363	0.001018394755267	0.002178762389772	0.0012177461819585	0.009408955402392	0.0153768444772569	0.0003149612646066		0.0020709072173133	0.0025753292678162	0.0118205953440871	0.0106401852615317	0.0148906466782998		0.0028431654532681	0.0088888888888888	0.0050737344160874		0.004872521302883		0.0437680112183904		0.0027115023112238		0.1491784994968638	0.0067810116825744	0.0090986502013656	0.0031865283916431	0.0011133603238866	0.0238095238095238									0.0209199938765908		0.0003829883030616		0.0111731843575419				0.0081753803165987	
Intestinimonas butyriciproducens	Intestinimonas		Clostridiales	Clostridia	Firmicutes	Bacteria		0.0009722241734779	0.0012644674259302	0.0061145547002726	0.003833931177099		0.005407164807216	0.0014975158600139	0.0099603400879191	0.0057757499932104		0.0014238604908925	0.019744724448951	0.0026924437698429	0.0030870353349546	0.0046088199257711	0.0053440727503613		0.0030460638179982	0.0044279044030308	0.0011593699870713			0.0003838904753372		0.00263283816167	0.0069772979007924	0.0061111290522533	0.0049752920421779	0.000948359446103	0.0003930702278305	0.0055183187254728	0.0060229910499607	0.001901425359079	0.0068409271522726	0.0014847353599971	0.0037933865530363	0.000406645059868	0.0006001277827899	0.0035394687859253	0.0039404593273914	0.0167690589358715		0.0058597018282988	0.0008690143978872	0.0038049655078737	0.0024682158477223		0.0062265405906904	0.0089085864837785	0.0044634920725959	0.0112082962036787	0.0024979058647368	0.0037832939699435	0.0060832269575745		0.0019268422652526	0.0008641746716274	0.0051551383219649	0.0031914393573921	0.0032726658981186		0.0029661077856587	0.0061111105845463	0.0022838050466369	0.0059363078487228	0.0030683259868925	0.0088677908349319	0.0078930767159512	0.0051445246637217	0.002273306896732	0.0061013682396894	0.0023002935487381	0.0013562466488358	0.0008433698495169	0.0007834279572232	0.0055970456691648		0.0115487012053095	0.009140633962767	0.0103579737541511	0.0051035135910341	0.0057873639172796	0.0072520164660657	0.00224422858066		0.0032659412122936		0.0103486231973856		0.0083954824344537	0.0045942204290929	0.0081887229771576		0.0060890815807613	0.00683518394024
Irregularibacter muris	Irregularibacter	Eubacteriaceae	Clostridiales	Clostridia	Firmicutes	Bacteria																											0.0002502632266885																																																																					
Jeotgalicoccus psychrophilus	Jeotgalicoccus	Staphylococcaceae	Bacillales	Bacilli	Firmicutes	Bacteria																																																					0.0002202828083601																																											
Kineothrix alysoides	Kineothrix	Lachnospiraceae	Clostridiales	Clostridia	Firmicutes	Bacteria		0.0004478008386212	0.000502728081185	0.0008932465482895	0.0004396905856464		0.0008027186627328	0.0007820741232586	0.0002458955864123			0.0012052304345094		0.0005846470476476	0.0008476368532131	0.0012249608139748	0.001392650133277		0.0003347131772324	0.0023622327920464	0.0003216877959366			0.0002845937659066		0.0011834030389312	0.0011290783454193	0.0007188894925855	0.0009068070502368	0.0004384176146887	0.0005671710523971	0.0010078326695172	0.0033621364186316	0.0003782742142061	0.0007841599929702	0.000700506264375	0.0008595025508837	0.000587657684102	0.0008295695511826	0.0009149452583961	0.0005737503606804	0.0022857239880873		0.0004930960071868	0.0005662058530603	0.000274887312795	0.0010748139141009		0.0003018849567581	0.0010389365615711	0.0002184082751139	0.0003337650808462	0.0007921760946679	0.0005061616379316	0.0007860368104785		0.0004321498107462	0.0005026400853381	0.0003841994015192	0.0021277477486452	0.0004260463154443		0.0004471962385151	0.0044444444444444			0.0003971043145493	0.0007348080026404	0.0009003776657129	0.000320650979762	0.0006645239478399	0.0013971579946536	0.0003692673189423	0.0010609212078617	0.0010597573708273				0.0011377943461419	0.0013775739164579		0.0011947149162217		0.0001753471426724	0.0044913596115247				0.0004604566570803			0.0003246865885318				0.0012265285008359
Kiritimatiella glycovorans	Kiritimatiella	Kiritimatiellaceae	Kiritimatiellales	Kiritimatiellae	Kiritimatiellaeota	Bacteria																																																	0.0003668125415388																													0.0238095238095238						0.0001505041890225												0.0001984663960306
Kurthia sibirica	Kurthia	Planococcaceae	Bacillales	Bacilli	Firmicutes	Bacteria			0.000943489687772																																																																																													
Kurthia sp. 11kri321	Kurthia	Planococcaceae	Bacillales	Bacilli	Firmicutes	Bacteria			0.000255524320013																																																																																													
Kurthia zopfii	Kurthia	Planococcaceae	Bacillales	Bacilli	Firmicutes	Bacteria			0.0003606473562602																																																																																													
Lachnoclostridium phocaeense	Lachnoclostridium	Lachnospiraceae	Clostridiales	Clostridia	Firmicutes	Bacteria		0.0002183952439515					0.0003001141147457	0.0002170418020947	0.0001580493972542			0.0001731894846155			0.0002034639661257				0.0002145931381478										0.0001937706919861				0.0002460798204233				0.0002488963412772								0.0001765768935107	0.0003061150756365			0.0001626428044068		0.0001738095662435	0.0006092795124335	0.0001079408829433		0.0003390757965526			0.0001349339589758			0.0002019358866573						0.00020114144839		0.0001442633469445				0.0002453821230582						0.0002192854248561					0.0001380813971098								0.0001304921184236				0.0001892387077441
Lachnoclostridium phytofermentans	Lachnoclostridium	Lachnospiraceae	Clostridiales	Clostridia	Firmicutes	Bacteria		0.001598622622436	0.000359892808056	0.0006654093850515	0.0002546914856244		0.0024395977881735	0.0004781582502708	0.0006188959060804	0.0013458955803448		0.0006043987781054		0.0002836601638867	0.0018057954816425	0.0010305602729821	0.0009135848769143		0.0004309125027398	0.0006308779152984	0.0003468298629985						0.0006081647975121	0.0007725917183446	0.001526861238306	0.0007695533904923	0.0002600441619446	0.0012808374509655	0.0034389143475562	0.0015801773039514	0.0009527582816445	0.0008223943993283	0.003481689205419	0.0005906611568985	0.0002411723913924	0.001994774391205	0.0018873893401592	0.0044758468005097		0.0018901886658625	0.0004540839251424	0.000881074108826	0.0008944298415982		0.0015516567659862	0.0056379759280367	0.0015257585230195	0.0008831591014113	0.0008994055343062	0.000500848823119	0.0036438594783062			0.0001262923635671	0.0009871865371757		0.000502641363214		0.0025770270429795		0.0004398626011839	0.000176248240596	0.0009563280849446	0.0012680831113536	0.0008131412172823	0.0005617275481414	0.0019042592317831	0.0004931552568195	0.0004259865399654		0.0005396345692545	0.0020261768774833	0.0010984604817233		0.0012849017743483	0.0016478189982968		0.0015030407489912		0.0006813064710419	0.0015826588014518		0.0020530918634842		0.0008016632709586			0.0009057832831564	0.0013797072627014		0.0020793551353656	0.0038905917273535
Lachnoclostridium sp. YL32	Lachnoclostridium	Lachnospiraceae	Clostridiales	Clostridia	Firmicutes	Bacteria		0.0032351588414682	0.0014987662691582	0.0022991525559936	0.0007536264278271		0.0015392105148489	0.001825301113544	0.0013731757114182			0.0019850962755861	0.0098765855279041	0.0015986224377283	0.0031404753604894	0.0015568098774553	0.0026653532533016		0.0035227971570884	0.002266159105221	0.0021186263651511			0.0015676986283187		0.0014355518313159	0.0021462823776557	0.0031339671204698	0.0033417454092921	0.0031191901697004	0.0017252201649931	0.0012271962282628	0.0014759073346257	0.0031309882955636	0.0004744580455506	0.0014659721903039	0.002481777219228	0.0018455937930959	0.0020076102217492	0.0017913904561283	0.0018416693335781			0.00147683273706	0.0015227948764289	0.0039775881523709	0.0019290884079594		0.0005202700405128	0.0018639410540969	0.0021698865881225	0.0084681451187338	0.0028297527231171	0.0032491551859118	0.0019577616391654		0.0040178212576227	0.00192414139067	0.0024999291633992		0.0035216843880681		0.0016362285803527		0.0037202288974289	0.0011367485681004	0.0041331410321909	0.0030498112614893	0.0031466720242894	0.000714114681796	0.0011534681371276	0.0018612975079528	0.0034105180104988	0.00186695275955	0.0023283286082598	0.0019059893376584	0.0019775372520457		0.001315697843736	0.0028181517128191	0.0018936860174459		0.0010330313228126	0.0026170973863198			0.0013425495943441		0.0021223862776941		0.0059912151657787	0.0028386341416048	0.0043399470971319		0.0025980293943231	0.0006287585524534
Lachnospira eligens	Lachnospira	Lachnospiraceae	Clostridiales	Clostridia	Firmicutes	Bacteria		0.001582819550954	0.0012234392978345	0.0003986772318833			0.0009567457999321	0.0007603980424044	0.0002141463535381			0.00095641305927		0.0013424620438225	0.0017414887120552	0.0003386100179303	0.0009450148302909		0.0012555585483151	0.0006081101851574	0.0002256906488636						0.0003071041378735	0.0007510906911457	0.000452443311347	0.0046849940009917	0.0001766541457385		0.0002081757422016	0.0009628152662399		0.0008450194351366	0.0006900274802176	0.0007991812354079	0.0014160236249917	0.0002724059551731	0.0005610847025772	0.0011428571428571		0.000301101680782	0.0020677459468526	0.0016138799532247	0.0018888224313438			0.0008904208784208	0.0002756664503189	0.0009670677659671	0.000222716291748	0.0002630665143268	0.0006533891504184		0.0049515613371752	0.0018820605595108	0.0003076484761318	0.002127659574468	0.0007614437508775		0.000430137542978				0.0014038487775352	0.0011244825288411	0.0001801612049322		0.0003405548216972	0.000259062282347	0.0005073993559343	0.0013529637974069	0.0007018818638566	0.0006945185342274			0.0001616028423986	0.0002035272892985				0.0001450803086058					0.000364560806737			0.00021744133861			0.0003199383201826	
Lachnospira multipara	Lachnospira	Lachnospiraceae	Clostridiales	Clostridia	Firmicutes	Bacteria		0.0001370065681306																										0.0002166655466197	0.0001623158560375								0.0002673767568923		0.0002723545840753							0.0002560839643898								0.0001618339831912																					0.0002099085567275									0.0001254873653254								0.0001743591136473				
Lachnospiraceae bacterium Choco86		Lachnospiraceae	Clostridiales	Clostridia	Firmicutes	Bacteria		0.0017423778085175	0.0013398781638731	0.0024121276897754	0.0007847313602966		0.0015600756525112	0.0013903842320495	0.0014043761084145	0.0022235295943585		0.0013564964944567	0.010389626972292	0.0016469275857845	0.0018704442425597	0.0018664554262443	0.0019052688509921		0.0022578498892199	0.0019111675312216	0.0010279764827111			0.0007333765387737		0.0018971086555139	0.0018674500943083	0.0025639620475029	0.0015278597032541	0.0024820489825595	0.0009320197735703	0.0017031850514625	0.0032439546357679	0.0019802680224082	0.0010772226892094	0.0008074239847706	0.0018961767973945	0.0013517689555868	0.0013635845180245	0.001219390366245	0.00151338164877			0.0028157571216608	0.0014804558020993	0.0023900630573031	0.0022661973761581		0.0023443262284672	0.0022476033067272	0.0022259134640972	0.0081745984152846	0.0017253927803507	0.0018701719356981	0.0021222114512644		0.0020036386406081	0.0015341887681923	0.0015858785763039		0.0020521799028393		0.001614382924756		0.0012864004866149	0.001781359318837	0.00285147161122	0.0023018278274935	0.0017134499756251	0.00135478162197	0.0010175082660869	0.0027096854017892	0.0034001088705795	0.0017541517990389	0.001272492135789	0.0018811963338544	0.0020145905924263		0.0016380114063927	0.0028988358306284	0.0023057420353007	0.0020793954989747	0.0009819930980597	0.0012517391137353			0.0011467458081888		0.0020376390372843			0.0015801348869903	0.0022746613431962		0.0018268713124049	0.0032270349100881
Lachnospiraceae bacterium GAM79		Lachnospiraceae	Clostridiales	Clostridia	Firmicutes	Bacteria	0.0279783393501805	0.0455331420604437	0.0282126881136564	0.0219020686981931	0.0116081906881813		0.0404603215591812	0.0253318993511654	0.0160879517031253	0.0141589438025072		0.0261438741332074	0.0234250602472378	0.0371793952848125	0.0455955355852666	0.0360017220208853	0.0473135727171039		0.0278765390734849	0.043135219045095	0.0114166046653649	0.0390531581935888	0.0227555088439545	0.013665190060303	0.0180981318692383	0.0211468322415432	0.0333612534437084	0.0450113110261064	0.0682664261095785	0.0362933703007583	0.0213862097555048	0.0300130617935729	0.0708065700747121	0.0508361204052148	0.0254516371570925	0.0159386671507537	0.0735076180330817	0.0330903456801783	0.0280363093607115	0.033905728608662	0.0332548176623243	0.0219397272750586		0.0301920900665651	0.0370780330721423	0.0366664002577314	0.0302181617537618	0.0083333447440267	0.0324655326165403	0.0704963183558351	0.0142679144015625	0.0311769201608616	0.042141153694701	0.037377288798565	0.058903019837568		0.0428894508462738	0.0246512725935248	0.0292853660765409	0.0276318526696884	0.0323381615486927	0.0156288762096765	0.0321543905817529	0.0144444444444444	0.0162603886811035	0.0095559227895139	0.0346500186930703	0.0436623177952229	0.0373318922019035	0.0157418102653673	0.0315289329148005	0.037212979524803	0.0177023332128468	0.0349389813445702	0.0153920781687149	0.0371884981146779	0.0310318520081584		0.022404215895415	0.0604653867194078	0.0100021831149513	0.0179616678983803	0.0043767640552919	0.0339610128656121	0.0225890517506884	0.0235673303919393	0.0172400592336629		0.0288287843902811		0.0223599374920462	0.051106106910057	0.0249064788416399		0.0388237685548771	0.0234157289407693
Lachnospiraceae bacterium KGMB03038		Lachnospiraceae	Clostridiales	Clostridia	Firmicutes	Bacteria		0.0002090748860139	0.0002494095030103	0.0003107102916338				0.0002042428355632	0.0001751534425949						0.0003328395082597												0.0002061899261622	0.000297586281886	0.000402189226517	0.0003766014123063			0.0002507597012435	0.000403380119129		0.0002149434719787	0.0002892768482035			0.0002100642822429				0.0003506218768954					0.000359869391166		0.0003103516394647		0.0003057163322803	0.0003007917496692				0.0001790929917276			0.0002319776016344					0.0001422434715547	0.0003018948969819	0.0005643552454236	0.0002183193703364			0.0003023354067401	0.0003314354441536						0.0003027714356325	0.0005305372941061				0.0003267545993905					0.0002995572212786			0.0003366028420708				
Lacrimispora aerotolerans	Lacrimispora	Lachnospiraceae	Clostridiales	Clostridia	Firmicutes	Bacteria																					0.000255254009241			0.0006036262008083															0.0002330250543226													0.0003347648507422																																												
Lacrimispora algidixylanolytica	Lacrimispora	Lachnospiraceae	Clostridiales	Clostridia	Firmicutes	Bacteria		0.0022816873008716	0.0012125587503683	0.0014337833043489	0.000387722810517		0.0023951785080857	0.0015877432585836	0.0010689296547029	0.0012766448125546		0.001465426565247	0.0074513628742626	0.0008959589914858	0.002288253783817	0.0012766255705236	0.0011495475230171		0.0023155728098681	0.0017686824033441	0.000674969138954					0.0010925422131387	0.0011892720953703	0.0018000448974899	0.0021544601452234	0.0026384238306719	0.0005159077364543	0.0017306278402014	0.0016187452574903	0.0028509539479439	0.0009947076257248	0.0007400334821169	0.0027886096368779	0.0006878822672154	0.0006136110196796	0.0014269258307787	0.0022911333887364	0.002275900700779		0.0014061800593231	0.002188266535033	0.002924871681465	0.0019447906032262		0.0011610990871808	0.0022448901934401	0.0014627830946155	0.0063693547550853	0.0011304141631999	0.0016072449122762	0.0021190574860832		0.0023126878767492	0.0011041883005655	0.0014020750744434		0.0019683467277448		0.0018571485763903		0.0014111428599902	0.0006387877960051	0.002492290859547	0.0014171646599721	0.0013867553341511	0.0005034769440997	0.0010489312358184	0.0014454599949976	0.0017126732983183	0.0015786541169391	0.0013137313700925	0.00187526903113	0.001405680736616		0.0014235295036371	0.0022920643582261		0.0015122753022577		0.0018828782225525			0.0013441366828225		0.0015096729252838			0.0020134013408796			0.0015819426286404	0.0013426603631435
Lacrimispora amygdalina	Lacrimispora	Lachnospiraceae	Clostridiales	Clostridia	Firmicutes	Bacteria		0.0007167314629095	0.0004297895436647	0.0008103199783686	0.0005027959932296		0.0007385938161421	0.000932864326208	0.0003361357362975			0.0009083422513418		0.0005988628252984	0.0009529688626996	0.000304142548749	0.000797628794583		0.0007510134726328		0.0007545782493065			0.0005764389293028		0.0014626682407666	0.0002882514220791	0.0005828297807744	0.0008601130296705	0.0009473026602468	0.0006547811796168		0.0003974280087546	0.0008025441350293	0.00043003590275	0.0003553982011309	0.0008201779386164	0.000522976472491	0.0007105947656071	0.000530254248186	0.0010032288612492	0.0023517210551685		0.0004576812507649	0.0010364489634006	0.0008249653583229	0.0014889613321205		0.0005936060780743	0.0010750757858909	0.0005226007426273	0.0016256022719806	0.0005599480438108	0.0007114274589834	0.0009136843992686		0.0009252769598586	0.0003548617122907	0.0007700805733426		0.0005910978435925		0.0005929647975564		0.001069656645769	0.0003256903772957	0.0011770591128101	0.0003832512320495	0.0008196147628296	0.00043199321872	0.0005555155435449	0.0003388066791567	0.0007357352210624		0.0008399913862162	0.0009692478646626			0.0002581624133884	0.0005343921743564	0.0010939448546302			0.0002610092072561			0.0007717148639628		0.0004790170586376			0.0002854487038826			0.0005601348112125	0.0003940056205294
Lacrimispora celerecrescens	Lacrimispora	Lachnospiraceae	Clostridiales	Clostridia	Firmicutes	Bacteria																					0.0002432087020642																															0.0001916803120432																																												
Lacrimispora indolis	Lacrimispora	Lachnospiraceae	Clostridiales	Clostridia	Firmicutes	Bacteria		0.0006897726676507	0.0002527578318015				0.000448945267398	0.0002708639162059				0.0004175559688686		0.0006768322128981	0.0004069360417055	0.0002556531321587			0.0002549208411204		0.0001756713992557						0.0002180907845973	0.0004806263364988	0.0004793103889288	0.0005571867398919	0.0002605746716268		0.0003675243657312	0.0006389868553607			0.0011094003822903		0.0002031138727621		0.0004114875160376			0.0003357290400382	0.0003639275018342	0.0005766178315194			0.0001780372491208	0.0008936936083537	0.0002918164851957	0.0024079998894682	0.0003025152471018	0.0002537068404298	0.0005167387880649		0.0004732995378334	0.0002588269174166	0.0001895922076996		0.0003911178746555		0.000519704275508		0.0005728796884092	0.0001642969014812	0.0003272717128654	0.0002817287973634	0.0004335523543277			0.0002572773451885	0.0004040916749022						0.0001455369842259	0.0004618818021167				0.0002320918453256			0.0004857471317241		0.0004027973960866			0.0005814137463367			0.0003541554603323	
Lacrimispora saccharolytica	Lacrimispora	Lachnospiraceae	Clostridiales	Clostridia	Firmicutes	Bacteria		0.0185392901544063	0.0098381982927186	0.012747146032475	0.0034513469444544		0.0126096879926976	0.0111344695424727	0.0063293368750395	0.0068350790134339		0.0125007044327172	0.0717618950577174	0.0124189473748609	0.0185996557621166	0.0094499877337983	0.0112223957052567		0.0150989099980709	0.0086921955619164	0.0088250542872582	0.0196892470376665		0.0070309241207026	0.014942103998155	0.0120313857610339	0.0050822916992398	0.0175463393065076	0.0152844369554728	0.0261691535797742	0.0099446725708183	0.0098555136953702	0.0113889795524041	0.0232574624574725	0.00527349294769	0.0085722811378385	0.0185511099922906	0.008862641766682	0.0107543912015658	0.0095916448616446	0.0151178323067134	0.0053859188554977		0.0084545468906334	0.0174724095455228	0.0213718900446732	0.0122539730224203		0.0094707152213778	0.0193904214915917	0.0148878778188442	0.057609923787665	0.0110187194763503	0.0130445301340646	0.0174194511277002		0.0224806275224371	0.013776215384107	0.0103874199101112	0.0313370867799307	0.0158592873662217		0.0113351509688172	0.0178688404108082	0.0124427142018041	0.0053301785947905	0.0186702451028945	0.0089392727607897	0.0120394398705487	0.0039223193257824	0.0094539929470473	0.0094818261497952	0.0171882240505434	0.0122188400307627	0.0120125161664941	0.0167131648403431	0.0092568918073485	0.071348570502996	0.0073035364705247	0.0134653804326486	0.0073539597184327	0.0092231602151522	0.0059104277038158	0.008809407234258	0.0059513818494723		0.0123792079080827		0.0123774507211717		0.0491833643220628	0.0118850680255205	0.0091472322160797		0.0089207754167666	0.0129563184257437
Lacrimispora sphenoides	Lacrimispora	Lachnospiraceae	Clostridiales	Clostridia	Firmicutes	Bacteria		0.0040275840378354	0.0027827803594083	0.0020131009206328	0.0007378424159017		0.0043414412358014	0.0015310158190049	0.0010693624981679	0.0021495933504971		0.0023626091834885	0.0237874780413988	0.0035306414483336	0.0035750432093213	0.0021474432788868	0.0030040222193527		0.002523096372533	0.0022823340367718	0.0024540705226284			0.0025577134466698		0.0017836225744299	0.0016852683483316	0.0026688972257176	0.0041203900234139	0.003076678505424	0.0026227668591802	0.0017891758427421	0.002308095435523	0.004104040107108	0.0020170607116176	0.0022651812880439	0.0072367144021154	0.0023420595822876	0.002891968001222	0.0029353698445487	0.0048020572835858			0.0014580112638698	0.0027970046480384	0.0032868434426089	0.0024021415506931		0.0018456211771203	0.0079691684128933	0.0036947736667527	0.0148841588300771	0.0030739983866357	0.0031356520924268	0.0057378288373654		0.0047490748816768	0.0025775649449155	0.0028025772403131	0.0024825026142179	0.0028516883507908		0.0034788442972873		0.0026616805206423	0.0009624947686264	0.0032624451807824	0.0021475497026882	0.0040366566224662	0.0007952114531233	0.0039848029368006	0.0014268871562541	0.001665041926242	0.0032758023402737	0.0018429537333996	0.0040363860779963	0.0025138617992487		0.0014782799570294	0.0031457444248834	0.0011547440075163	0.0024909401350607	0.000735666913922	0.0010111001698493	0.0014971486171193		0.0029567501596368		0.0024586576350587			0.0016522514206424	0.0025077782782775		0.0024313416782633	0.0018271992134236
Lacrimispora xylanolytica	Lacrimispora	Lachnospiraceae	Clostridiales	Clostridia	Firmicutes	Bacteria																																					0.0002026055213596					0.0021941900843336				0.0002356074680981																																							0.0015588343964364											
Lactobacillus acidophilus	Lactobacillus	Lactobacillaceae	Lactobacillales	Bacilli	Firmicutes	Bacteria				0.0006013150950853	0.0030337808369025				0.0011441573457798	0.0009753060099807																0.0019281610248202	0.0012945840671914	0.0021230661472354					0.0001857145699797									0.004015563253477							0.0009458460982914		0.0032637510299088															0.0041567722435971		0.0045139986602848		0.0002597535708851		0.0017549402970399							0.0014076065884079	0.0011522165967825	0.0008930402172793	0.0055966528004496		0.0005530153321055					0.0003394991038318			0.0002186016212723	0.0014410720493355			0.0005705615333268
Lactobacillus amylolyticus	Lactobacillus	Lactobacillaceae	Lactobacillales	Bacilli	Firmicutes	Bacteria				0.0026305420000997	0.0181757213225098				0.0040634318455356	0.0021734262122558																0.0112902138178776	0.0054890365360353	0.004892797164424					0.0004114044165193									0.0182143677139583							0.001910586444838		0.0082970676445439	0.0002805793800617														0.0152912358489962		0.0111343787194382		0.0014608597447591		0.0065116529396296							0.0038810206028893	0.0028592220730801	0.0014677143994177	0.0112537893341507	0.0038981992806022	0.0010744258858794					0.0012880159808402			0.0006658538928405	0.0012913475858886			0.0020418794115989
Lactobacillus amylovorus	Lactobacillus	Lactobacillaceae	Lactobacillales	Bacilli	Firmicutes	Bacteria				0.0212792122211962	0.2235210292153152				0.029913889746454	0.0140776788481804			0.0176565129524195							0.0020853690345913						0.1187445470909854	0.0444054078939069	0.0540704084232955			0.0013697314277973		0.0033349489518963									0.2815289227321743	0.0350584307178631	0.0011948771042176				0.0416666863234753	0.0174757096427047		0.1001229650704831	0.0014682472810189									0.0004602111284836	0.0493674026296204				0.1911868643747734		0.1792428170296292		0.0123574826491626	0.0028870318264587	0.0574850781043526	0.0004264983883288		0.001032951141411				0.0378612858761986	0.0233347259756331	0.0090008240311584	0.1249921102214936	0.0253821320556732	0.0087437232588076		0.0116504854368932			0.0047955097259043		0.0055865921787709	0.0042254381373462	0.0100862878811185			0.0150201361297603
Lactobacillus bombi	Lactobacillus	Lactobacillaceae	Lactobacillales	Bacilli	Firmicutes	Bacteria					0.0003577345679349				0.0002048282008549																		0.0002476285745796																								0.0002075728589763															0.0005457158573683		0.0006078329777326																0.0002604671081816												
Lactobacillus crispatus	Lactobacillus	Lactobacillaceae	Lactobacillales	Bacilli	Firmicutes	Bacteria				0.0019742036374468	0.0099209556856364				0.0031848243269385	0.0012210136139493																0.0055238274116971	0.0025982442277787	0.0044899783516852					0.0002891462134727									0.0132788430718993							0.0014311855914018		0.0090688501582288	0.0004896604672233														0.012880017385164		0.0124696638596737		0.0006675497129354		0.0042005495057508							0.0036883985822545	0.0027494199918642	0.0011300818178539	0.0057059970050423	0.0022554677814631	0.0009368461943453					0.0006068143363698			0.0005353981946317	0.0018485096322895			0.0019614521406433
Lactobacillus delbrueckii	Lactobacillus	Lactobacillaceae	Lactobacillales	Bacilli	Firmicutes	Bacteria				0.0003315088868671	0.0084262921921206			0.0002387176939571	0.0121120013144965	0.0338017929400773				0.0005412122926579	0.0047287392620308	0.0004433213635575			0.0016959464584557	0.0016397779879377		0.0177993531552237				0.0007051764902291	0.0007437982667928	0.0004133814994294	0.0042502187389879	0.0005014290728578	0.0003355891148893		0.0025612745106069									0.0011428571428571		0.0080842914592697	0.0001919613575848	0.0116401669483341	0.0058654255762305	0.0083333333333333	0.0157286315756587		0.0009609010725026	0.0032394037566148	0.0023270216163774	0.0015164687281023			0.0040765537119259	0.0006275567695278	0.0049702130440651		0.0115617877588301	0.00645001240387		0.0233333333333333		0.0112253444019566	0.0009593505862613	0.0007972075494663	0.011217822672923	0.0158963722341319		0.0022550295960861	0.0163029985778956		0.0009834271963172				0.0044618963441235	0.0078541348775211	0.0237163560553511	0.0009289896836702	0.0366575879696962	0.0248458755672772	0.0014970059880239				0.0195523633337694			0.0142541416453745	0.0288912407243023	0.0333333333333333	0.0039803930700612	0.0154212625658392
Lactobacillus equicursoris	Lactobacillus	Lactobacillaceae	Lactobacillales	Bacilli	Firmicutes	Bacteria					0.0001800528691474																										0.0002053900179688																		0.000213109793661		0.0003229438523576								0.0002187211518141																0.0006862077429339					0.0002301365776716				0.000632808302747					0.0002537097201021			0.0001501620388755	0.0010435240141742			0.0004129491538148
Lactobacillus gallinarum	Lactobacillus	Lactobacillaceae	Lactobacillales	Bacilli	Firmicutes	Bacteria					0.0015687669016918																																																													0.000344278185124																														
Lactobacillus hamsteri	Lactobacillus	Lactobacillaceae	Lactobacillales	Bacilli	Firmicutes	Bacteria					0.0003393071818751																																												0.0002315050028242																	0.0004639190439668																														
Lactobacillus helveticus	Lactobacillus	Lactobacillaceae	Lactobacillales	Bacilli	Firmicutes	Bacteria				0.0007989337861785	0.0037697670180459				0.0017343279108751	0.0009002705620398																0.0028552863562522	0.0013853135440854	0.0020469179626122					0.0001611278811931									0.0127711175676594							0.0011938107264555		0.0029227635551674															0.0053105561964706		0.0050285322793845		0.0007809810704662		0.0030140355120636							0.0021827425764908	0.0011915200967983		0.0050984704683799	0.0012401547191052	0.0005102880175773					0.0005445030215096			0.0003685826502689	0.0019070389070395			0.0009399544767209
Lactobacillus jensenii	Lactobacillus	Lactobacillaceae	Lactobacillales	Bacilli	Firmicutes	Bacteria					0.000184734207875																																														0.0003239171041207															0.0003595238740036						0.0002764875759818																								
Lactobacillus kalixensis	Lactobacillus	Lactobacillaceae	Lactobacillales	Bacilli	Firmicutes	Bacteria					0.0008801735415879				0.0002896859539286																		0.0003419129964618	0.0002552251014702																					0.0002034661446212		0.0003880296533392															0.0005438019436987		0.0005812634534922				0.0002519632157285							0.0003231975321045			0.0007246148859169														
Lactobacillus kefiranofaciens	Lactobacillus	Lactobacillaceae	Lactobacillales	Bacilli	Firmicutes	Bacteria					0.0002904733062188				0.0001936960404146																		0.0003108276349168	0.0002658250132839																							0.0003585520071155															0.0005886901949144		0.0005679554401414				0.000308526165827							0.0001691659206723																	
Lactobacillus kitasatonis	Lactobacillus	Lactobacillaceae	Lactobacillales	Bacilli	Firmicutes	Bacteria					0.0004331257184681																																																													0.0002343222768872														0.0002472943939664																
Lactobacillus mucosae	Lactobacillus	Lactobacillaceae	Lactobacillales	Bacilli	Firmicutes	Bacteria		0.0001492112153072	0.000542311606628	0.0008114035085133	0.0024162404828885		0.0006541563470613	0.0002783909005945	0.0017969367325199	0.0031156778257331		0.0001668251505597			0.0002523765458063	0.0004211552954736	0.0006583278472679		0.0013482714484937	0.0032085994496959		0.0052588936908857				0.0032475166102684	0.0019271058447914	0.0026861045534326	0.0003319767403287	0.0003008574437277	0.0016805899941646	0.0008642419877565	0.0041268466158074			0.002097755733199			0.0001799896589437	0.0002184773861744	0.0018658359858751			0.0044389122537533	0.0003453856329633		0.0007995736409294	0.0083333333333333	0.0045723284854936		0.0097467303614372	0.0014315760564461	0.0004510552595141	0.000665585611272			0.00549833203222	0.0006826013723134	0.0029868820687673		0.0041228519855671					0.0019008888768703		0.0018247195835646	0.0003777309887875	0.0025659157035839	0.0010883422845111	0.0034125122886617	0.0057891284770243		0.0036888864788385				0.0005853099631924	0.0029253083232821	0.0010315434533965	0.0017133066850634	0.0061264819048157	0.0053927962694312					0.001864904648471			0.0027697375087589	0.0048008466217002		0.00226224908302	0.0015696990243527
Lactobacillus rogosae	Lactobacillus	Lactobacillaceae	Lactobacillales	Bacilli	Firmicutes	Bacteria																																																										0.0001217433419342																																						
Lactobacillus ultunensis	Lactobacillus	Lactobacillaceae	Lactobacillales	Bacilli	Firmicutes	Bacteria				0.0006048421307545	0.0051573289496195				0.0015116858428682	0.0011757349959671																0.0034420984701853	0.0017005862583547	0.0020236669647259														0.0073346616211702							0.0005678491761952		0.0028555230844615															0.0038448525763285		0.0043793675387186		0.0007765250684687		0.0018606521508135	0.000332882119957						0.0015382396965347	0.0009648378413972		0.0042022335555852	0.0014890777748148	0.0005979713454318					0.0005019634661628			0.0003513749820763				0.0009766989119384
Lactonifactor longoviformis	Lactonifactor	Clostridiaceae	Clostridiales	Clostridia	Firmicutes	Bacteria																																																				0.0002177837051988															0.0001623700463586																													
Lentimicrobium saccharophilum	Lentimicrobium	Lentimicrobiaceae	Bacteroidales	Bacteroidia	Bacteroidetes	Bacteria																																										0.0011428571428571																																																						
Leptolyngbya sp. O-77	Leptolyngbya	Leptolyngbyaceae	Synechococcales		Cyanobacteria	Bacteria											0.0019417475728155																																																																																					
Limosilactobacillus fermentum	Limosilactobacillus	Lactobacillaceae	Lactobacillales	Bacilli	Firmicutes	Bacteria																																	0.0001405467838326																		0.0002125007979563																																	0.0002080168773523												
Longibaculum sp. KGMB06250	Longibaculum	Erysipelotrichaceae	Erysipelotrichales	Erysipelotrichia	Firmicutes	Bacteria				0.0007221790056539	0.0005376783783485			0.0007551211118943	0.0002785940026927			0.0004504279078751							0.0007903042611783									0.0006175008774271		0.0011843764922462															0.001099052973085	0.0006528894556082					0.0006841591398607						0.0010355781567222	0.0005362267750777			0.0003207988827795					0.0002687147228662	0.001433209489354						0.0005699555371377		0.0003098853424232									0.0002508403150564												0.0002528912442211
Loriellopsis cavernicola	Loriellopsis	Symphyonemataceae	Nostocales		Cyanobacteria	Bacteria	0.0126353790613718					0.0218085975921234					0.032836875425427																																																					0.0578821147094595																																
Lysinibacillus sp. 2017	Lysinibacillus	Bacillaceae	Bacillales	Bacilli	Firmicutes	Bacteria			0.0005059368103588													0.0005098195682131																																																																																
Lysinibacillus sp. SGAir0095	Lysinibacillus	Bacillaceae	Bacillales	Bacilli	Firmicutes	Bacteria																																																																																						0.0097087378640776										
Macellibacteroides fermentans	Macellibacteroides	Porphyromonadaceae	Bacteroidales	Bacteroidia	Bacteroidetes	Bacteria																																								0.0004076052930277																										0.0003622989655749																														0.0002548944810713
Mageeibacillus indolicus	Mageeibacillus	Hungateiclostridiaceae	Clostridiales	Clostridia	Firmicutes	Bacteria																																																																																					0.0014970059880239											
Mahella australiensis	Mahella	Thermoanaerobacterales Family IV. Incertae Sedis	Thermoanaerobacterales	Clostridia	Firmicutes	Bacteria									0.0001629697035684																		0.0001983492903756	0.0002090482507388	0.000215915426435				0.0003045562988158				0.0001812429768599												0.0002209184984328			0.0003134896289607	0.0001735744798975	0.0001742305978635												0.0001861952086275	0.0002714449339693		0.000256293293629	0.0002470400780552		0.0002546190415429							0.0002065941348621					0.0003173760038479		0.0073758616134686						0.0001864894796841				
Maribellus luteus	Maribellus	Prolixibacteraceae	Marinilabiliales	Bacteroidia	Bacteroidetes	Bacteria																													0.000196140736715				0.0002148514737083																																																															
Marseilla massiliensis	Marseilla	Prevotellaceae	Bacteroidales	Bacteroidia	Bacteroidetes	Bacteria																																																																						0.0003290328739596																										
Marvinbryantia formatexigens	Marvinbryantia	Lachnospiraceae	Clostridiales	Clostridia	Firmicutes	Bacteria																																																																																					0.0014970059880239											
Massiliprevotella massiliensis	Massiliprevotella	Prevotellaceae	Bacteroidales	Bacteroidia	Bacteroidetes	Bacteria		0.0001521002220982	0.0003040644903229												0.0002532790459255												0.0001688575098399		0.0002329210381359		0.0001483677936175		0.0002973472514981	0.0002703219928328			0.000236304836196								0.0002879337782346								0.0001415050953988	0.0001147390424948					0.0002033063245025										0.000269480928101	0.0002288793725598														0.0003739540548417					0.0003728978045852			0.0002702038605386				
Massilistercora timonensis	Massilistercora		Clostridiales	Clostridia	Firmicutes	Bacteria		0.0006338289970466	0.0006352894393781	0.0009119945358131	0.0005525052248936		0.000849501470347	0.0006462564085313	0.0007642563192754	0.000787070485085		0.0004154725965751		0.0010875673799363	0.0009234194885274	0.000709559065165	0.0007809772244708		0.0004883582345035	0.0008529657097606	0.0006830362486013			0.0005102041595612		0.0011483765744526	0.0011866755091855	0.0011876406543945	0.0008582176909855	0.0006252370445381	0.000498747560423		0.0007469100842668	0.0012683445450282	0.0005674605109269	0.000628247751314	0.0008885054061016	0.000698327865439	0.0005748848496971	0.000550503190921	0.0005413158638066			0.0011511008081435	0.0005149640926118	0.0011100093242068			0.0004487251301276	0.0009387231273737	0.001459513844674	0.0009012529953696	0.0011030363557328	0.000946899042598	0.0005313354568354		0.0007985978149199	0.0004475131942668	0.0008196985224343		0.0008751912286145		0.0008522617901668		0.0006244277479152	0.0007423523625762	0.0009725123493734	0.0019879637954186	0.0005720289960875	0.0004312271408067	0.0006557296117162	0.0013366049779599	0.0010102783696652		0.0006093999013899	0.0007756615913279			0.0008049633263614	0.00131311788702		0.0010081530832301		0.0007904491784687			0.0011216652936536		0.000806964514206			0.0012667031882884	0.0016309279584784		0.0006824059710482	0.0006012679111906
Mediterranea massiliensis	Mediterranea	Bacteroidaceae	Bacteroidales	Bacteroidia	Bacteroidetes	Bacteria		0.0002381412146821	0.000617684824678				0.0011391477670982		0.0003217408213067						0.0004510383122672	0.0007094696459555	0.001985916850941			0.0008765498964604							0.0004570813815287	0.0003410290734655	0.0007784661780827	0.0004344534905612	0.0002982096288676		0.0003642356983958	0.0006418372188826	0.0013615587136173		0.000806309761917			0.0004644599405627	0.0002838437184536	0.0011428571428571		0.00036461521124	0.0003270397798638								0.000172080860736	0.0001440740004249	0.0009620135383111				0.0005175698545385				0.0010918218291515						0.0003766885598514	0.0006236401412988		0.0004369232581048							0.0004787019797809					0.0002487731654231					0.0004964498674876			0.0002326086982527			0.0005824705008528	
Mediterraneibacter glycyrrhizinilyticus	Mediterraneibacter	Lachnospiraceae	Clostridiales	Clostridia	Firmicutes	Bacteria		0.0061662711237604	0.0057138056267747	0.0077685833725796	0.0015613298294461		0.0080817891375348	0.0063870257035044	0.0062796140368847	0.0027420672017689		0.0046495104182177	0.0074205343423853	0.0038385310234446	0.0100202446356659	0.006325614814377	0.0088991587470468		0.0073437010205577	0.0072853593190902	0.0021614395685405	0.0280197987816369		0.0013988395261542		0.0072011241614481	0.0070615949026743	0.0118546212411952	0.0137149282138259	0.0033773343041986	0.0036285894506091	0.0083080761759597	0.0050744812571292	0.0060584125013502	0.0049160177997881	0.0021280652569845	0.0094212350030351	0.0106351837223439	0.0050251524550377	0.003527975367632	0.0035833938612234	0.0176556066519019	0.01669449081803	0.0100056150785697	0.0036541077718784	0.0100534767125951	0.0083157092427282	0.025000078116077	0.0067152330110688	0.0051246070278783	0.004118832279648	0.0101457756277516	0.011114060958975	0.0080623924047047	0.0033314513582659		0.0038843983964456	0.0025438849965762	0.0071812890286051		0.0076510237625057	0.0275893880823566	0.0045608275388106		0.0039440795863731	0.0012970640708879	0.0110901049369116	0.014864263208305	0.0060833542160113	0.0062488198554591	0.0038010684913228	0.0083396056492617	0.0114847188116546	0.0045792889198506	0.0021072258798331	0.0041747847257638	0.0070980874064094	0.0476190476190476	0.005389495964767	0.0103949490680451	0.0065852316753013	0.0069914619154707	0.0008849364181545	0.0129180816921112	0.0028541328131709	0.0377305463437455	0.0100155403435097		0.0047542609789711			0.0131313612894439	0.0074867798083571		0.0073224810941299	0.0018942400807609
Megasphaera elsdenii	Megasphaera	Veillonellaceae	Veillonellales	Negativicutes	Firmicutes	Bacteria		0.0003119870864475	0.0006101217545593					0.000934767537227	0.0008497123514834	0.0008617832283725		0.00055029179855		0.0017485429120215	0.0076759714317307	0.0007309654358956			0.0003681643163792	0.0003901135470468	0.0007659323085218			0.0005783689994216					0.0010750754700907	0.0007521436092859	0.0033289265447286		0.00012575294577	0.0004959191454699		0.0085946094301832	0.0003007817269121	0.0019614469055074	0.001030933887011	0.0015817684126914	0.0011351892604674			0.0002077784703726	0.0002805587549072	0.006177764363172	0.0036880289950628		0.0013405021010667		0.0021063815749374		0.0011446972458158	0.0029753787919057			0.0018220459571788	0.0010148870240417	0.0069039198092611	0.002127659574468	0.0012427399962611		0.000501543209866			0.0012026687983277	0.0010507256155081		0.0076862962595172	0.0006279877693422	0.002984539552904		0.003049909858306	0.0027562567351898	0.0019637322753692	0.0007313378258371			0.0002521487011371		0.0026323775605623		0.0047992714881715				0.0022331009737326		0.0003081708845626			0.0006306807642381	0.0064697902536719		0.0025526461425682	0.003390509524654
Megasphaera indica	Megasphaera	Veillonellaceae	Veillonellales	Negativicutes	Firmicutes	Bacteria																																																											0.0002037788523139										0.0002331441577301																											
Meiothermus granaticius	Meiothermus	Thermaceae	Thermales	Deinococci	Deinococcus-Thermus	Bacteria						0.0410628019323671																																																								0.0044653932026792		0.0055555555555555																																
Melghirimyces algeriensis	Melghirimyces	Thermoactinomycetaceae	Bacillales	Bacilli	Firmicutes	Bacteria																																																																																					0.0014970059880239											
Methylobacterium durans	Methylobacterium	Methylobacteriaceae	Rhizobiales	Alphaproteobacteria	Proteobacteria	Bacteria																																											0.0108514190317195																																																					
Methylobacterium oryzae	Methylobacterium	Methylobacteriaceae	Rhizobiales	Alphaproteobacteria	Proteobacteria	Bacteria	0.0111311672683513																																																																																															
Methylobacterium phyllosphaerae	Methylobacterium	Methylobacteriaceae	Rhizobiales	Alphaproteobacteria	Proteobacteria	Bacteria	0.0111311672683513																																																																																															
Methylobacterium sp. XJLW	Methylobacterium	Methylobacteriaceae	Rhizobiales	Alphaproteobacteria	Proteobacteria	Bacteria	0.0111311672683513																																																																																															
Microbacter margulisiae	Microbacter	Porphyromonadaceae	Bacteroidales	Bacteroidia	Bacteroidetes	Bacteria															0.0002812073890179	0.0003208802249526													0.0002746264904838						0.000493107373181		0.0002180771141099							0.0003376817748606																								0.0003912900979362											0.0002225890964414	0.0003039155687516									0.0003487812617503							
Millionella massiliensis	Millionella	Rikenellaceae	Bacteroidales	Bacteroidia	Bacteroidetes	Bacteria		0.0004331577205166	0.0011175144257522	0.0010077371985348	0.0011523620154587		0.0047094682273869	0.0005246602654946	0.0015484233997043	0.002606224136162		0.0006318730451317		0.0006660655689194	0.0022398542596697	0.003005280093364	0.0045647278630837		0.0006413215534155	0.0023073205555525	0.0002954504325397					0.0011240393161513	0.0020670822605194	0.0016933411923016	0.0058063259059422	0.0005797542615926	0.0004005487559349	0.0033026729184372	0.0028698090756692	0.0008006089896165	0.0044628849304626	0.0004408271015277	0.0025857744894637	0.0005662576188264	0.000340728959382	0.0010300272215969	0.0010600541402148	0.0019880265933633		0.001687646489376	0.0005812881830697	0.0016125442394796	0.0021201071318369		0.001897356953941	0.0045913512582009	0.0009531728196075	0.0010948635221258	0.001609208358437	0.000971404516705	0.003400853981824		0.0005992170613889	0.0004043471025992	0.0013443232479432	0.0064566554349034	0.0006418709212382		0.0017130031187668		0.000799168705746	0.0018011806659391	0.0008100238705767	0.0043582431347255	0.0016404993822534	0.0041211571519004	0.001639899532128	0.0032741324528852		0.0008394283748022	0.0002825597305493		0.0027684644236624		0.0019096909382177	0.0031247332903743	0.0037953811023142	0.0019609823677926	0.0023966987770824	0.0027992031932454					0.0029767955721018			0.0011727490384377	0.0011684246804693		0.0021181528985657	0.0027326162140924
Mitsuokella jalaludinii	Mitsuokella	Selenomonadaceae	Selenomonadales	Negativicutes	Firmicutes	Bacteria		0.0020472875110431	0.0022416041749199					0.0019113320908148	0.0006964855107794	0.0023862696107211		0.0008712595563629		0.0056648616445021	0.0204712423102275	0.0039115500673518			0.0005175001026804	0.0005133472377512	0.0039280798455625			0.0024132742940231			0.0004636202949882		0.0011376791064639	0.002653266975225	0.0058161795130982	0.0007922218221106	0.0002012061403928	0.0009889817702142		0.0133417175309341	0.0004465932753786	0.0051046883996909	0.0044423983309332	0.0035152840239916	0.0048987792942297			0.0013411163321924	0.0009001134320293	0.0053297477172244	0.0031288248567506		0.0025315670388171		0.0005230186116699		0.0030638125919768	0.0097089006634242	0.0003233004873801		0.0062397680643972	0.0037200010295763	0.0089416532607566	0.0127659225444898	0.0024656084265641	0.0066980898040188	0.0018518710475226		0.0023753402138075	0.0002546833437093	0.0005330094938303		0.0065847632894593	0.0018841305706655	0.0018338525752062		0.0088818641280346	0.0113389173243295	0.0058608275595017	0.0019850598129842	0.0012145751943083	0.0238095238095238		0.0002879959422453	0.0072174955969518		0.0030302188904576	0.0001755870683333	0.0014970059880239		0.0058021470008715		0.0010769887010017			0.0005938765424224	0.0068680520588374		0.0052991161547951	0.0009923350784952
Mitsuokella multacida	Mitsuokella	Selenomonadaceae	Selenomonadales	Negativicutes	Firmicutes	Bacteria														0.0005174964529606	0.0011851351208938						0.0006880435395633			0.0002954363359964							0.0005639783266016					0.0013075847717519		0.000463338912236	0.0003162290450346		0.0004062483039147					0.0003109504799477			0.0002778773087285				0.000154172260239	0.0004921190350229				0.0002025812944594	0.0006012041644595	0.0021276944767867									0.0002800298440767				0.0007654108789784	0.0012892425490162	0.0007000109606272																		0.0010626585752659			
Mobilisporobacter senegalensis	Mobilisporobacter	Lachnospiraceae	Clostridiales	Clostridia	Firmicutes	Bacteria																																	0.0002722590512048																																																															
Mobilitalea sibirica	Mobilitalea	Lachnospiraceae	Clostridiales	Clostridia	Firmicutes	Bacteria																																	0.0001615901060303				0.0002617263958729																																																											
Mogibacterium diversum	Mogibacterium	Clostridiales Family XIII. Incertae Sedis	Clostridiales	Clostridia	Firmicutes	Bacteria		0.0011375573073009	0.0025531729091534	0.0026724159433038	0.0005777312402067		0.0071310546909089	0.0016537281210188	0.0014898584784934	0.001293096739489		0.0015057673521415		0.0027552332149031	0.0025098356825855	0.0024365905232851	0.004322575297238		0.0029698830729282	0.0042747625755429	0.0005871175202883	0.0093044835486186		0.0004703687394107		0.0022033015345924	0.001530079187181	0.0016307072249551	0.0035901430068258	0.0018909401685132	0.0011665324567687	0.0044358820775262	0.0029620673041695	0.0013545126953906	0.0057954388581022	0.0008635146174445	0.0048097324722144	0.0020964236118163	0.001520013747025	0.0017986488793278	0.0026315239237285	0.0022305459615964		0.0017320758226859	0.00106121901085	0.0024819789921592	0.0021426227815337		0.0010409260086626	0.0088993262346191	0.0038931532376029	0.0070461464672378	0.0023346894807704	0.0022877893912904	0.0072415246048833		0.0016351515807397	0.0011503730455447	0.0014486134963658		0.0027879866355361	0.0049615480029769	0.0035872333155589	0.0096392288941571	0.0027778932492042	0.0007661226233172	0.0049878411676843	0.0025745215894502	0.0055131830042688	0.0014083957821178	0.0017911202165922	0.0009776180620058	0.007673238224434	0.0040975311816441	0.0015290540865186	0.0011585733283193	0.004943962728087		0.0028462058606246	0.0035086130900158	0.0017391255825727	0.0033038862136265		0.0055486420227879	0.0014970059880239		0.0063350662775026		0.0014656939554228		0.0223463687150838	0.0025854500773392	0.0049527570477696		0.0017771600393478	0.000478739752159
Mogibacterium neglectum	Mogibacterium	Clostridiales Family XIII. Incertae Sedis	Clostridiales	Clostridia	Firmicutes	Bacteria				0.0004525092373618			0.0011282771837788		0.0003310238959015					0.0002429277708182	0.0002935810709826	0.0002567262197751	0.0009725971431916		0.0002812263496068	0.0005576185513385								0.0002708788361197	0.0005308738712126				0.0004842080222299		0.0005517678159811		0.0005251417071152			0.0003439530815179	0.0004191422970094			0.000434665813626					0.0002451097748224		0.0006246109310783	0.0005539254215976	0.0003069160543416	0.0002340586722762	0.0006950682826734				0.0001902098046155		0.0002466373931128						0.0006482750929596		0.0006323637525751			0.0002878415770173	0.0005326643569506						0.0005056519311371	0.0006443492422828				0.0009871995826179	0.0014970059880239		0.0007741970640513		0.0003943658510974			0.0002441617831496				
Mogibacterium pumilum	Mogibacterium	Clostridiales Family XIII. Incertae Sedis	Clostridiales	Clostridia	Firmicutes	Bacteria		0.0003140487686034		0.0004821667130326			0.0027883026192347	0.0002511925685746	0.0005334033166962			0.0003315299603821		0.0006373148809501	0.0003939099290057	0.0003055759666332			0.000631326101237	0.0011921149228876							0.0002564722116994	0.0003924517286425	0.0010375375481231	0.0004685126871909		0.0010828434380377	0.0006241630232406	0.0004458033222225	0.0014460036038389		0.001186227631098	0.0005736826242384	0.0002945084467859	0.0003261910322356	0.0009597984134734			0.0002916201627496	0.0003071780480506	0.0005880720219634			0.0002223138739535	0.0020786745749412	0.0013746596646391	0.0017699941511716	0.0004202112793315	0.0003477241330249	0.0013155697441176			0.0002081906159271	0.0002758193314729		0.0005337338985034		0.0007215896056849	0.002582993328089	0.0007388435796827		0.00147111440832	0.0005081784464975	0.0011227189586648		0.0005398171656334	0.0004492283965328	0.0014020396301418		0.0003757780678017	0.0005662884243659			0.0010260173431225	0.0008320252831459	0.0005766688967544			0.0018703597627158			0.0015255343869418					0.0005581842462784				
Monoglobus pectinilyticus	Monoglobus		Clostridiales	Clostridia	Firmicutes	Bacteria		0.0013229400058871	0.0024050710756607	0.0028552984563581	0.0017592466445092		0.0021886883530062	0.0020115807484029	0.0014405011827227	0.0023442829041551		0.0023503299870512		0.0020129835487234	0.0029473672856602	0.0026639428046033	0.0037785174914551	0.015625	0.0038613701196346	0.0031673055960766	0.0007096046435145			0.0007316200940055		0.0023937609871499	0.0030660645209734	0.0035046955514226	0.003185375395831	0.0024838132928766	0.0010500676867063	0.0035692700806183	0.0022600383481466	0.0020152066620467	0.0028325283279204	0.0012597077974773	0.0034447934547234	0.0008465265733151	0.0010126422789373	0.0018906821837322	0.0013799230543477	0.0034285698329862		0.003445172789475	0.0018509983345551	0.0046060169641043	0.0034221032606694		0.004786032892069	0.0015937615876651	0.0024820032251361	0.0013707810136717	0.0028195487426781	0.003937681684205	0.0039547744324956		0.0017924926462557	0.001612476599406	0.0019547637013372	0.0021276595744694	0.0031446751721854	0.0074423844559224	0.0024847373003311	0.0111111111111111	0.0018319310929989	0.0035460880403492	0.0049916829844185	0.0044930941514142	0.0015098852533756	0.0030195959170006	0.0020387854234755	0.0049635304270405	0.0014852360627748	0.0024168634600475	0.0008678524630929	0.0010650848263024	0.0039554742431342		0.0019815944929523	0.0052880761057168	0.0081145295543323	0.0035524542424486	0.0024856346126617	0.0055807765149472	0.0014970059880324		0.0024151401866523		0.0021216263634228			0.0054713211340898	0.0086965718832535		0.0030520568687254	0.0040840306866328
Mordavella massiliensis	Mordavella	Clostridiaceae	Clostridiales	Clostridia	Firmicutes	Bacteria												0.0002382176268323																																0.0001961231595726							0.0003714313886717	0.0004741143159708									0.0001699666178043					0.0001600807222846	0.0001719067508511						0.0002298452403505																							
Mucinivorans hirudinis	Mucinivorans	Rikenellaceae	Bacteroidales	Bacteroidia	Bacteroidetes	Bacteria									0.0002244250710195																				0.0004141188767307				0.0003474363544853		0.0003625401756977		0.0002530968338498																																0.0002032927843012										0.0002817706782903					0.0001978365114679					0.0006011308436517							
Muribaculum intestinale	Muribaculum	Muribaculaceae	Bacteroidales	Bacteroidia	Bacteroidetes	Bacteria		0.0006273473337288	0.0015793903679331	0.0059905879077585	0.0023548113384804		0.0026548918383995	0.0003903879016445	0.0020117758662933	0.0051095831026637		0.0005297971570801		0.0008070330811041	0.0026262012313445	0.0019508835716101	0.0026042308382566		0.0015977192489388	0.0029304998150662	0.0015502508787036	0.0068944926876166		0.0018148518432564	0.0062270303594389	0.0022779310353192	0.0020556360367941	0.0033887777222703	0.0033068315697914	0.0018601190932749	0.0046401495409429	0.0021050380120914	0.0022476231464487	0.0013243904847963	0.0013859630246209	0.0061787308392598	0.0020081141222011	0.0006805476335322	0.0005134939032003	0.0098595481033837	0.0040621211426155	0.0022857231039026		0.001457996153196	0.0023816491783817	0.0039094874863526	0.0038423960943284		0.002627646378106	0.0042934431829142	0.0035296361419767	0.0025913845551016	0.0034846787507572	0.0047832740608771	0.0069211026062815		0.0007446355797225	0.0006151948496353	0.003526646157058	0.0021278318437301	0.0024207789023839	0.0054107512140125	0.0007304657752089	0.0099999999697552	0.004758490116551	0.0046911630532372	0.0028844622069897	0.0017072626008756	0.0020815807849425	0.0047877353132595	0.004000115143588	0.0023808951224695	0.0014769544886534		0.0033227191008237	0.0014282359563258	0.0014338666903808		0.0024203782998326	0.002887120599529	0.0048251199999725	0.0029582276086596	0.0105605229781722	0.0054797384863542			0.0014665939023497		0.0023133311711252			0.0037939673948581	0.0061867774922374		0.0035520385629986	0.0067621444643268
Murimonas intestini	Murimonas	Lachnospiraceae	Clostridiales	Clostridia	Firmicutes	Bacteria					0.0001853299809392																								0.0001620361988283		0.0002156239631453										0.00016109265263								0.0001883592994684		0.0001773707433513		0.0002782305567571	0.0002377644967882					0.0002350724002769		0.0001707113898155					0.0002427623768993			0.0002976500428531				0.0003401175084159						0.0001725359245385					0.0002377341972169								0.0002129153543749				
Natranaerovirga pectinivora	Natranaerovirga		Clostridiales	Clostridia	Firmicutes	Bacteria												0.0002076629392063																					0.0001822067389162																											0.002127659574468	0.0001652525567461								0.0001438451353048				0.0002956661213608							0.0003278846578664				0.0002415886883998												
Negativibacillus massiliensis	Negativibacillus	Ruminococcaceae	Clostridiales	Clostridia	Firmicutes	Bacteria		0.0014614641865208	0.0008196925694423	0.0040197515669567	0.0018459034339199		0.0028016339714854	0.0011435185488941	0.004327845712731	0.0041132202851914		0.0008041699994193		0.0007122660339603	0.0020836997308574	0.0019114075584444	0.0025829324709292		0.002097863775496	0.0016538002296234	0.000305187675093					0.0033303815863628	0.0042537369863019	0.004605968271936	0.0040287185778375	0.001365347361658	0.0004957532004935	0.0020930713240105	0.0046345566194885	0.0007959841038372	0.0016356256604578	0.0005819919593995	0.00254408013209	0.0009047468793597	0.0008658733509392	0.0009241711868741	0.0010395203396311	0.0045713432533658		0.0059747484730462	0.001300664860609	0.0021584849397955	0.0027641796010878		0.00345366117431	0.0057031026857333	0.0011521360573566	0.0016953556147745	0.001075583770284	0.0014673530584829	0.0031549096547481		0.0019075190647366	0.0012147026168613	0.0020627339806405	0.0063214200061359	0.001756576167048		0.001708277946953		0.0018036629467535	0.0057484703153123	0.0024556727472905	0.0048831387956144	0.0033412639764945	0.0045143427269223	0.0017077501497601	0.0031629910573336	0.0004778204432265	0.0008072847904892	0.0003536376337389		0.0022670511795146		0.0072845317545818	0.0049369129296725	0.0039447123952278	0.0027711189972987	0.0037936029022183	0.0046458783172907	0.0049426607829668		0.0008076421571216		0.0052772638702015			0.0049107213208777	0.0084186558484607		0.002573654618096	0.0072296319740243
Neglecta timonensis	Neglecta	Ruminococcaceae	Clostridiales	Clostridia	Firmicutes	Bacteria	0.0306859205776173	0.0013486907085139	0.0011791477993918	0.0049376140802904	0.002469750314056		0.0048739408570163	0.001065384335122	0.0053308537011543	0.0059558200860416		0.0009203687363303		0.0005977176557139	0.0024229134250897	0.002484927527746	0.0044767396175965		0.0021304099946918	0.0028331522937476	0.0011954768390939			0.0012907386495991		0.0041255983695684	0.008803388442836	0.0066273718378248	0.0042073745855633	0.0010811438162738	0.0006901987991432	0.0027980248475335	0.0062164951956053	0.0012367626073086	0.0047213382686763	0.0017519518310059	0.0022142089869648	0.0013734593432669	0.0011211470319894	0.0027986514145398	0.0069716310882977	0.0045623307337228		0.0051581785977631	0.0009230234092906	0.0028888496629244	0.0016917824277201	0.0166666470099645	0.0080590971937272	0.0038916447179567	0.0031593497559533	0.0024510215506295	0.0027596573205507	0.0022925720153988	0.0069846039125638		0.0010274725714342	0.0008419524574827	0.0020880838833024		0.0018493825995064	0.0330011061617682	0.0030637236761352	0.0011547873651709	0.0035308255840369	0.0080260737138634	0.0021725892013177	0.0107638744628466	0.0035780513088351	0.0055201566592556	0.0028358632528926	0.0047322001668574	0.0012798248957454	0.0011909314410361	0.0015424469779703	0.0015396990709286	0.0044127993262423		0.0068021337360486	0.008883950600262	0.0045062516883604	0.0043841163891861	0.0059651627187783	0.005177909945263	0.0030205410958963	0.0150988113684562	0.0015858701986874		0.006776815257572			0.0025126337603403	0.0081945078405665		0.0032621284177903	0.0074819796516859
Nitrosospira multiformis	Nitrosospira	Nitrosomonadaceae	Nitrosomonadales	Betaproteobacteria	Proteobacteria	Bacteria											0.011650485437849																																																					0.0055555572598278																								0.0160748867011485								
Niveispirillum cyanobacteriorum	Niveispirillum	Rhodospirillaceae	Rhodospirillales	Alphaproteobacteria	Proteobacteria	Bacteria																																																																0.0022222222222222																								0.0132978723404255								
Nocardioides aquaticus	Nocardioides	Nocardioidaceae	Propionibacteriales	Actinobacteria	Actinobacteria	Bacteria																																																																0.0011111111111111																																
Nocardioides intraradicalis	Nocardioides	Nocardioidaceae	Propionibacteriales	Actinobacteria	Actinobacteria	Bacteria																																																														0.0029769288017861																																		
Noviherbaspirillum soli	Noviherbaspirillum	Oxalobacteraceae	Burkholderiales	Betaproteobacteria	Proteobacteria	Bacteria																																	0.0002116029588682																																																															
Odoribacter splanchnicus	Odoribacter	Odoribacteraceae	Bacteroidales	Bacteroidia	Bacteroidetes	Bacteria																																																																																					0.0014970059880239				0.0002658784641364							
Oligosphaera ethanolica	Oligosphaera	Oligosphaeraceae	Oligosphaerales	Oligosphaeria	Lentisphaerae	Bacteria																																																																															0.0001990657182291																	
Olsenella sp. oral taxon 807	Olsenella	Atopobiaceae	Coriobacteriales	Coriobacteriia	Actinobacteria	Bacteria																																																																									0.0006139991019253																							
Olsenella uli	Olsenella	Atopobiaceae	Coriobacteriales	Coriobacteriia	Actinobacteria	Bacteria																																																																			0.0002588740486839																													
Olsenella umbonata	Olsenella	Atopobiaceae	Coriobacteriales	Coriobacteriia	Actinobacteria	Bacteria			0.0002731971482816					0.0002783909005944						0.0005620316402997	0.0003533271599052				0.0011429203491948	0.0005133470225872	0.0005813022375626			0.0004206319995669							0.001237004838516					0.0022816027383389			0.0003100781448475		0.0021678526473069								0.0013825634074406		0.0007040532513514		0.0006697187677439	0.0031948085034332				0.0002916756970476	0.005123522419593	0.0063829787234042	0.0010182113422508	0.0069461672041677	0.0006172839506172		0.0005770756690471		0.0016293837193639		0.0003105254630789		0.0005597188967318		0.013755927281233		0.0005577936163661			0.0238095238095238																	0.0018572766444067	
Ornithinibacillus californiensis	Ornithinibacillus	Bacillaceae	Bacillales	Bacilli	Firmicutes	Bacteria																																																																																						0.0110032362459546										
Oscillibacter ruminantium	Oscillibacter	Oscillospiraceae	Clostridiales	Clostridia	Firmicutes	Bacteria									0.0003239230060995						0.0001889994491759						0.0004101527120417			0.0005297810009796	0.0052201412821866			0.000338171534461					0.0001894708099036									0.0011428872523652			0.0002168198867609				0.0001607851617922				0.0001311531383496	0.000144262385404				0.0001154657325479	0.0001893916675508	0.0043460753868403					0.000646884507596				0.0001550730473707	0.0002733135808287									0.000265216060132	0.0004434071721956				0.0002124847815297	0.0058826574802546				0.0002691286007779							
Oscillibacter sp. PEA192	Oscillibacter	Oscillospiraceae	Clostridiales	Clostridia	Firmicutes	Bacteria		0.0029165046064508	0.0020127632091616	0.0092248473483573	0.0043596924885486		0.0093809137391858	0.001211134012573	0.0120129871186549	0.0176511868446009		0.0015800612512554		0.0017054958874798	0.0060358028429806	0.0044744481764098	0.0074697368831965	0.0345523491940095	0.0036326865368843	0.0042708095773444	0.0007743907604467	0.0059937375496991	0.0056829247468476	0.0005793756870838		0.0048329495520308	0.0076199571134824	0.0134849175987688	0.0091792095630471	0.0017658403777452	0.0007525167030093	0.0040757889595534	0.0077959997693015	0.002598871594817	0.0053015169552386	0.0012107110376086	0.0059111422886645	0.0016108135681326	0.0010713051040745	0.0032400433453872	0.0037857608333005	0.0016082147700255		0.0092911285219053	0.0021925932839252	0.0043380987892052	0.0042285648869967		0.0151709073300792	0.0091576967539473	0.0040434985760647	0.0076479049910483	0.0045509143751048	0.0035271147057577	0.0108465670496385		0.0027575426641818	0.0014293405176907	0.0052521809578449	0.005893271809796	0.002775717354511		0.0059260156342408		0.0054866686379615	0.0078198527140486	0.0033295137857902	0.0085549531266995	0.008531062985849	0.0091918018727976	0.002510289523713	0.0063848303291054	0.0019186695698882	0.0014927574936231	0.0009667125390895	0.0011919145555467	0.0054444901651444		0.0129445314681546	0.0103554935545307	0.0071985251455305	0.0121598097013095	0.007475933129091	0.0070297581164058	0.0078412964861947		0.0021960288382913		0.0139585554314441		0.0194417382088418	0.008325029632303	0.0143073235956432		0.007039401884908	0.0096404984479107
Oscillibacter valericigenes	Oscillibacter	Oscillospiraceae	Clostridiales	Clostridia	Firmicutes	Bacteria		0.0071168540394056	0.0056830749333938	0.0264915046852505	0.0133127128840745		0.0202009371884815	0.0059469402499006	0.0502653411639222	0.0429814871162859		0.0064869878957049	0.0460417829723789	0.0068597001545754	0.0168229892052139	0.0152820538209007	0.0227964345975875		0.0096809114722503	0.0151030425142986	0.0034076765678071	0.0261215801678128	0.014684333901931	0.0028843981629734	0.00414354981612	0.0138566337692526	0.0183838597159158	0.0396575849601533	0.0248819282875683	0.0091089290262537	0.0027435352454891	0.0164362263766644	0.0248163274202633	0.0085865322659557	0.0161362546315351	0.0033258319367148	0.0129992850581079	0.0042052356568195	0.0030243161012045	0.0111730293245087	0.0105720883942692	0.0116194687684249		0.0322575500496211	0.0105379439745286	0.019151036983258	0.0133306074130305	0.0416817766657973	0.0415583155532175	0.017180010353594	0.0105024182272815	0.0249340118863294	0.0230040573311408	0.0183209192922763	0.0242280473960009		0.0168721716649824	0.0083038287741162	0.0219384195333659	0.0197279053012939	0.0160313384127697	0.0237978502897215	0.0140281671423087		0.0127250298792745	0.027547541887632	0.01050954789116	0.0203570024697345	0.0267951515190955	0.03051571573534	0.0106688577598229	0.024159723527079	0.008827803907447	0.0068863047267225	0.0036995893004968	0.0054945565062671	0.0142383180230275		0.0444084348770673	0.0303488270569845	0.0269672141814541	0.0316638300567362	0.0272414436694289	0.0139000276301677	0.0210251673873355		0.0089879250893957		0.0514266039835356		0.0342279462261529	0.0203262060750328	0.04178761329654	0.0494565609513254	0.0209279224808274	0.0415854592867757
Oxalobacter formigenes	Oxalobacter	Oxalobacteraceae	Burkholderiales	Betaproteobacteria	Proteobacteria	Bacteria																																	0.0004042200541447																																																															
Oxalobacter vibrioformis	Oxalobacter	Oxalobacteraceae	Burkholderiales	Betaproteobacteria	Proteobacteria	Bacteria																																	0.0003147487856313																																																															
Paenibacillus mucilaginosus	Paenibacillus	Paenibacillaceae	Bacillales	Bacilli	Firmicutes	Bacteria																																																																																				0.0002980890337569												
Paenibacillus polymyxa	Paenibacillus	Paenibacillaceae	Bacillales	Bacilli	Firmicutes	Bacteria		0.0003452101809878	0.0003387695855949	0.0007016540388913	0.0003754174646383		0.0008647369002925	0.0006139607917046	0.0004667591306044			0.0009295168749404				0.0003539059953448			0.0003870351389865	0.0005289740697798							0.0008277937419494				0.0002581205372306		0.0002920583548198	0.0002778822409725			0.0003221466113463								0.0003353205285412									0.0002244977681907							0.0003636490092172		0.0008210630067203				0.0003926851686701		0.0004201211414604			0.000498763866016												0.0003991552103652												
Paeniclostridium sordellii	Paeniclostridium	Peptostreptococcaceae	Clostridiales	Clostridia	Firmicutes	Bacteria		0.00112074205595	0.0008523564112479	0.0004030936682948	0.0016775133430139		0.0016598631539243	0.000763691020774	0.0037908076401918	0.0050684465606157		0.0006535590953068		0.0014699612202312	0.0009784744853399	0.0023129193638097	0.0016451359443428		0.0005896286679395	0.0010269880624342	0.0008689639730044					0.001099074448334	0.0005755832705634	0.0014921899915505	0.0008590981028978	0.0006620186389638	0.0002983216344196	0.0021621984787252	0.0027336289581826	0.0023469138251914	0.0053230297229984	0.0005882499441284	0.0011105122685539	0.0009025398161216	0.0008090015428159	0.0007092955542159	0.0012917280730198			0.003729754780096	0.0011610915307943	0.0004558976647567		0.0166666049508847	0.0038898107224455	0.0024032065480195	0.0004816004250846	0.0003049527728259	0.0031462220378442	0.0026134550506792	0.0014594617471379			0.000399770885744	0.0030506108501846		0.0010437156829614		0.0028315655175189		0.0016673012618665	0.0023915497384057	0.001674604096136	0.0004173845303821	0.0008318330726464	0.0042127248139502	0.0014322930335646	0.0020848319206754	0.0007692689069133		0.0006839453009103	0.0012335915543271	0.0020077141433085		0.0024207050113229	0.0016329881812261	0.0045205566873966	0.0021658540500473	0.0040631556874109	0.001338167868768			0.0006447822144718		0.002261901769698			0.0030701809518778	0.0021966147350952		0.0034206403353363	0.0026279866228463
Paludibacter jiangxiensis	Paludibacter	Paludibacteraceae	Bacteroidales	Bacteroidia	Bacteroidetes	Bacteria							0.0003613722007707		0.0001798762484615																		0.0001686119140806		0.0001593912686209				0.0002753229359384									0.0022857142857142																														0.000511786490807												0.0001818418453652												
Paludibacter propionicigenes	Paludibacter	Paludibacteraceae	Bacteroidales	Bacteroidia	Bacteroidetes	Bacteria		0.0009640653522898	0.0010972961795886	0.0035145088189604	0.0003796020310901		0.0035576762206768	0.0005372756034826	0.0014913549866113			0.0005789060611618		0.0006513599388313	0.001962328643733	0.0015916249497023	0.0036561794996594		0.0004095489061563	0.0016300952966429	0.0004721950582604			0.0005373808209393			0.0009369097403378	0.0011947200934396	0.0038742923924422	0.0014190279734042	0.0005577301911827	0.0023099643529234	0.0007991433237977	0.0014175240014434	0.0020961278158794	0.0006756270245235	0.0031223371919876	0.0004400744014247	0.000420064533916	0.0028103971634835	0.0015963595501756	0.0036200378332203		0.002478686706002	0.002588774286401	0.0014925096596922	0.0014716655040877			0.0047402368163681	0.0004780796929997	0.000845670138033	0.0012348100199041	0.0008431695602679	0.0027906464360689		0.0009401887944651	0.0006258088920161	0.0009999057924937	0.0061415144448814	0.0006373292980841		0.0017101881773842		0.0019883770993124	0.0005836919333702	0.00065610044728	0.0028348136947617	0.0010548794921597	0.0008791063116337	0.0017760121241668	0.0021786401820135			0.000667299890815	0.0009966027273273			0.0009798863781994	0.0017155308865558	0.001616755299352	0.0011959318762497		0.0011082254673549		0.0113158008301166	0.0008186108662902		0.0027836599792778			0.0011159477821454			0.0024073228434665	0.0005717095506981
Paludicola psychrotolerans	Paludicola	Ruminococcaceae	Clostridiales	Clostridia	Firmicutes	Bacteria		0.0005638913907609	0.0004357228700607	0.0019364182899885	0.0006024802811302		0.0012745383554528	0.0005520552787238	0.0020078641313258	0.0012837484043321		0.0007477699188946		0.0005183279853164	0.0008594332263757	0.0013924998695946	0.0012665957306888		0.0011657012324069	0.0008066936851315						0.0011777888939687	0.001370143567999	0.0015566590218502	0.0010461586087943	0.0005942222734516		0.0011055379730546	0.0027123561136395	0.0002763526021444	0.0012240274573592	0.000444942717754	0.0007961948113459	0.0004225435761347	0.0003432842896004	0.0006190841589844	0.0008821825474594	0.0023142687999672		0.0031372864787855	0.000557547114043	0.0011101295207525		0.0083333333333333	0.0014291243136702	0.0011088552168846	0.0007297530917937	0.0004563772652571	0.0007439123098801	0.0008663299204255	0.0008304053756902		0.0009535599643635	0.0005027015487551	0.0009607416856969	0.0064387511364707	0.0016078773767271		0.0008341859687032		0.0007449406450373	0.0010596200665375	0.0012648408212795	0.002396698027196	0.0013264486358949	0.0010525605678243	0.0011404863121129	0.0014571667640097	0.0004798634113895		0.0004355966840103				0.0022617892516206	0.0015806665255413	0.0011597967828709	0.0033637698915889	0.0010942210851261	0.0018189960673136	0.0044910164773611				0.0024397560277676			0.0016170029291067	0.0020407144464291		0.0014786550971828	0.0019047698186407
Papillibacter cinnamivorans	Papillibacter	Ruminococcaceae	Clostridiales	Clostridia	Firmicutes	Bacteria	0.0168270030183044	0.0128064061901859	0.0109240668202862	0.0231512766592791	0.0230053043032174		0.0481256103256423	0.0259202456012329	0.0355811231007086	0.0085173555334805		0.0267775574579709	0.0468444964062399	0.0148384513062969	0.0287126092247065	0.0351301222366658	0.0537359921271878		0.0474349634606893	0.0321311701774091	0.0152422579880897	0.079921344222656	0.017821147199958	0.0142485021847742	0.0170907093463542	0.0183976356436217	0.0179669934617589	0.0366333324764143	0.0387775588144421	0.02331069034078	0.012341350766982	0.0360425959453278	0.0112982180394928	0.0286615925277227	0.0390164262607473	0.0085207863354482	0.0382918654707249	0.0065810093323017	0.0038838693810279	0.0350623379861541	0.0323518449787115	0.0323280891353233	0.0502545750351157	0.0251862036157191	0.0195919637208382	0.0447569045685994	0.0290312432856255	0.0583113885461621	0.0049028055910663	0.0416550525716886	0.0377487965077278	0.0444699703260196	0.0759342803937301	0.0575251000456805	0.0474162853570102	0.0869565217391304	0.032230821946228	0.0226734102134051	0.0629149067692581	0.0515642415614048	0.0495338046980755	0.0194250791747791	0.0422378300893822	0.0665065510564735	0.0603040843160393	0.0321467997334389	0.0471693563027009	0.0299681606572438	0.0428714861009201	0.0246156950289239	0.0274054800298987	0.0245423923295201	0.019150236233963	0.0121403148728844	0.0176626416191802	0.0204718303447739	0.0444516498831526		0.0405208174508651	0.0325630591253047	0.0234657598276686	0.0193368487400735	0.0243242714842946	0.0446589271688756	0.0189963248753764	0.0213770630982061	0.0291638664612449		0.0438593228496262		0.0932654703839828	0.0445626862536925	0.0360592083221679	0.0833333338655648	0.0585348727602223	0.0373979214596687
Parabacteroides chinchillae	Parabacteroides	Tannerellaceae	Bacteroidales	Bacteroidia	Bacteroidetes	Bacteria			0.0007171000480289				0.0004808412302292																					0.0003216057286063	0.0004014015165966				0.0001919059386397	0.0003637776720127			0.000442114906339			0.0003952880269599	0.0005289172435132			0.000273903317684	0.0003263076260996								0.0002308854513084		0.0005831171970557													0.0005111263157022			0.0004723370125317									0.0004441463134314				0.0003437056441201								0.0001927111035767				
Parabacteroides chongii	Parabacteroides	Tannerellaceae	Bacteroidales	Bacteroidia	Bacteroidetes	Bacteria							0.0003380771744255									0.0004089577374288				0.0004406051200038									0.0003445667676379		0.0001871016209625					0.0003111275874156	0.0003604406846722			0.0004460123134587													0.0001542635847797	0.0001329037616145	0.0007016361589442																									0.0004105490228439				0.0002057621362828					0.0003249441557986							0.0002234377172594
Parabacteroides distasonis	Parabacteroides	Tannerellaceae	Bacteroidales	Bacteroidia	Bacteroidetes	Bacteria		0.0068726180073507	0.0093977568627162	0.0026281369072733	0.0010229655385661		0.0131989364324917	0.0039989866984366	0.0029627979227057	0.0019058890510428		0.0037063659956025		0.0042906730614035	0.0109701883690874	0.0138535385442238	0.0158341471800874		0.002732586570079	0.0097609336425604	0.0015409854802484	0.0165751534678409	0.0111167257329357	0.0020961007606572		0.0024371585960115	0.0031078185943827	0.0064468336103947	0.0196038640845861	0.0073654749268237	0.0058758187726468	0.0093516020446388	0.0066032741565548	0.0118632820908491	0.0128949340838248	0.0021079467671424	0.0216670283268367	0.0039587833995957	0.0027981721490063	0.008382375900901	0.0061563240219808	0.004598559424389		0.0071796837343879	0.0084185318147739	0.0084179393590653	0.0083539216358871		0.0013899085412289	0.0181183644209291	0.001630958780017	0.0022275655566943	0.0079208339078494	0.0032468277421268	0.0242593834973855		0.0047664506886762	0.0032811448915013	0.0058254032651354	0.0063820770161697	0.0038883486955018	0.0066980898040187	0.0132648583647411	0.0088888888888856	0.0056747580676194	0.0020228830399523	0.0032449771971337	0.0072742924598206	0.0053755622878603	0.0045405456439444	0.004554180806508	0.0043074676031129	0.0028158686220448	0.0053869979822199	0.001663576212302	0.0060822774811855	0.0133603031624813		0.0025373157548081	0.0146524041878774	0.0028813843081576	0.0048120653239937	0.003369832874914	0.0034037559247076	0.0029943603752179		0.0045192808538074		0.0125548855095248			0.0036002223162033	0.006262482029623		0.007849630016594	0.0035315078231706
Parabacteroides goldsteinii	Parabacteroides	Tannerellaceae	Bacteroidales	Bacteroidia	Bacteroidetes	Bacteria				0.0004897577335342											0.0003400581265324						0.0003073612727696							0.0004853616856622	0.0002255354050025	0.0006085248303444	0.0004200717507586					0.0009339822201187				0.0012287924908118	0.0008673091303955				0.0004742264084111	0.0005303828829164					0.0006489054176795		0.0002495639092945	0.0002843363324064	0.000873686378387						0.0003111780309574				0.0012288200424729		0.000633245297166				0.0009361949182513				0.0005152191453455									0.0001810675361808												0.0004519939181051
Parabacteroides johnsonii	Parabacteroides	Tannerellaceae	Bacteroidales	Bacteroidia	Bacteroidetes	Bacteria		0.000640784690333		0.0003061000621869								0.0002457835901317			0.0003652230975456						0.0002936547853458							0.00020753416331	0.0005092690623308	0.0004658875506151	0.0002905677729504			0.0004910105978984			0.0005537467378259		0.0003315517751416	0.0004130328387222	0.0005106328779597			0.0003611650492866	0.0003285787808344						0.0002536108731661	0.0003471470778538	0.0001841562204309	0.0002851218705859	0.0005745533638678		0.0006595316963393	0.0003170144584709	0.0002631910791287		0.0002967675395267			0.0033333333333333				0.0003044988791335	0.000349560051684		0.0004568098147954	0.000360438751201												0.0004579985964574								0.0002449958841478			0.0007396496650765	
Parabacteroides merdae	Parabacteroides	Tannerellaceae	Bacteroidales	Bacteroidia	Bacteroidetes	Bacteria				0.0003297425868492			0.0004702708254942								0.0003230183700766	0.0003933647888876												0.0003682806970013	0.0003713098620131		0.000270737689732		0.0003371984645589				0.0003406925346505			0.0006421093664653	0.0003700712090826				0.0002172210858847	0.0003655073386558							0.000143914966901		0.0008311922682066				0.0002554531748352								0.0003810130518292				0.0004744714755513	0.0003971594635238												0.0002356288844675								0.0002609004039521				0.0004662846679676
Parabacteroides sp. CT06	Parabacteroides	Tannerellaceae	Bacteroidales	Bacteroidia	Bacteroidetes	Bacteria		0.0007401590516948	0.0010187558843301	0.0006911384314297	0.0003180572466678		0.0031606904497635	0.00098726683619	0.0011162439426327			0.0011816047168081		0.0006922504049601	0.0024901978141045	0.0063919534257471	0.0031178744484459		0.0006040215991652	0.0023708476888788	0.0004068649643621			0.0002870159183622			0.0006715211381351	0.0023014009137839	0.0051233456870837	0.000611796618733	0.0010187206604428	0.001970204487996	0.0014333813628658	0.0021192152609349	0.0038885091131565	0.0003019514079931	0.004258981131036		0.0004662418831839	0.0014272811613054	0.0005041270744607	0.0012219030734651		0.0039250077757564	0.0010081121165844	0.001351609521631	0.0017383054900855		0.0003274326462743	0.0056838186616919	0.0003371600912761	0.0003405069508705	0.0032798410563227	0.000563302582102	0.0049589715880262		0.0008806858771402	0.0002869878783858	0.0009964624093299	0.0021285612935493	0.0006600226518925		0.0030922365337299		0.0012121310553513	0.0007324183002495	0.0006200841913577	0.0017916529263647	0.0017532765018291	0.001715715011086	0.000481582532888	0.0007278788615343	0.0008452495973796	0.0012145939903692		0.0015053897844138	0.0038796641741487		0.0007876697256529	0.012955917772247			0.0008186811189507	0.0005457355359165		0.0171631635711778	0.0012822682198934		0.0083152496796469			0.0011600618329739	0.0049423071336668		0.0013566233327151	0.0009253488138947
Paraclostridium benzoelyticum	Paraclostridium	Peptostreptococcaceae	Clostridiales	Clostridia	Firmicutes	Bacteria																0.0002811322770512																																						0.0001234377029076																														0.0001531817005898												
Paracoccus aminophilus	Paracoccus	Rhodobacteraceae	Rhodobacterales	Alphaproteobacteria	Proteobacteria	Bacteria																0.0008586451238088																																																																																
Paracoccus liaowanqingii	Paracoccus	Rhodobacteraceae	Rhodobacterales	Alphaproteobacteria	Proteobacteria	Bacteria																0.0006708108781102																																																																																
Paracoccus marinus	Paracoccus	Rhodobacteraceae	Rhodobacterales	Alphaproteobacteria	Proteobacteria	Bacteria																																											0.0108514190317195																																																					
Paraprevotella clara	Paraprevotella	Prevotellaceae	Bacteroidales	Bacteroidia	Bacteroidetes	Bacteria		0.0006028801962166	0.0010761575849335	0.0003006124522313			0.0015829943695859	0.0016423901216433				0.0006002868655985		0.0011076574875818	0.0027643614727218	0.0005478216078841	0.0012012859597931		0.0007199173762234	0.0004950046591532	0.0003398379420243						0.0002879148621741	0.000447163515923	0.0025104565952341	0.0007398736160153	0.0004099007643637	0.0013971397508748	0.0001984877334504	0.0010123403838546	0.0009464342867531	0.0003113735337225	0.0014415751468486	0.0006801369450611	0.0007890532839113	0.0009673499928398	0.0002623291586137			0.0004843405994006	0.0008626451591906	0.0007489944171214	0.0022080009240923		0.0003294369916093	0.0013183372003354	0.0004055371316623		0.0007831828486748	0.0006274535461007	0.0008518079643487		0.0016091345610948	0.0007509986791677	0.0011710070385323	0.0039503633169017	0.0007390053836356		0.000999324377624		0.0008079002843104	0.0002508786920295	0.0011809579033022	0.0007686022601893	0.00103201212943	0.0003391986304897	0.0011310998525813	0.0003806136329101			0.0004271404581845	0.0006993138961192			0.0003866722457047	0.0008890735891966			0.0009134187954718	0.0004435971276742					0.000557912504151			0.0003390659116002			0.0013500455535524	0.0010036399731169
Paraprevotella xylaniphila	Paraprevotella	Prevotellaceae	Bacteroidales	Bacteroidia	Bacteroidetes	Bacteria		0.0010572453477028	0.0023571208021805	0.0009041672256725	0.0006509311837238		0.0043354001200669	0.0010000894939709	0.001193141864226	0.0019614289917106		0.0009472813983918		0.000946166947207	0.0029149856979453	0.0029138161411775	0.002840378814134		0.0009263881464978	0.0027034603254238	0.0002934973173444					0.0010848005273008	0.0007491227221302	0.0014662236481439	0.0058253360811903	0.0013570683089145	0.0015356664605758	0.00241231963773	0.0014982235262912	0.0019518858567769	0.0028398252776678	0.0004855249516513	0.0047539402214397	0.0007198107255439	0.0008474950207735	0.0019253202801677	0.0009412438317621			0.0019239844230846	0.0017886687069287	0.001731834427197	0.002361131940441		0.0008383985434966	0.0040493073293586	0.0009527842418605	0.0009407056068492	0.0021396217964973	0.0014971217018203	0.0038855715243306		0.0015712784293743	0.0008326943756633	0.0028395735930357	0.0063829794065989	0.0010106420367105	0.0051893427495249	0.0028830759899707	0.0011111111111143	0.0016911494530654	0.000687703944983	0.0011449123491277	0.0011905262414892	0.0025580643092637	0.0028458515310188	0.0015654661956788	0.0005752157181758	0.0007692338756587	0.0030661715139947	0.0005399499972192	0.0014939091143436	0.0044134808236683		0.0015335701719125	0.0042853822169716	0.0027523025201129		0.0023049921149282	0.0009296673379132			0.0015545898817637		0.0036731884853459		0.0111731843575419	0.0014295948043271	0.0019836922133925		0.0035187279380604	0.0012252638702094
Pedobacter nanyangensis	Pedobacter	Sphingobacteriaceae	Sphingobacteriales	Sphingobacteriia	Bacteroidetes	Bacteria							0.000483191890733									0.0003546444185671	0.0012568075376839			0.0009768270145524													0.0006159687170718		0.000428194968883									0.0004172758860196		0.0002934015060434																								0.0003846500770149									0.000158733569343																	
Pelomonas saccharophila	Pelomonas	Comamonadaceae	Burkholderiales	Betaproteobacteria	Proteobacteria	Bacteria	0.2463898916967509					0.2012882447665056					0.4077669902912621																															0.0011428571428571	0.1352253756260434																			0.0409327710245596		0.0566666666666666														0.0476190476190476								0.0990291262135922		0.3484042553191489								
Peptacetobacter hiranonis	Peptacetobacter	Peptostreptococcaceae	Clostridiales	Clostridia	Firmicutes	Bacteria		0.000296710786541	0.000276303973279	0.0005622138747337	0.0006657373966053		0.0009155889017396	0.0003477185832665	0.0013376950893144	0.0022866801314868		0.0003473309232516		0.0005972168257669	0.0004165986911258	0.0010255333415408			0.0003134913769262	0.0004001554917212	0.0003062152303174						0.0004048333871925	0.0005375864351949	0.0005140853914253			0.0011558129278587	0.0011996542480318	0.0004886905135131	0.0017279188705345		0.0005954612712012		0.0002554238460266	0.0002413211124301	0.0005186743619663			0.00191989024812	0.000512101393616	0.0003472769436746			0.0017625894737378	0.0010620806198003	0.0003596871263693	0.0002605754020322	0.0011396493788346	0.0011403911618397	0.0006488418706948				0.0013692485209265		0.0004593442798795		0.0009651576010184		0.0005391094214473	0.0009539186898765	0.0007680372018808	0.0003307802706973	0.000576816842085	0.0011528931231392	0.0005875292880087	0.0011005303457229	0.0004298120364389				0.0020623239591285		0.0008888930013983	0.0011420960402885	0.0014905592586287	0.0013082663260774	0.0012184630294807	0.0005594193281915			0.0006167558967994		0.0007351931687179			0.0008315865811475			0.0009919224657884	0.0009366512764431
Peptococcaceae bacterium DCMF		Peptococcaceae	Clostridiales	Clostridia	Firmicutes	Bacteria					0.000390843290476				0.000146349413381																		0.0005525334499497						0.0005009844840458											0.000557439035102								0.0005204685011315														0.0003449358214225		0.0005785747929947				0.000466718926767						0.0238095238095238	0.0002951131438579	0.0004779546753035									0.0004227988778954			0.0003709886847393				
Peptococcus niger	Peptococcus	Peptococcaceae	Clostridiales	Clostridia	Firmicutes	Bacteria																																																																																				0.0002132142678658								0.0001978606319174				
Petrimonas mucosa	Petrimonas	Dysgonomonadaceae	Bacteroidales	Bacteroidia	Bacteroidetes	Bacteria																																										0.0011428571428571																																																						
Petrocella atlantisensis	Petrocella	Vallitaleaceae	Clostridiales	Clostridia	Firmicutes	Bacteria		0.0002371777158203		0.0003758365843613	0.0002681528709435				0.0002703039416883			0.0002670329948306				0.0004174193286152		0.03125	0.0002981553390839	0.0007151547048829							0.0002596964156893	0.0002062220387213	0.0003589763714018				0.0004616003120514				0.0004408987648037							0.00043170399415					0.0001867110938127			0.0006237861011486	0.00021055657917	0.0002611118778664							0.000209866041069						0.0003813849602267	0.0005782755079264	0.0001425774257194			0.0006336992182189	0.0003074119754332						0.0002501647927137	0.0004318357121119				0.0004179364118942					0.000266062527886			0.0004184753168279				
Phascolarctobacterium faecium	Phascolarctobacterium	Acidaminococcaceae	Acidaminococcales	Negativicutes	Firmicutes	Bacteria		0.000306226168664	0.0003248879573188				0.0009428021357001								0.0005913142477628	0.0003528753265662	0.0009830426597636			0.0005240113807844							0.0002909706450771	0.0002307808759144	0.0010048421794316	0.0003969986009385		0.0008447870672745	0.0005338665242612	0.0003278028666112	0.0008826370265835	0.0003159699896107	0.000709136863559			0.0004907245445165	0.0005347727061276				0.0005933652290668	0.0012112542493027			0.0004059391924965	0.0013118603456709			0.0004388577262331	0.0001949529743026	0.0019202595356343			0.0003511762189428	0.0002700348549527				0.0006654408266565					0.0005101596398205	0.000542019803065			0.0002420253814535		0.0008202851798961					0.0001926805963467	0.0005405631377105				0.0004199159022765					0.0003931864347111			0.0001583434464261			0.000739497208323	0.0004294840521234
Phascolarctobacterium succinatutens	Phascolarctobacterium	Acidaminococcaceae	Acidaminococcales	Negativicutes	Firmicutes	Bacteria		0.0044514165397247	0.0037854655362562	0.0011403508737442	0.0002121721532218		0.0043994000465008	0.0012716985722047	0.0017272841245134	0.0019224395094464		0.0019018072598564		0.0032674433647981	0.0070649246392355	0.0031053566201581	0.0078568009789516	0.03125	0.0007189337674948	0.0074007756117082	0.0007333409383504			0.000446921499553			0.0032434808138715	0.002547096378262	0.0121222089861273	0.0043053807042378	0.000882645331475	0.0041167541020146	0.0048526802807784	0.0022499327818354	0.0043874454167975	0.0027873738531662	0.0040379820394799	0.0028002456317765	0.0026798099452143	0.0057612971242749	0.004521278078592	0.0045714285714285		0.0015835323590808	0.0059485785544951	0.0063204647162239	0.0053800049066442		0.0029439459746165	0.0098185607916933	0.0004506816560047	0.0004443127962085	0.00380940699621	0.0034898113371322	0.0161707579589075		0.0041837441011265	0.0040432599205146	0.0061870143595853	0.0085106382978723	0.0019260244821288		0.005353077421837		0.0012610324239967	0.0003913263799604	0.000914451743883	0.0044812048606827	0.0059582169381855	0.0022683738299511	0.0035958895568529	0.0022046822521885	0.0010239064546311	0.0034958039783254	0.0006817477533312	0.0019850598129863	0.005060728744806		0.0017557952446036	0.0040110458192275	0.0026060046690916	0.0024985722403824	0.0015448011424224	0.0021016419619906	0.0029940119760479		0.0017579703628583		0.0020664038386514			0.0021912510932441	0.0019660053598149	0.0166666666666666	0.0079528374272807	0.0035939507234764
Phocaeicola coprocola	Phocaeicola		Bacteroidales	Bacteroidia	Bacteroidetes	Bacteria																													0.0002436625921888																										0.0003521480184038																																									
Phocaeicola coprophilus	Phocaeicola		Bacteroidales	Bacteroidia	Bacteroidetes	Bacteria		0.0001670063161625					0.0003819003765205								0.0004072826053594	0.0003788712803501													0.0004750311893111					0.000377431110309			0.0002562492909066			0.0002808885847765	0.0002156648802244				0.0002679830115211										0.0004552734725457																	0.0003382546531594								0.0003261399957909				0.000247649633141							0.0055865921787709					
Phocaeicola dorei	Phocaeicola		Bacteroidales	Bacteroidia	Bacteroidetes	Bacteria		0.0002725483056218	0.0004745455384124				0.0008746784757273		0.0002657146506487						0.0005606158347788	0.0004659437391756											0.0003904870487485	0.0004464367133726	0.000818605081808				0.0002560830649821	0.0004373478654863			0.0004481644214473							0.0004657520463963	0.0003186688876154	0.0005323248020096			0.000315642058978				0.0003822000337688	0.0002886263418794	0.0012815829925758				0.0003236631933107										0.0003330650343096	0.0004568432948372									0.0003023499307239	0.0010702976777499				0.0003967461053801					0.0006412895339441							0.0005093741392811
Phocaeicola plebeius	Phocaeicola		Bacteroidales	Bacteroidia	Bacteroidetes	Bacteria		0.0004409012272334	0.0005543941711601				0.0005468265086479		0.0002369492742656							0.0004836101208406													0.0004213112535089	0.0003903396015391	0.0002081427118467		0.0002217583038116	0.0004112273325624			0.0006405721606724			0.0002941702218139	0.0003509426699565				0.0003592518039741					0.0015272574882409			0.0001486740238759		0.0013480269755469		0.0004998781199247	0.0002703035839724											0.0001692245154505			0.000254289373416				0.0007818098404883													0.0002585627600791							
Phocaeicola salanitronis	Phocaeicola		Bacteroidales	Bacteroidia	Bacteroidetes	Bacteria																																																	0.0001841296821737																																															
Phocea massiliensis	Phocea	Ruminococcaceae	Clostridiales	Clostridia	Firmicutes	Bacteria		0.0035283729692927	0.0015278975521386	0.0047511065044271	0.0016789500377824		0.0046205736413274	0.0033656162008175	0.0050243960260371	0.0027600965611078		0.0041261522963959		0.0013191948972462	0.005054051972412	0.0048494986153732	0.004792862794757	0.015625	0.004632046312193	0.0046690264563589	0.0005402729053256			0.000450767455898		0.0023629843201292	0.003977388198478	0.0043589385979765	0.0050038249055916	0.0029070951683387	0.0005675399403806	0.0042877926292369	0.0021136434651248	0.0028039542995402	0.0035078691168143	0.000757084058843	0.0072500183552765	0.0022894034476544	0.0012746908746324	0.0019215191510762	0.0026098821574477			0.0036182879470629	0.0029900667145817	0.0049057678884628	0.0057948212536878		0.0021370085228161	0.0059163454108017	0.0014099396122119	0.0020767613181429	0.0019607900417494	0.0023161732654846	0.0038567588200828		0.0026621337924842	0.0018336087343401	0.0028432176837238	0.002127659574468	0.0040139915312702		0.0043898701925957		0.0009248406481482	0.0024725823223348	0.0040238690522017	0.0050933331613884	0.0055984260144459	0.0031868849686182	0.0017937739584115	0.0036762777585197	0.0013868968843058	0.0019178072569455	0.001185515219447	0.0026446221994072	0.0055600004619393		0.0058205438817669	0.005600652291359	0.0015173622354078	0.0019915866360218	0.002368222082631	0.0064412763431026			0.0031943183851318		0.0085712442352903		0.0055865921787709	0.0068261049464221	0.0071961755497169		0.0038579799929037	0.0037434239604281
Phreatobacter stygius	Phreatobacter			Alphaproteobacteria	Proteobacteria	Bacteria																																																																0.0011111111111111																						0.0064724919093851										
Planctomycetes bacterium FF011L					Planctomycetes	Bacteria																																												0.0003413513351229																																																				
Planctomycetes bacterium Pan181					Planctomycetes	Bacteria																																	0.0003520757018774		0.0007459459412441		0.000312264708447							0.0006715000050376					0.0002267376072954			0.0004476319396528								0.002127659574468										0.0006862465193519																										
Planctomycetes bacterium Pla110					Planctomycetes	Bacteria																																												0.000242419773843					0.0002188678629767																																															
Planctomycetes bacterium Pla175					Planctomycetes	Bacteria																																																																																					0.0014970059880239											
Planctomycetes bacterium Pla85_3_4					Planctomycetes	Bacteria																		0.015625															0.0002037861910367											0.0002122354461696					0.0003862193517534			0.0003736744316255																																	0.0014970059880239											
Planktothrix agardhii	Planktothrix	Microcoleaceae	Oscillatoriales		Cyanobacteria	Bacteria																																																																0.0011111111395647																																
Porphyromonas gingivalis	Porphyromonas	Porphyromonadaceae	Bacteroidales	Bacteroidia	Bacteroidetes	Bacteria							0.0004428645490093																						0.0001732527586926							0.0003516534069541	0.0001983265477194			0.0004449857026874	0.0002228147209699												0.0001387047725145		0.0004414080363867												0.0002084660048948													0.0005541253687164				0.0001658931333968					0.0003382786738804							
Porphyromonas pasteri	Porphyromonas	Porphyromonadaceae	Bacteroidales	Bacteroidia	Bacteroidetes	Bacteria																													0.0001403432148225																																																																			
Prevotella albensis	Prevotella	Prevotellaceae	Bacteroidales	Bacteroidia	Bacteroidetes	Bacteria		0.0016411603555073	0.0008792149663248		0.0004214231086756		0.0008107976028701	0.0005401218448911	0.0001972587089724	0.0008906665120666		0.0004069771140905		0.0006083608225676	0.0004404067586156	0.0006010680909174			0.00040750189753								0.0005663891022772	0.0003030357797616	0.0009549607540457	0.0009882990872964	0.000746162340527		0.0002921846608732	0.0007336356712926	0.0004502434728776		0.0008377994273778	0.0007070765452509	0.0007854749762757	0.0004617912868365	0.0002695169364533			0.0004706478984699	0.0013245996582971	0.0003916138935104			0.000270785151406	0.0008373267263113			0.0007307297425652	0.0004902041751862	0.000488768503346		0.0013130475780771	0.0009336808679259	0.0006037009942313		0.0003910239768297		0.0006524038748517		0.0004494455347567	0.0002443513487642	0.0001895923543098	0.0006787947151509	0.0003941527962982	0.0006494950468091				0.0009871588480605		0.0008108195300369			0.0003409585799079	0.0010057384848315	0.0011720546524099			0.0009388676573618					0.0004466276252054			0.0008151082416122			0.0006521301295234	0.0002915139371292
Prevotella amnii	Prevotella	Prevotellaceae	Bacteroidales	Bacteroidia	Bacteroidetes	Bacteria															0.0002369934554357														0.0003568943185378		0.0003578206253575														0.0002709232408486				0.0001825599863826				0.0002879198297795	0.0002754752046437			0.0004326538442438		0.0002455527912264	0.0021278310719495										0.0005070106109832														0.000357707857996								0.0001924659528827				0.000220524019203
Prevotella baroniae	Prevotella	Prevotellaceae	Bacteroidales	Bacteroidia	Bacteroidetes	Bacteria							0.0003013052946189			0.0007887796372291					0.0002781742922711														0.0002080605499842		0.0001669077866985		0.0002272157416618									0.0011428571428571		0.0003634573283383					0.0002028987217528				0.0001363253816349	0.0002707519009649												0.0002060722759653				0.000729489897965		0.0003134569822047							0.0002209774302789					0.0001995851062914					0.0004280832319694							
Prevotella bivia	Prevotella	Prevotellaceae	Bacteroidales	Bacteroidia	Bacteroidetes	Bacteria		0.0005585373105841	0.000791177381134				0.0004868712482126		0.0001862141073181					0.0003276689851976	0.0004190947253448	0.0003426336820544											0.0002520867438043	0.0002833991274416	0.0008056683707177	0.0004867821908488	0.0005151055005416		0.0002824244469307	0.0002735689414842			0.000405048389042			0.000310183362099	0.0002726185974155			0.0002390064791638	0.0004936873070145				0.0006201370343765				0.0004740786374079	0.0003185840086171			0.0006687422323543	0.0002710988969988	0.0004980976584648	0.0034725739108524								0.0004525075704562	0.000195784758615	0.0008562923755193	0.0005574573278496	0.0004174974928629							0.0002733234333254	0.0010268033680022				0.0005740428603802					0.0008224591927453		0.0055865921787709	0.0003966369618629			0.0004472898304655	0.0004024790824338
Prevotella brevis	Prevotella	Prevotellaceae	Bacteroidales	Bacteroidia	Bacteroidetes	Bacteria		0.0006049074841504	0.0012060369486981		0.0002803434390793		0.0004766061535485			0.0007944733561814				0.0006464586976409	0.0003619031266966	0.0005226665081654	0.0008017715140812			0.0006843635623853							0.0001974018633265	0.0003051321767301	0.000890084803368	0.0003079956174723	0.0019308784220267		0.0003903458149898	0.0004231481052762	0.0005923662322953	0.0003726825404476	0.000416190165986		0.0002666473555247	0.0005158699821466	0.00045773926872			0.0003227533805973	0.0003687079043557				0.0005578351415032	0.0007871524346202			0.0007944676087104	0.0004681916139945	0.0009462156644445			0.0003015748517266	0.0008329527585426		0.000298304656444					0.0002245409031294		0.0003097644995294	0.0001924881497632	0.0009115562620898	0.0006074773018478								0.0001867501374574	0.0007212511351612				0.0003143561077185					0.000543416958468			0.0005645599192339			0.0004869933688801	0.0002712592696092
Prevotella bryantii	Prevotella	Prevotellaceae	Bacteroidales	Bacteroidia	Bacteroidetes	Bacteria		0.0006549027258548	0.0003862425623169	0.0003791467020127	0.0014596904248847			0.000518130386793	0.0001770615328538			0.0004875584935753		0.0003571407409898	0.0003793140128412	0.0004605629556467					0.0002645458228327			0.0004679722038787		0.0007637603477433	0.0004393093590471		0.0004231202228395	0.0004050373420731	0.0008472693454395		0.0005488765190537	0.0002869181358369		0.0004191977065771	0.000220732146943		0.000513858585729	0.0002519178950014	0.0002028770365435			0.000271252829132	0.0009787546493823			0.0083333333333333	0.0001873382283413		0.0002639849937277		0.0001639929520536	0.0002954146959546			0.0005933134055554	0.000436842162635	0.0004216530447181							0.0002286627361115			0.000292830412519	0.0011493687236898	0.0005993199937				0.0003299119491584	0.0006834569188575				0.00053643557004	0.0020836207377908			0.0004797402451993					0.000511093329328			0.0003063950016573				
Prevotella buccae	Prevotella	Prevotellaceae	Bacteroidales	Bacteroidia	Bacteroidetes	Bacteria																													0.0002978372778302		0.0001498677981685		0.0002644659488459				0.0002385827468463		0.0002048066087927						0.0002106859683931				0.0001636108230071				0.0001432732447368	0.0001048769074941																0.0003120334187629																										
Prevotella buccalis	Prevotella	Prevotellaceae	Bacteroidales	Bacteroidia	Bacteroidetes	Bacteria		0.0078278216980144	0.0108677619129367	0.0036281247325725	0.0022505602103073		0.0050944283323683	0.0011685282834717	0.0021588731443537	0.0122335489064387		0.0015674670809974		0.0042336988451117	0.0051267692194481	0.0033801328928083	0.0041440371359559		0.0019241053198069	0.0046341464700184	0.0025544587199646			0.0024880476440658		0.0018754039727538	0.0022235665843972	0.002996437838847	0.0072863047257388	0.0070841073137669	0.016426143090874	0.002499400312342	0.0043052201158845	0.0051015595146387	0.0013994669003404	0.00566528722295	0.0044116345541846	0.0073554627081003	0.006630554660784	0.0075916156660349	0.0089071013577599	0.0045019756249781	0.0309664495342113	0.0038020085994983	0.0072935581714523	0.0033577543147633	0.0053742167200025		0.0074440274918755	0.0038745055035126	0.0018197892554213	0.0009868356417802	0.0099117441884898	0.0116981643079657	0.0067737579110796		0.0042484723657118	0.0026563669173761	0.0174325006920823	0.0109121659189743	0.0025706743867525	0.013008901557497	0.0036162178824937	0.01	0.0057421554457345	0.0027375365420651	0.0022300048199578	0.0028298448271555	0.0039607763407326	0.0142754687798205	0.0037915475881824	0.0036423719757841	0.001737679473388	0.0083439335640316	0.0036706519154993	0.0042280091598302	0.0038587378297303		0.0049655487227861	0.0054894324129321	0.0091292298794232	0.0040543315030963	0.0081804254255898	0.0029319138871961	0.0014970059880239		0.0021141892202116		0.0031416718346233		0.0111731843575419	0.0038662861680214	0.0035629189294989		0.0121068110110526	0.004439088798519
Prevotella colorans	Prevotella	Prevotellaceae	Bacteroidales	Bacteroidia	Bacteroidetes	Bacteria															0.0002540670180765														0.0001587769439049		0.0002495522848707						0.0001828785662341								0.0001678562349467								0.0001596279480563	0.0002969373688958					0.0004408389239333																				0.0001539634872818						0.0014970059880239											
Prevotella copri	Prevotella	Prevotellaceae	Bacteroidales	Bacteroidia	Bacteroidetes	Bacteria		0.0044861955709908	0.0070341882926931	0.0022689487556119	0.0020213505226971		0.0041310160909051	0.0011099489498595	0.0021430936973797	0.0067673986644644		0.0018211829864171		0.0038804772783971	0.0047185940381868	0.0033206725969772	0.0032063929533609	0.0463025423326142	0.001430462217869	0.0032714092675439	0.0012831213604909			0.0010023056502802		0.0019214650216359	0.0018940665233331	0.0023040337177828	0.0055227116124767	0.0047656903711194	0.0056761483321023	0.0031249225259015	0.002510919474145	0.0034007995675185	0.0017546898837308	0.0047134080045425	0.0044180346573461	0.002799115429304	0.0026790780430445	0.0032886072971344	0.0045861848364747	0.0011428592044212		0.0025760722102315	0.004842938496542	0.0030162476315492	0.0048249967170861		0.0036487395593625	0.0035994688426403	0.0012285495597366	0.0011898725759486	0.0057361105986612	0.0051470002398548	0.003710759715463		0.0122284499943077	0.0074194368009889	0.0080865777379945	0.0075074071767703	0.001815286238961		0.0026912078942878		0.0041865233676193	0.0018731786143547	0.0016816979937232	0.002125644161916	0.0029972527539954	0.0077272343718177	0.0029200379893849	0.0030136068985115	0.0016488444425585	0.0076628806377894	0.002108505025402	0.0017939643342962	0.004609416983417		0.0027497146792402	0.0042520374392622	0.0082620439593521	0.003887007038343	0.0051325073006968	0.0036547087887981			0.002450922600848		0.0039819160204842			0.0031971901603817	0.0039745811051811		0.0061613978659387	0.0033675269996374
Prevotella dentasini	Prevotella	Prevotellaceae	Bacteroidales	Bacteroidia	Bacteroidetes	Bacteria		0.0005137367854167	0.0009685583916945	0.0007290267378719	0.000659287008624		0.001396004236504	0.0003938696832805	0.0005194220356642	0.001314133028239		0.0001995879284747		0.0006180007909105	0.0013710854988983	0.0010574186597454	0.0012764547909358		0.0002806216275268	0.0011404590429431							0.0004129859780615	0.0006105988598264	0.0022423448044979	0.0008251913400134	0.000694335087082	0.0014070395237644	0.0006895578035061	0.0009441066429122	0.0006765383623385		0.0018440274508585			0.0009541155018005	0.000794125834164			0.000831129043055	0.0009671485382855	0.0010285133270084	0.0008677090712976		0.0008231004344397	0.0010362585810222	0.0001709708732177		0.001602741196343	0.0011368835196981	0.0015652720014005	0.0434782608695652	0.001013548084729	0.0002557074905383	0.0014119220037493		0.0005278018987924		0.0009805517517562		0.00047852884645	0.0004330705216301	0.0002654125700286	0.0004447260218051	0.0008911863679428	0.0021872602091999	0.000432250406747	0.0006116825152598	0.0003975398652826	0.0013014965185477					0.0011188985780855	0.0014250521418731	0.0008719206805312		0.0007348471429824	0.0005400267564937					0.0016945212912765			0.0008479316304779	0.0021896812233777		0.0012276750000566	0.0005541576163871
Prevotella denticola	Prevotella	Prevotellaceae	Bacteroidales	Bacteroidia	Bacteroidetes	Bacteria		0.0007168207031755	0.0007310532885697	0.0006068630705832	0.0002785308656159		0.0017366663973712		0.0005511857068704	0.0016054272389865		0.0002743622149959		0.0004864271735875	0.0010234965074569	0.0010266130502964	0.0016995510281225			0.0019706166480815							0.000467321148385	0.0006016105085118	0.0014030605040152	0.0008712185502362	0.0007439419203182		0.0009765234732714	0.0005171306722675	0.0008947157112193	0.0006743793074304	0.0013567311360108		0.0005428466734112	0.0006621532900529	0.0008304890303155			0.0006767441454257	0.0012065921446301	0.0007119226616627			0.0014471742320715	0.0012286593533108		0.0003245231006454	0.001036501498592	0.0010786390076071	0.0014564433659277		0.0006848624146888	0.0001979125024088	0.0020721170994912		0.0006519938779212		0.0009173031648459		0.0010668939603654	0.0004955128316096	0.0003280467027124	0.0005969818725706	0.0005343249194897	0.0021705047189765	0.0005386318138421	0.0005682910292346		0.0016801424604389	0.0004811462910346				0.0010932907279034	0.0012486821425864	0.0016414374164226		0.0016929875476427	0.0003759957232159					0.0013272861720923			0.0005963059179029			0.0018139788395165	0.0008376253306526
Prevotella disiens	Prevotella	Prevotellaceae	Bacteroidales	Bacteroidia	Bacteroidetes	Bacteria																																													0.0001623488169187																																							0.0001663629574171					0.0002284194653864							
Prevotella enoeca	Prevotella	Prevotellaceae	Bacteroidales	Bacteroidia	Bacteroidetes	Bacteria		0.0004665273390673	0.0003031317964338				0.0003622882964395					0.0002039833521414		0.0004364489721592	0.0002067542753788	0.0005735609668522													0.0001687376742934	0.0007132741952231	0.0012787359364433		0.0003400352806408	0.0003547951291723		0.0004625155327627	0.0003300376451272			0.0002371021833268	0.0001761181469869				0.0005859274492372				0.0006644609857753				0.0002539073206734	0.0005931804165585			0.0006231218247963	0.000381122682821	0.0004828760924315		0.0002019556133809					0.0002328269260516			0.0001954240778513	0.0007009415373152					0.0005549131243131				0.000211752825033		0.0006675752899374			0.0003690405294608					0.0003476509239609			0.0002100960916258			0.0005529102308349	
Prevotella fusca	Prevotella	Prevotellaceae	Bacteroidales	Bacteroidia	Bacteroidetes	Bacteria		0.0003870936966072	0.0007743144021264	0.0006251693647098			0.0010015443441918		0.0001737499092735					0.0003617948666487	0.0008609123693661	0.0006728117287383	0.0010775689373913			0.0005585441558243							0.0003419952066062	0.0005883413781719	0.0010309743472566	0.0006670734853667	0.0009617585021215		0.0005771282950461	0.0006100927944924	0.0004295205985808	0.0004113477030792	0.0011364888286571		0.0003364357130989	0.0009590704473946	0.000647481258128	0.0034236674905623		0.000442609431313	0.000620323583979	0.000497420650316			0.0005873659560312		0.0002428988061767		0.0007651320196714	0.0006793266084533	0.0013095436616323			0.0002017744629884	0.0011244387124674	0.0021276657812007	0.0001873817747452		0.0009176614520367		0.0005856003371713	0.0002912188260828	0.0002587199502986	0.0003358101185301	0.0004045742170079	0.00131757370638		0.0004786431658254			0.000329501951683				0.0003791076919428	0.0009642801017225	0.0006485750235499			0.0004577649754068					0.0007643571812934			0.0004633669527511			0.0009791967892591	0.0003566446596076
Prevotella histicola	Prevotella	Prevotellaceae	Bacteroidales	Bacteroidia	Bacteroidetes	Bacteria																																																												0.0021276595744681																																				
Prevotella jejuni	Prevotella	Prevotellaceae	Bacteroidales	Bacteroidia	Bacteroidetes	Bacteria		0.0008351868839291	0.0007117125991891	0.0003953513867439	0.000324602344984		0.0009967093953962		0.0002976504937466					0.0004204404151859	0.0006594409845677	0.000392732942589	0.0010091663243879		0.0005136577582861	0.0005071600540192							0.0002136673700857	0.0002782000434622	0.00114531992514	0.0006035092289055	0.0005329050046584		0.0005697130859877	0.0006558365968087	0.00057155042265	0.0004716100155182	0.0009263728791146		0.0004482207339334	0.0006182507866081	0.0005977491394315			0.0004927821488988	0.0006820454465981	0.0006434927431215			0.0007061214201561	0.0011001512970614	0.0002035668251568		0.0008486294833306	0.0010010193413479	0.0012753732264593		0.000697163926908	0.000296806122958	0.0011393800265467	0.009312807162268	0.0004127612755309				0.0007073829164396	0.0003150139937717	0.0003649353128405	0.0005079524165159	0.0004356437728638	0.0010165869330065	0.0008240072057566	0.0002742836488269							0.0004205147752807	0.0008121352627655	0.000842043546137			0.0004747260743733					0.0009977903538521			0.0004790954534628			0.0013283690814729	0.0007325077970301
Prevotella loescheii	Prevotella	Prevotellaceae	Bacteroidales	Bacteroidia	Bacteroidetes	Bacteria		0.0023945182885303	0.001697909369882	0.0013151881092297	0.0007357763313308		0.0038422604658241	0.0003217984131786	0.0011111559259621	0.0044407525503709		0.000872366525091		0.0010178123633542	0.0018515997235756	0.002896652701306	0.0026142900404456		0.0005934086123071	0.0030808282426777	0.0004796504687723			0.0006723309821894			0.0004237900528097	0.0007309651041506	0.0020768346056325	0.001996830260029	0.0033092453425461	0.0014895834453267	0.0024222416834056	0.0012400480853424	0.0023362697552498	0.0015154097100374	0.0023734319131307	0.0016439577455152	0.0013848831895171	0.0021925887927319	0.001694793373718			0.0012593894681977	0.0020571730386146	0.0010759606096315	0.0012634833486464	0.0083333336380389	0.0035428296441532	0.0026003045042853	0.0004617813313491	0.0002816579929943	0.0023599432924161	0.0021821751288908	0.0018736404170344		0.0011840038909173	0.0005737178305681	0.0028686487161644	0.0041823755507113	0.0005513458650351	0.0175756290237264	0.0020317176184885		0.00221660583439	0.0007132576411684	0.0005642197131393	0.0006283815504034	0.0018714686860598	0.0051617134881937	0.0007385186471204	0.0013103394531146	0.0008553819701858	0.0024528614465461	0.0008911928752824	0.0012483267890815	0.0018080851048371		0.00227661165997	0.001275427890252	0.0045086202996752	0.0013068054549434	0.0007668424165128	0.0012745676277823			0.0008607208219449		0.0014619306080683			0.0011850290179971			0.0021740508272556	0.0003838257589159
Prevotella maculosa	Prevotella	Prevotellaceae	Bacteroidales	Bacteroidia	Bacteroidetes	Bacteria																																	0.000136558317935																0.0001608361655295				0.0001311992121715																	0.0002354695103092																										
Prevotella marshii	Prevotella	Prevotellaceae	Bacteroidales	Bacteroidia	Bacteroidetes	Bacteria		0.0003718730820981	0.0005843184564129	0.0002923945374553			0.0006263717141911								0.0003731838804234													0.0003006641937134	0.0004039131934261	0.0006356897627649	0.0006332368227967		0.0002143855164209	0.0005206440879885		0.0004999172407522	0.0004566736934957		0.0003649980782355	0.000362733456191	0.0005255262856181			0.0003048594924119	0.0006659612012071	0.0004047957751233			0.0003633797069404				0.0004414447768192	0.0003944169945609	0.0006861534636283			0.0002960492480004	0.0007783928077475		0.000194043249143								0.0002369416299236	0.0005528754189191									0.0003050996094694	0.0004270320781671				0.0002420550001333					0.0005110114868606			0.0002915887984874			0.0006951075627736	0.0002281363128948
Prevotella melaninogenica	Prevotella	Prevotellaceae	Bacteroidales	Bacteroidia	Bacteroidetes	Bacteria		0.0010550227701154	0.0013478780018614	0.0002967236054933	0.0003717296385339		0.0012386723990377		0.0003564918402152	0.0016119213023241		0.0003011748294277		0.0006860525359888	0.0013407045512683	0.000996301761736	0.0007201447695119			0.0008156885951402	0.0002869157184594						0.0004101204284604	0.0005184494697764	0.0018833889462983	0.0009205245650716	0.0008998193002282		0.000620903850329	0.0013170726137094	0.000603059313522	0.0004718179311734	0.0016352423150172	0.0009845476764945	0.000738932523352	0.0011448938445258	0.0009374314265078	0.0011428571428575		0.000914038894656	0.0012641494215945	0.0006075515978706	0.0013375872814909		0.0011408799694255	0.002015594471955	0.0002792974821688	0.0003970152055513	0.0014039389787251	0.0009403726661729	0.0017250596819891		0.0007606806317069	0.0003803106076561	0.0018286044278538		0.000334435792122		0.0008420349004741		0.0006583974529057	0.0003857263673395	0.0003653750557657	0.0006854837406091	0.0007564409015348	0.0022072329084352	0.0007410604329267	0.0006834644038556	0.0004949620128079	0.0017318020697191	0.0003875543880751	0.0011725313887554			0.0005598944918989	0.0018793207107232	0.0011096687594024		0.0016386925402559	0.000356094649368					0.0016337873625679			0.00050136375861			0.0017070374234942	0.0012147285281718
Prevotella micans	Prevotella	Prevotellaceae	Bacteroidales	Bacteroidia	Bacteroidetes	Bacteria			0.0002366202263764																												0.0005469461721325						0.0001762472802479																0.0001555687702875	0.0001601741875856																0.0002684934186432																										
Prevotella multiformis	Prevotella	Prevotellaceae	Bacteroidales	Bacteroidia	Bacteroidetes	Bacteria																													0.000158117837536		0.0001581374248438																							0.0001079218553779																																										
Prevotella multisaccharivorax	Prevotella	Prevotellaceae	Bacteroidales	Bacteroidia	Bacteroidetes	Bacteria																																																	0.0001594507743126																																															
Prevotella nanceiensis	Prevotella	Prevotellaceae	Bacteroidales	Bacteroidia	Bacteroidetes	Bacteria																													0.0001405529537916		0.0002269944282572										0.0001603950196859												0.0001733700819837	0.0001070731273341																0.0002173053711791														0.0002214420664004		0.0160632406682772									0.000358034664226	
Prevotella oralis	Prevotella	Prevotellaceae	Bacteroidales	Bacteroidia	Bacteroidetes	Bacteria		0.0006444605856595	0.0011289510200594	0.0005392774819951	0.0002128124398473		0.00058520191429							0.0004146079337412	0.0003306089840374	0.0004374728071428			0.000340396840698	0.0009976529432454	0.0003956231089367						0.0002496770233834	0.0004720917898729	0.000698945909182	0.0008320340771821	0.0014164955823377		0.0005921297660869	0.0004743643847941		0.0005953814318394	0.0005657560485712	0.0011358219114915	0.00098837895427	0.0005432887303628	0.0006192349244894			0.0004295729772579	0.0006370879771439	0.0003316356819933		0.0166666666666665	0.0006352972413692		0.0001504312104236		0.0006279244107769	0.0005530036441509	0.0006579834831412			0.0002838963794636	0.001245708572283		0.000313768018214						0.0002364259875004	0.0003309297349314	0.000397563208508	0.0016090759580623	0.000496092586703	0.0005581518955056		0.000935805493216	0.0003123599079023	0.0008888377792663			0.0002531519779534	0.0003682162343627	0.0006477140953183											0.0003819878007552			0.0009519882000993	0.0003701177526934
Prevotella oris	Prevotella	Prevotellaceae	Bacteroidales	Bacteroidia	Bacteroidetes	Bacteria		0.0049826727446799	0.0073207509589048	0.004409209128833	0.0036357443776858		0.0052976759391587	0.0014957395386851	0.0033518457911266	0.0117264047717828		0.0023755294717911		0.0042760947042683	0.0070570566403038	0.0039196133823136	0.0046039305370819	0.0161974576673857	0.0020048789554129	0.0053370272681671	0.001788812478016	0.0145625936939704		0.0014479130320162		0.0018539986126058	0.0027980694725212	0.0037438686885998	0.0081157833852775	0.0051192650367767	0.0092693367656849	0.0037859887774138	0.0049883337567595	0.0041748704898707	0.0022256782539405	0.0037577085219684	0.0078329853891907	0.0031941722771278	0.0032454103978256	0.005373494969957	0.0059949728327944	0.001217211965752	0.0249600947061893	0.0043588934138575	0.0063132348512655	0.0045904944816285	0.0054489269896372	0.0083333333333334	0.0067924804959757	0.0048858164292895	0.0015153342360244	0.0015880429821761	0.0109368086882947	0.0111935589798466	0.0057421367896075		0.0071999477450306	0.0031536358264907	0.0157478420099208		0.0031170846522336		0.0042421761225346		0.0044027802010315	0.0037195676424017	0.0023136380408252	0.0039543276083954	0.0054164030724235	0.0155394632433115	0.0041018929018152	0.0041418423808498	0.0019669739120014	0.0063142525591894	0.0027282214372293	0.0041127987910014	0.0045601120715602		0.0056272964778768	0.0075604410059056	0.0098755809125834	0.0056871154404164	0.0106058952902899	0.0042332397786489	0.0059880239520958		0.0033691391035932		0.0061170138816495			0.0054543419495706	0.0071513939958158	0.0333333333333333	0.0122530958070132	0.0079942486738354
Prevotella oryzae	Prevotella	Prevotellaceae	Bacteroidales	Bacteroidia	Bacteroidetes	Bacteria		0.0007780452739706	0.0008811746529307	0.0004350013423503			0.0007878095827709	0.000392829434466	0.000292044694533	0.0013559462713303		0.0002651588618598		0.000336970681452	0.0005685616207143	0.0003166654260802				0.0006438820890182	0.000252813689469						0.0002575772496067	0.0002329921518562	0.0009774527842812	0.0007533970260494	0.0010233956387357		0.000275199893799	0.0005083460673177		0.0004412756242268	0.0007919366032719	0.0008372220104183	0.0004245224689088	0.00071385753678	0.0009164537618549			0.000447671892744	0.0006790714857411	0.0004910429136972			0.0003254849608268		0.0002164066972502		0.0007212538273631	0.0010201291962606	0.0011490455439806		0.0004550896685176	0.0003839667528802	0.0015161559110278		0.0003548996880235		0.0005342608044722		0.0006534972696868	0.0003085592906177	0.000306152413984	0.0003131298226583	0.0005425184942169	0.0009638352397766		0.000363941705708			0.0004634701561568				0.0004380038305833	0.0004210825114844	0.0011128350374284			0.0004684386248843					0.0004104883870955			0.0005451494394941			0.0011664109694085	0.0001937329750251
Prevotella oulorum	Prevotella	Prevotellaceae	Bacteroidales	Bacteroidia	Bacteroidetes	Bacteria		0.0004940600235696	0.0005763183902019	0.0002633267827264	0.0003146590982432		0.0007682778123965		0.0004000540637862	0.0010912219276873				0.0004350136186124	0.0004163698973195	0.0005490800147442				0.000516538406826							0.0003375855414523	0.0003553042252753	0.0009894524659654		0.0002581322954731		0.0006184715543361	0.0003811450369283	0.0005550734083465		0.0007714924020701			0.0003775303929066	0.0003507159268517			0.0005935665110954	0.0002876738749677	0.0002973329545331			0.0004965605149915				0.0003856784079984	0.0004152124137076	0.0004986237187272		0.0004526691285389	0.0002930706860429	0.0005554716626035	0.0023741270272978			0.0006800769331673			0.0002443794050248		0.0005649921708257	0.0004152399523083	0.0018203215659781		0.0004858822330581							0.0002421452155477	0.0007722723038689	0.0019487436751953			0.0004272465607298					0.0007823157063014			0.0001820308710204			0.0007109451516654	0.0003792078658042
Prevotella paludivivens	Prevotella	Prevotellaceae	Bacteroidales	Bacteroidia	Bacteroidetes	Bacteria		0.0016210796600195	0.0018488627286092	0.0014233026887271	0.0011331881802274		0.0022294779194552	0.0004160408765479	0.0010830742839357	0.0025991570242068		0.0006084724492334		0.0004266223870115	0.0014736958116494	0.0012083718297438	0.0012273918976982		0.0003641601963532	0.0009633152788727	0.0003160049780148						0.0005910389368982	0.0008587316443868	0.0034488890821639	0.0012536232850588	0.0013500233173296		0.0013401816217857	0.0014736203598708	0.0009046596975391	0.0009263500255259	0.0019311866411698	0.0006864233082382	0.0009468281097254	0.0013307287039504	0.0018680563425815			0.001619649965648	0.0013286840613434	0.0009540291220157	0.001778313708898		0.0011158789247351	0.0034764871966611	0.0006233421260919	0.0005156052471418	0.0016010555807819	0.0016446207133074	0.0026350258309408		0.0011465689550809	0.0006612285167774	0.0033390575292265	0.0049737358887439	0.0005628639709585		0.0014262268037362		0.0014491958840757	0.0006363323537096	0.0005945779350082	0.0008117294975401	0.0011094881599282	0.0046947225553236	0.0012543412372897	0.001595984997929		0.0013049371736527	0.0003650824502544	0.0013258319499227			0.0010515139914666	0.0027345154102434	0.0045182498459984	0.0014750649465583	0.0024920525346031	0.0018684981900623					0.003161801331017			0.0018653481019699	0.0022733479689168		0.0026725332507587	0.0011081241601926
Prevotella ruminicola	Prevotella	Prevotellaceae	Bacteroidales	Bacteroidia	Bacteroidetes	Bacteria		0.0005690391308863	0.0015547870849636				0.0010559661347988		0.000337589022448	0.0015055217997113				0.0008188850994031	0.0004858330531065	0.0014365699801938		0.015625		0.0015155534953032								0.0002751392588717	0.0012470069753848	0.0005195534487951	0.0019114619978567		0.0009489593858971	0.0004189963294122	0.0007167056520287	0.0003886063018074	0.0006637727653168		0.0002887353882662	0.0005424477424679	0.0002511676468827			0.0005549677472119	0.0006914977062573	0.0003999561782212			0.0019417101211677	0.0021559272196801			0.0008331257193021	0.0006124387917007	0.0006015132366735		0.0012553574923895	0.0003948539027593	0.0007745292696094	0.0021276783448421	0.0004719276088471		0.0006271925461173			0.0002914598130653			0.0005623371359318	0.0024642210750036	0.0008453108713401	0.0005306964098872	0.000800773047469		0.0003142675735879				0.0012453399933217	0.0007434033456308	0.0016704232227319			0.0003573061918477					0.0009652433488072	0.5		0.0005806764411807			0.0006401427579236	0.0004056818193852
Prevotella saccharolytica	Prevotella	Prevotellaceae	Bacteroidales	Bacteroidia	Bacteroidetes	Bacteria		0.0001462531011616													0.0002524273643949														0.0002646565931711		0.000302967295845										0.0003709675484323			0.0002399882069419	0.0003658001389844	0.0002415738962826							0.0001753148460652	0.0002082084210089					0.000401773657187		0.0001561716759163									0.0004277230618618																			0.0002256838009823			0.0001700618697584				
Prevotella salivae	Prevotella	Prevotellaceae	Bacteroidales	Bacteroidia	Bacteroidetes	Bacteria																																																						0.0001431612107294																																										
Prevotella scopos	Prevotella	Prevotellaceae	Bacteroidales	Bacteroidia	Bacteroidetes	Bacteria			0.0004032572178034																												0.0001577693921613										0.0001751297557982												0.000144058358054	0.0001052934548472					0.0001849946043106																																					
Prevotella shahii	Prevotella	Prevotellaceae	Bacteroidales	Bacteroidia	Bacteroidetes	Bacteria		0.0007843696997978	0.00177428541716	0.0004816112110409	0.0005447003087531		0.0014554151076356	0.0003283922273502	0.0005541874714351	0.001222558253659		0.0003724042964716		0.0004844728045638	0.0008815065559507	0.000727139137542	0.0012386687288693		0.0005313026253576	0.0007088185207544	0.0004430575778179			0.0004981765080749			0.0002592245946128	0.0004539972943118	0.0011007236635191	0.0009595875154529	0.0013431840855339	0.0013188687927008	0.0005109909524927	0.0008904145098727	0.0008827428839554	0.0003421916296394	0.0008547798600374	0.001130412764473	0.0009901931939456	0.0007144848481701	0.0010648162002897			0.0013446819665166	0.0010770139505158	0.0009827155144436	0.0014776744546412		0.0007353575882939		0.0002399120440631		0.0011472819071217	0.0012126063005467	0.0011260422307095		0.0007853539063548	0.0003922063648495	0.0010536140062168	0.0021868103958553	0.000265509171658		0.0012462621007288		0.0011234081160233	0.0003593400384999	0.0005002011859977	0.0003854813707412	0.0005428599228527	0.0017611815304557	0.0004451449389544	0.0008842915453091	0.0003792257260605	0.00199093216527	0.0004155621257194	0.000980967753634	0.0016214891828366		0.0005134919609432	0.0006677353875547	0.0020733496492552			0.0008177399073767					0.0015515980297303			0.0008278157071224	0.0018875367869511		0.0012505670290938	0.0004643128617046
Prevotella sp. oral taxon 299	Prevotella	Prevotellaceae	Bacteroidales	Bacteroidia	Bacteroidetes	Bacteria		0.0008562418350787	0.0010247797986027	0.0005467088912631	0.0007144598671179		0.0012317816344369		0.0004634799088423	0.0024207874509912		0.000503809221708		0.0004467570471523	0.0011691293144489	0.0008036061308472	0.0014028508280739			0.001023043933838						0.0008356914139963	0.0004072121793518	0.0003741392794636	0.001190933425295	0.0005038658766032	0.0004828249761879		0.0009248696918293	0.0005964823643501	0.0007494673662212	0.0004144739220462	0.0010980333074232	0.0007887760799216	0.0005585611707239	0.000487350154076	0.0005928646873858			0.0009018852005719	0.0010707766992258	0.0006225801019123			0.0014818875114688	0.0019430580351779	0.0001762321414673		0.0008491357993401	0.0005570523004674	0.00098119637078		0.0006914363208224	0.0003749851880301	0.0009424153382254		0.0002734913280406		0.001676500733775			0.0005210419497124	0.0003855512111074	0.0004670924577899	0.0007689425387526	0.0027073920221016		0.000844461634796					0.0022198778448326		0.0007321812174571	0.0006185978887644	0.0026056091179797	0.0011556915664145		0.0009452729397439	0.0029940119760479				0.0015679459715067			0.000857478320402			0.0010719537138869	0.0004546497741597
Prevotella stercorea	Prevotella	Prevotellaceae	Bacteroidales	Bacteroidia	Bacteroidetes	Bacteria		0.0017143021890738	0.0036526684459006	0.0015795240532228	0.0025351589809459		0.0032836005654621	0.0008800893355991	0.0012551240763963	0.0046870695727859		0.0007649992369559		0.0012913787714195	0.0031917235487615	0.0021291108499867	0.0017971659949148		0.0005716639245109	0.0018590982892275	0.0007219898864661			0.000664795884036		0.0012137669162581	0.0013620829743743	0.0014563480170335	0.0037002180193667	0.0018448500014012	0.0036065383776589	0.001895353321129	0.0022696001511851	0.0019347419491793	0.001055927747006	0.0012603928773679	0.0023358070420326	0.0015981865364432	0.0014253054730963	0.0022476059879518	0.0021849445961408			0.0020797305885552	0.0025817652550422	0.0018548035696547	0.0022552921373493		0.002706574816655	0.0012777617488438	0.0004706778198871	0.0005101778937141	0.0038673517883176	0.0034329364229004	0.0021750239155573		0.002083223018997	0.000909684313836	0.0043242866044917		0.0008959962660051	0.0051588976938111	0.0019919205785843		0.002010407235498	0.0017808826915265	0.000611377889402	0.0020001372302573	0.0025180888079284	0.0061625917563383	0.0009876464637115	0.002192730969804	0.0007037390319523	0.0036487935403792	0.0011251157478068	0.0012164580174287	0.0026066564880086		0.0021648428088745	0.0028111595811302	0.004587379567165	0.0026887750738491	0.0040519411383303	0.0024345830352438		0.029891451888357	0.0011161690341244		0.0027962560240454			0.0025102374576163	0.0029762452614662		0.003416905831546	0.0013264997720119
Prevotella timonensis	Prevotella	Prevotellaceae	Bacteroidales	Bacteroidia	Bacteroidetes	Bacteria		0.0004136011338605	0.000309416595604												0.0002546181524965														0.0001690591336792	0.0004716826837812	0.0002411085031874			0.0004712096415207			0.0003054179813355		0.000284748347647	0.0003203523501736	0.0001889658291941			0.0002132857852994	0.0004468984057766				0.0002547197025004				0.0002468822022196	0.0003082887327208				0.0002096679204099	0.0003982496340836										0.0001577405623109	0.0004435550635632									0.000282592671858						0.0014970059880239				0.0001979316419382							0.0002157344371778
Prevotella veroralis	Prevotella	Prevotellaceae	Bacteroidales	Bacteroidia	Bacteroidetes	Bacteria															0.0001826354314586														0.0001665830608072		0.0001431719082517																		0.0001437102527637										0.0001852328277874																																					
Prevotellamassilia timonensis	Prevotellamassilia	Prevotellaceae	Bacteroidales	Bacteroidia	Bacteroidetes	Bacteria		0.0018695051469659	0.0024032905866927	0.0002850878249203			0.001164312962681	0.0007307518877822	0.0007121456618747			0.0008026981828812		0.0014171376422897	0.0017629843472403	0.0009285593970562	0.0008242633293261		0.0003331224112653	0.0007653496529082	0.0011407960488858			0.000499500499499				0.000366970653697	0.0021183106711295	0.0021925887064803	0.0015391437380513		0.0008759738169479	0.0010698554909851	0.0012374369789512	0.0013936881476081	0.0014435287357467	0.0030902545880395	0.0026543774012182	0.0019186576520334	0.0036644400237217	0.0011428571428571		0.0004491480472842	0.0020434395962582	0.0013015081953356			0.0011541602636264	0.0019733591516331	0.0003402621625195	0.0004728221877192	0.0005800722284559	0.0006716563180736	0.0043966358464201		0.0053653298070994	0.0022268655300159	0.0008517865364617	0.0024327317698854	0.0009489327859272		0.0010537753519775	0.0011111111111111	0.0015447954586275		0.0003825828189111		0.0008177304785878	0.0004995434232029	0.0012553536926508	0.0004498328165946	0.0004097905539521	0.0016367175207566	0.0011983238912479	0.0017596385773532			0.0004374416705239	0.0004787818939997				0.0001533135009802					0.0004867664541701		0.0055865921787709	0.0001972620614596			0.0010161157182508	0.0003072360008328
Propionispira paucivorans	Propionispira	Selenomonadaceae	Selenomonadales	Negativicutes	Firmicutes	Bacteria																													0.0002460061732462																																																			0.0003260897592116																
Propionivibrio limicola	Propionivibrio	Rhodocyclaceae	Rhodocyclales	Betaproteobacteria	Proteobacteria	Bacteria																																																																0.003503024904235																																
Pseudobacteroides cellulosolvens	Pseudobacteroides	Hungateiclostridiaceae	Clostridiales	Clostridia	Firmicutes	Bacteria																																										0.0011428571428797											0.0001644218494549	0.0001342543164339					0.0001852607235443																									0.0001496781977403												
Pseudobutyrivibrio ruminis	Pseudobutyrivibrio	Lachnospiraceae	Clostridiales	Clostridia	Firmicutes	Bacteria															0.0002108731369787														0.0002419900331504										0.0002185453579862														0.0002016560357807	0.0001140014415493																																										
Pseudobutyrivibrio xylanivorans	Pseudobutyrivibrio	Lachnospiraceae	Clostridiales	Clostridia	Firmicutes	Bacteria		0.0027362549857502	0.0020962881959561	0.0023590326304759	0.000502393425332		0.0027007301265363	0.0017647188222146	0.0017629190613862	0.001399024969032		0.0013437914281378		0.0020447131788656	0.0041016794824924	0.002675469144892	0.0032627812381832		0.002863968392345	0.0025707769732773	0.0007009267775445	0.0069066739197459		0.0007427989171794		0.0011704822546437	0.0023880252183367	0.003384775905728	0.0047488229480791	0.0011582092827586	0.0008887409809939	0.0024630097877389	0.001457613983941	0.0028020736496181	0.0015240308424001	0.0014509640979762	0.0043208084253749	0.0023157117797856	0.001512158342873	0.0012087288702333	0.0019164362408499	0.0029762186331878		0.0023587497180169	0.0016993954542178	0.0031238256490176	0.0030157145979364		0.002100564480424	0.003752349936525	0.0021488540417112	0.0025062469616064	0.0035438866958296	0.0025465040552269	0.0019786536591132		0.0017911519553589	0.0011125189920141	0.0025889094793141	0.0063829747565191	0.0029385554608288		0.0013196193731324		0.0013835009705216	0.0004180004834719	0.0033063428235767	0.0033923569253722	0.0024746504782783	0.0023007333170303	0.0010832022219167	0.0026636945368596	0.0020905173081262	0.0025097109323012	0.0004312797962784	0.0019821248761816	0.0020190866222946		0.0018753929428427	0.0044719488289124	0.0025215389248975	0.00195582349977		0.0032129695340724			0.0024873046615683		0.0015870510519033			0.0044046312064373	0.0033841463431217		0.0025431588999013	0.0008048716731088
Pseudoclostridium thermosuccinogenes	Pseudoclostridium	Hungateiclostridiaceae	Clostridiales	Clostridia	Firmicutes	Bacteria	0.0180505415162454	0.0004746785033078										0.0005819697358557			0.0004490873001335				0.0003455262173797		0.0003149364496235			0.0007623954992616						0.00032137708617				0.0004452957214474			0.0003469182288597	0.0007381439531387		0.0003079009405423	0.0003051908262276				0.0004703047875008						0.0003424646719088		0.0002522475700665	0.0002935272638741					0.0006091580824855		0.0002929418019372						0.0003058631410613								0.0003907234570938	0.0010653863085884	0.001515533217852								0.0029940119760479										0.0010616155020948	
Pseudoflavonifractor capillosus	Pseudoflavonifractor	Ruminococcaceae	Clostridiales	Clostridia	Firmicutes	Bacteria		0.0005592751602429	0.0003944027467214	0.00218295252162	0.0014749385009406		0.0015935404189252	0.0007323744931756	0.0010307431203066	0.000986477169786		0.0008544252259511	0.0065325069923843	0.0005172998705123	0.0008702509506629	0.0007905697058227	0.00113579382724		0.0008932565896903	0.0010834235549056	0.0005051037446423			0.0004178280506148		0.0014666392995551	0.0011768366435225	0.0014927987014385	0.0009226872308779	0.0004010850738372	0.0002747607110641	0.0021088634010714	0.0013221232700182	0.0006182571361618	0.0015302561824536	0.000308458765531	0.0008642154981569		0.0002512371631858	0.0005470381316249	0.0006206822463186			0.0018584723705462	0.0005996387072341	0.0008561456891912			0.0008849933177588	0.0016712024788191	0.000947713433402	0.0022423672275418	0.0009961788606235	0.0008216853317472	0.0006519705374472		0.0005488840066313	0.0005744266980427	0.0007869965342142		0.0008333816814199		0.0012045347216222		0.0012281134149516	0.0015236834651207	0.0011473636927568	0.0011853717237687	0.0012925294069176	0.001289933919613	0.0006635319232404	0.0010566457895246	0.0008455800211559		0.0003242427095803	0.0007456348378614			0.001426367440824	0.0017432254601453	0.0027224717835094	0.0018019651456122	0.0016895506212077	0.0007959688297384	0.0014990786178222		0.0011401780123155		0.0017042405563523			0.0014555203507164	0.002467584225022		0.0006243326511263	0.0013889931118379
Pseudoflavonifractor phocaeensis	Pseudoflavonifractor	Ruminococcaceae	Clostridiales	Clostridia	Firmicutes	Bacteria	0.009221060153638	0.0026396438289141	0.0020517746464697	0.0090895914866727	0.0048005425399452		0.0100188750668173	0.0034704685408858	0.0095604448431101	0.0038355446756345		0.0032642961149084	0.0127743155983265	0.0026500015548677	0.0070034917159697	0.0060902468712593	0.009180729466238	0.0624994831720158	0.0046836413377725	0.0058375280234008	0.0015680635328746	0.0113368268343198	0.0123240028936168	0.0011817028043723		0.0052915309953707	0.0052295596644863	0.0107192360714812	0.008487910624676	0.0026086820843972	0.0015880365915212	0.0066467126504041	0.0045415230524068	0.0034722063499217	0.0102569933626759	0.0012693327592535	0.007846357390127	0.0017111934404178	0.0008185139182345	0.0039510479058861	0.0047462490214529	0.0062965469704221		0.0065485790226751	0.0022044452856963	0.006617493396656	0.0045063706992497		0.0040975956511164	0.0089381414392905	0.0099016748584746	0.0144126893280283	0.0095563943858523	0.0064849270881235	0.0079924353589733		0.0058134040432899	0.0030018783848859	0.0068318934207227	0.0090002893324751	0.0065568663258091	0.0069892498155232	0.007677232679899	0.0022105266702102	0.0055431038204383	0.0085614901288958	0.006132764597494	0.0058792021725774	0.0094939006613263	0.0045936582962879	0.0055125910550372	0.0058395571417024	0.0038762542556233	0.0022801306637416	0.0018043777976096	0.0027485881697554	0.010098305300144		0.0120881798768479	0.0083902455082608	0.0064235115101954	0.0072053476769996	0.004855798146277	0.008157535505165	0.0057324938745192		0.0047744389921842		0.0089039162906101		0.0111711782526287	0.008704622552151	0.0088199112669204		0.0063119310740314	0.0089550890381412
Pseudoramibacter alactolyticus	Pseudoramibacter	Eubacteriaceae	Clostridiales	Clostridia	Firmicutes	Bacteria															0.0002354374360815																										0.0002643554838365	0.0011428571428571									0.0001877666072039		0.0002622412268893	0.0003071914453518					0.0003605679775448										0.0001350117036754				0.0005462614900104																							
Pseudoscardovia suis	Pseudoscardovia	Bifidobacteriaceae	Bifidobacteriales	Actinobacteria	Actinobacteria	Bacteria																																																																											0.0002685672967668																					
Raoultibacter massiliensis	Raoultibacter	Eggerthellaceae	Eggerthellales	Coriobacteriia	Actinobacteria	Bacteria																																																				0.000411166997415																																												
Raoultibacter timonensis	Raoultibacter	Eggerthellaceae	Eggerthellales	Coriobacteriia	Actinobacteria	Bacteria																													0.000172773220944						0.0006809060715811																0.0003181877301154	0.0003270045598941		0.0001543839565432	0.0008874487695102												0.0003826917499951																													
Reyranella massiliensis	Reyranella		Rhodospirillales	Alphaproteobacteria	Proteobacteria	Bacteria																																																																0.0099909893444732																																
Reyranella soli	Reyranella		Rhodospirillales	Alphaproteobacteria	Proteobacteria	Bacteria						0.0104669887278582																																																										0.0011201217666379																																
Rhabdanaerobium thermarum	Rhabdanaerobium	Eubacteriaceae	Clostridiales	Clostridia	Firmicutes	Bacteria					0.0001835242566984															0.0005544736685703							0.0002852315927463										0.0002114690787075															0.0002549848492029	0.0001581860499284	0.0001435486371107		0.0434782608695652													0.0001997244132306											0.0004352311248702									0.0003067888936575			0.0001973085887				
Rhodopila globiformis	Rhodopila	Acetobacteraceae	Rhodospirillales	Alphaproteobacteria	Proteobacteria	Bacteria																																																																0.0099999940382703																																
Rhodoplanes sp. Z2-YC6860	Rhodoplanes	Hyphomicrobiaceae	Rhizobiales	Alphaproteobacteria	Proteobacteria	Bacteria	0.0388086642599278																																																													0.0029769288017861		0.0066666666666668																						0.0349514563106796										
Rhodoplanes tepidamans	Rhodoplanes	Hyphomicrobiaceae	Rhizobiales	Alphaproteobacteria	Proteobacteria	Bacteria						0.0402576489533011					0.029126213592233																																																					0.0144444444444442																								0.0274822695035461								
Rhodovastum atsumiense	Rhodovastum	Acetobacteraceae	Rhodospirillales	Alphaproteobacteria	Proteobacteria	Bacteria																																																																0.0033334509354071																																
Rickettsia typhi	Rickettsia	Rickettsiaceae	Rickettsiales	Alphaproteobacteria	Proteobacteria	Bacteria	0.0153429602888086																																																																																															
Robinsoniella peoriensis	Robinsoniella	Lachnospiraceae	Clostridiales	Clostridia	Firmicutes	Bacteria		0.004592492075224	0.0032948118374782	0.0040304473556799	0.0012570764658719		0.0048065552157191	0.0041799311742768	0.00091157480621	0.0049623604685951		0.004967471047994		0.0032670068369923	0.006945797719849	0.0024370918746674	0.0033547368833254		0.0056246558944019	0.0037539117596602	0.0017602121713969	0.0097778851667604		0.001432729416861		0.0036452623836089	0.0018155948013536	0.0034486513063035	0.0051588079583729	0.0050213162475818	0.0024202913581653	0.003158744220846	0.0086434909485992	0.0072975149228215	0.0013168111355575	0.0018921302432115	0.0101535051721473	0.0024645436337782	0.0029061360115355	0.0022968473413791	0.0035597233765881			0.0027680937852455	0.0050059782018668	0.0080356067890096	0.0060712061353372		0.0038941476288038	0.0109160338485372	0.0024001703814925	0.0047947419101265	0.005756559539259	0.0041815719129111	0.0050110100372028		0.0063141462063873	0.0036129505198741	0.0033302410003115	0.0042129003205397	0.007787992555118		0.0045615308535702		0.003248378918556	0.0017217421846871	0.0076021264290607	0.0031372929580784	0.0032879265910735	0.0023280994028162	0.0021144902484619	0.0034597276191501	0.0125978489914234	0.0025800257173505	0.0022430060592995	0.0050668660531132	0.0029325711914297		0.0012696980930946	0.002682180295993	0.0031189079310111	0.0029255346604645	0.0022652131755768	0.0035257618711621			0.0058090256136677		0.0027897482586105		0.0111730892505503	0.0046473580420172	0.0029684481914689		0.0034392627778903	0.0039072589095626
Romboutsia ilealis	Romboutsia	Peptostreptococcaceae	Clostridiales	Clostridia	Firmicutes	Bacteria		0.0001975316825243	0.0003719559810504		0.0003614032622302		0.0016553826901825		0.0021638209755629	0.0031081232831798		0.0001888964097927		0.0003716287050296	0.0004998072637555	0.0018727437374525			0.0004316984618719	0.0003557289136581	0.0002696820189815						0.000171121235797	0.0005009746126301	0.0006652803064415	0.0003575285009141	0.0001766579153058	0.0012876368237223	0.0015290124215286	0.0010874430263532	0.0024744018485645	0.0005860406700044	0.0005273865326418		0.0003071061435426	0.0004687294456952	0.0009455770081021	0.0011429173903587		0.0024917809243348	0.000603653659248	0.000273525381975			0.005384088425698	0.0016396764230658	0.0006392460861263	0.0001710422213036	0.0035430586662383	0.0027651558028435	0.0006924143848654			0.0001964709254674	0.0026454848015352		0.0007091552236077		0.0016597079895068		0.0014038766837756	0.0008563016402085	0.0012012221328327		0.0006768465976266	0.0023567157269068	0.0021588812323171	0.0011025071746486	0.0003266717977698		0.000455197032028	0.0007590375996651	0.0015980893258043		0.0026441389438514	0.0006963071880936	0.0024171728726783	0.0009850421891802	0.001913564672867	0.0008201601295829	0.004226883935176				0.0017583869282152			0.0013695186032413			0.0036174006472923	0.0022227119932389
Romboutsia lituseburensis	Romboutsia	Peptostreptococcaceae	Clostridiales	Clostridia	Firmicutes	Bacteria																																	0.0001268959628529																0.0002197459985262				0.0001093372336524	0.0001856615593452					0.0001867974113395																									0.000140848635567								0.0001754087636157				
Romboutsia timonensis	Romboutsia	Peptostreptococcaceae	Clostridiales	Clostridia	Firmicutes	Bacteria		0.0117466171390985	0.0200785203799303	0.0059332617907331	0.0209930176144801		0.0264756047709961	0.0080848709740752	0.0386853589765602	0.0762926392919039		0.0063252631217485		0.0306709698095288	0.0106739356664121	0.0493770534728856	0.0142697997438468	0.0251377706196173	0.008706084604836	0.0100486484465965	0.0239961347606516	0.0272251532601886	0.0373890775909608	0.0191090467085272	0.0260920724766262	0.0059629847012702	0.0053333024453654	0.0132143327894456	0.0087045755019423	0.0073991941517591	0.0096342168158699	0.0361279378443764	0.0487174153081537	0.0332098536491356	0.0665826259009699	0.0172656602447918	0.0124934879342194	0.0107102653163961	0.0188378476392878	0.014864671268533	0.0188609182103524	0.0034332543362401		0.0596567212230421	0.0193870209755981	0.0040062106093421	0.0041723947515436	0.0233801945720977	0.1470090527914876	0.0294739277734748	0.0082012195012681	0.0025289221691196	0.0862060206292604	0.0788702252778393	0.0142160425671652	0.0639891804332909	0.0038549538753117	0.0052185193648266	0.0640603350185223	0.0288417632410067	0.0170753972605032	0.0297837114304502	0.0321549261937927	0.0022222222208002	0.0442368097929189	0.0318919158209962	0.019626875280631	0.003650982431209	0.0105106242409745	0.049196896299864	0.0407423972957551	0.0212742453449243	0.0094835549474907	0.0155409030419751	0.0198347548516991	0.028002054618544	0.0381837771520515		0.0432539689919831	0.0166772655009862	0.0811526622241345	0.0280981424012736	0.0560444391694437	0.0137426889286915	0.047964004126629		0.0151926821943465		0.0275941340279911			0.0302656749284431	0.0155671747339748	0.0189384308469611	0.0730148283113413	0.061081491797061
Roseburia faecis	Roseburia	Lachnospiraceae	Clostridiales	Clostridia	Firmicutes	Bacteria															0.000253607086724																					0.0002200664960791										0.0002371214368315											0.0003932767102506	0.0001977259848397		0.0024176846413564																								0.000406222652836								0.0001648874658073				
Roseburia hominis	Roseburia	Lachnospiraceae	Clostridiales	Clostridia	Firmicutes	Bacteria		0.0125919142609085	0.0081145486731767	0.0099093086312477	0.0015656412605777		0.0061383298311596	0.0113659987997107	0.0072987912187161	0.0017432822532538		0.0082529831702197	0.0160867902685961	0.0085502139824209	0.0158535919398629	0.0060964078451223	0.009575002849739		0.0124761885483329	0.0076530765533624	0.0042550138988142	0.0120102650244747		0.0034744984451492	0.0068422573518724	0.005539159724897	0.0049995516594214	0.0105900936237887	0.0126470073625247	0.0129809248589221	0.0047484509253432	0.0064428631791316	0.0035506787529626	0.0124595814416632	0.0036424594670377	0.0077217143703216	0.011853473758578	0.0123641859023078	0.0090202834656312	0.0057939210623361	0.0065391021206697	0.0103467444777407		0.0070352311964437	0.0110803318904687	0.0169617005484278	0.0141976820355418	0.0473267888065045	0.0035892536008613	0.0089120964495208	0.0091413243993086	0.0130532903216864	0.0082555911059026	0.0079945309992446	0.0103980979275047		0.0153583017505864	0.0098263338933259	0.0075371460386589	0.0192750949339798	0.0107835286619034		0.0074201645494945		0.0060399657178122	0.0025289154286128	0.0132339919374529	0.0110603599995605	0.0093846945619391	0.003734161245696	0.0042875371732617	0.0082627471846546	0.0167389494723211	0.0076867558529783	0.0066333590961836	0.0095946436336924	0.0070311318050661		0.0060341801407235	0.0080306538091377	0.0052838731671978	0.0073999885495852	0.0020266491074907	0.0221849277783256			0.0097879625447431		0.0047217323947753		0.0165676804433745	0.0194824100190407	0.0072824148248764		0.0089318921185059	0.0023774209798756
Roseburia intestinalis	Roseburia	Lachnospiraceae	Clostridiales	Clostridia	Firmicutes	Bacteria		0.0052879870130279	0.0034287526720852	0.0047211565302127	0.00120984247856		0.002054722922834	0.0046306661631252	0.0021374810508254	0.0019555271869706		0.0039421637668467	0.0110191607230107	0.0053458035541031	0.0079025274221471	0.0026096492759473	0.0029591674136017		0.0048749015710841	0.0022763636715762	0.002449409423733	0.0087346462228852		0.001897195432773	0.0054046943833804	0.0034904825031613	0.0020922063120542	0.0038107956136703	0.0039166581320977	0.0060797326861907	0.0021439598299817	0.002907367921393	0.0016696485422605	0.0084457496636438	0.0018187518808273	0.0030066719694541	0.0050178034970826	0.0037912257288854	0.0041573349335138	0.0020832721621874	0.0037257635944655	0.0049528648403635		0.0024527974947413	0.0046761957631997	0.0071597891489574	0.006498739753672	0.0249856683511183	0.0012688698636629	0.0034678290771906	0.0036808090794249	0.005517045461732	0.0023106687863858	0.0031107381680824	0.0029204600137778		0.0058973754511371	0.003929792864295	0.0027410522331448	0.0083630862076875	0.0046589986352174		0.0028846087203517		0.0026005561179948	0.0017380181768533	0.0056274603545942	0.0035998281765231	0.0032937235930999	0.0023854250386683	0.0011211467819813	0.0029983819654363	0.0081255425151766	0.0042714775069121	0.0032358943854563	0.0053009624663375	0.0028232462654462		0.0021013891790587	0.0023425416957475	0.0033647402572249	0.003802265966283	0.0010540114070389	0.0066252903815235			0.0052219203423609		0.002113193533072			0.0051762434258619	0.0025375364775752		0.0030520613292465	0.0012340232002712
Roseburia inulinivorans	Roseburia	Lachnospiraceae	Clostridiales	Clostridia	Firmicutes	Bacteria		0.0008686817473072	0.0010497375773549	0.0009893746930758			0.0003722409388459	0.0016462621570595	0.0006834796360951			0.0010733295808302		0.0015540729185492	0.0011729891960458				0.000864202394853	0.0005998548684926	0.000696186382523			0.0004203274522447			0.0002222735920708	0.0010061511934627	0.0011470698261311	0.0006274365927682	0.0009695125791777			0.001266251445438		0.0006499913772086	0.0006932020595586	0.0014172286644689	0.0017522781968167	0.0007509079715092	0.0003378387102397			0.0003321593752055	0.0010526780024462	0.0016087129421352	0.0015599323278159			0.0018210461369167	0.0006521877198737	0.000380138803467	0.0005317959530525	0.000470218629765	0.0008339483353609		0.0016819106393328	0.0015322462887346	0.0005278673119815		0.0007047365225042		0.0006499983206249		0.0006210761532121		0.0006047637280227	0.0003578404363639	0.0007253418142619			0.0008456887402471	0.0020445538716847	0.0013003256685558	0.0006730331110051	0.0008966401188491			0.000476484974333	0.0003760071138459		0.0009713962402766		0.0064547463084748								0.0038095212996891			0.0005816683053323	
Roseimaritima ulvae	Roseimaritima	Pirellulaceae	Pirellulales	Planctomycetia	Planctomycetes	Bacteria				0.0011821762865644	0.00046693551506				0.0008881294799532	0.0016579942764406		0.000517157966735				0.0003989892272908												0.0004350164269821	0.0002305437344528				0.0011023593431613		0.0030047954355442		0.0009841792553905				0.0003462781186792			0.0017262359555327					0.0017717650480711			0.0015872867835947	0.0004090966307221	0.0003012964204053	0.0008876163206871				0.0005972495088408							0.0007116076758624			0.000720316513702	0.0012305683150609									0.0013754712580308	0.0006273273807863	0.0017916282100005			0.0005618922781152					0.0012985103420572			0.0005812156062573			0.0008304458635205	0.000775823148856
Roseisolibacter agri	Roseisolibacter	Gemmatimonadaceae	Gemmatimonadales	Gemmatimonadetes	Gemmatimonadetes	Bacteria																																																																0.0022222222222222																																
Ruminiclostridium cellobioparum	Ruminiclostridium	Hungateiclostridiaceae	Clostridiales	Clostridia	Firmicutes	Bacteria		0.0005582432519835		0.00089562989966	0.0002980138364718		0.0006853600427758	0.0003409331524652	0.0006705796816624			0.0004456503623523		0.000283051889344	0.000448500570327		0.0014197012691258		0.0007278798302243							0.000885871510108	0.0009934839562846	0.0015929688980397	0.000416951545101	0.0003783805550099			0.000288086910261	0.0003960648495973	0.0007367711979427		0.0004797169040173			0.0003626298577609	0.0003418400498603			0.0004157662715054	0.000344319634634	0.0012632911915949	0.0013063067195442		0.0004761779892388	0.0008922962409902	0.0003023807566958	0.0002552600915699	0.0004677568430524	0.0003811253038389	0.0008388426044152				0.0004522145471585		0.0008604569057275		0.0005078102077564		0.0006234566429578	0.0004113997173583	0.00088590104203	0.0010002386594643	0.0002118441544926	0.000909478186844		0.0006295370527199							0.0004503233024326	0.0007466949113668		0.0010683319321913		0.0011546862390146					0.0007288020822758			0.0006518670675609			0.0008123841390644	0.0005497172859864
Ruminiclostridium cellulolyticum	Ruminiclostridium	Hungateiclostridiaceae	Clostridiales	Clostridia	Firmicutes	Bacteria		0.0002313981634813		0.0002441330944029			0.0003099521610783	0.0002631449637173				0.0002190672152199			0.0004401164795097				0.0005168406738162		0.0002130048782319						0.0001551042424448	0.0003306660814103	0.0002422435708431	0.0004059024236902				0.0004226417684848						0.0003811752794341				0.0003151753668478	0.000269800920312	0.000300137406352					0.000315023092685	0.0002473470043283	0.0004907265231127	0.0005549563181815					0.0009841038974141		0.0004622142586504		0.0004385264916665				0.0005055040285339	0.0003135681909504	0.0001395327712101						0.0003110147965408					0.0002560005934988				0.0001330157633034					0.0002268460587211			0.0002136365887712			0.0009890785680417	
Ruminococcaceae bacterium CPB6		Ruminococcaceae	Clostridiales	Clostridia	Firmicutes	Bacteria		0.0002231543232659		0.0034619511368238	0.0007388012830225		0.00156279458388	0.0005306258197973	0.0011329129262998			0.0004322241232453			0.0007195372600994	0.0009435012656572	0.0015120735812259		0.0006850550685658	0.0010496911213856	0.0011837931794549			0.0008433140073113		0.0008811258225881	0.0005159251783791	0.0023343375307963	0.0011643159777201	0.0003045105443555	0.0004090118535331	0.0015073742004258	0.0014627120449136	0.0004245138083795	0.0017014608454982	0.0012593651250295	0.0008277516366498			0.0019838862698247	0.0064101077186028			0.0031452342333976	0.0003474092313425	0.0008792928162457		0.0083333333333333	0.0004703337455246	0.0016756839410614	0.0026569942886222	0.001090118672996	0.0018387018500324	0.0011843186086809	0.0039868409795027			0.0003314773105433	0.0013678917715499	0.0021282505778109	0.0007780061535894		0.0011405986739531		0.0038162897953748	0.0009741628592886	0.0009747874408635	0.0013071739603368	0.0010445851536695	0.0007601161662947	0.0021257321154678	0.0011206997872374	0.0006065310453553		0.0010517688880538		0.0013074359105345		0.001011258712258	0.0013920787926501	0.0019731925026637	0.0007432720132947	0.0009043614991554	0.0011416199122676	0.0044976532214316				0.001113048202851			0.0008338718045055	0.0014747558684363		0.0021451949421116	0.000926695932506
Ruminococcus albus	Ruminococcus	Ruminococcaceae	Clostridiales	Clostridia	Firmicutes	Bacteria		0.0051209007443495	0.0018750795742437	0.0022316168785176	0.0005065219176463		0.0031984073661935	0.0019072348213877	0.0018681031138745	0.0013889221321945		0.0020983930760437		0.0018097611026873	0.0030792912893374	0.0022725875801345	0.0017335996182908		0.0095537355989714	0.0015235218268877	0.0003879783477251					0.0011411553790524	0.0014598916189548	0.0026551459049046	0.0026635344460716	0.0052669137039078	0.0003316350487427	0.0015778908150877	0.0009453343887049	0.0029624660373141	0.0018448656657275	0.0016845927068299	0.0036845709098565	0.0032525969727259	0.0032394838462441	0.0024768729176463	0.0013061632487988			0.0015132626354908	0.0051577229645372	0.0027149578861757	0.0020839463627773		0.0007447812529496	0.0057799819840671	0.0007873278719405	0.0011312912767039	0.0016291198738465	0.0013846920817835	0.0023853030723114		0.0060376074533831	0.0050337778353159	0.0016316227143489	0.0042532064593007	0.0062189081168221		0.0021467427432071		0.0006950756330339	0.0004380183374072	0.0091601619122305	0.0028897043819622	0.0026013008967741	0.002943843382738	0.0014013683462596	0.0010358877756161	0.0004778635247359	0.0020471845979326	0.0018463596549687	0.0034544589192093	0.0024019915066296		0.0018694487832222	0.0079498809431447	0.0012812924790427	0.0008115342914296	0.0006906726425808	0.0058423095688866			0.0009293480167868		0.0035356035761652			0.0042092304395348	0.010240338482937		0.0023229548016522	0.001107434462008
Ruminococcus bicirculans	Ruminococcus	Ruminococcaceae	Clostridiales	Clostridia	Firmicutes	Bacteria		0.0106658692928381	0.0033632207564376	0.0022319253717224	0.0007228831217171		0.0037734110802194	0.0029829913159931	0.0025389475016793	0.000850888087574		0.0027720571593161		0.0030591522308206	0.0051018239553987	0.0035375024415441	0.0032734553739273		0.0213850543636499	0.002466735817401	0.0004510178755357			0.0003391398425477		0.0010607183096212	0.0014671557593653	0.0031245905229522	0.0054435343091239	0.0085480964313217	0.000341697030909	0.0024254747261886	0.0008686053901748	0.0050431764296102	0.002381594255054	0.0017653648588308	0.0059374072420076	0.0036035676329187	0.005294166883897	0.003923717633489	0.0020526627223018	0.0034123970615568		0.0011481401777887	0.0088441318431282	0.0033675685608258	0.0037455271519954		0.0002544195119519	0.0055483728113324	0.0007058938566786	0.0015611664340915	0.0029763687667266	0.00226711659558	0.0040201833366306		0.0124478194645005	0.010584860151511	0.0033108683907247	0.0043454861764996	0.0119784325047347		0.002741612654993		0.0007138660814106	0.0005189088588872	0.0181226543196438	0.0027197101322781	0.0042971307392759	0.0014236440470921	0.0016242137100017	0.0012460193964425	0.0004081364960621	0.0028907802857122	0.0030351225118591	0.0043388322503146	0.0021236227907258		0.0030669406496739	0.0087018309653945		0.001265179587038	0.0007263855760101	0.0082559674507234			0.0017738125944067		0.0039190548430303			0.0083272769414415	0.010545359072944	0.0166666666666666	0.0042688910581384	0.0013000531043671
Ruminococcus bromii	Ruminococcus	Ruminococcaceae	Clostridiales	Clostridia	Firmicutes	Bacteria		0.0013654784802533	0.0022739490683614	0.0054416553423948	0.0060226074871134		0.0020599155689616	0.0003383679708433	0.0002646645029189	0.0009283333745543		0.0004003927096938		0.0009389926653154	0.0008917304626759	0.0005320805187061	0.0009711524713019	0.015625	0.0014362870731439	0.0012169063376829	0.0232022597301454			0.0211150161022845	0.0109680814897979	0.0066393349739439		0.0042959315138995	0.0006777879216821	0.002156144324993	0.0122570069991548	0.0010802071558924	0.0007042177599322	0.0009329100975034	0.0011684334810009	0.0804021474962644	0.0005942647695515	0.0023864203206982	0.0020670991191338	0.0432037091547092	0.0533509920674739	0.0022857142857142		0.0003588900851951	0.0015903631620253			0.0083333333333333	0.0005339867188977		0.0436803629896241	0.0003455766192733	0.0046731170527415	0.0042247855679161	0.0266483484437781		0.0021065799697203	0.0018030195919235	0.0060663135515788	0.0523941044683481	0.0013937231719107		0.0006558653576457		0.0332676196264934	0.0043174938243108	0.0014001076441331		0.0003240308473998		0.0419062668100068	0.0008872552744419	0.0014794753160811	0.0025553129648584	0.0408868551770839	0.0007313410083573	0.0013166220794693						0.0011445019137387	0.0003010084686724			0.000482422512031		0.0009421162073756			0.0004640779614419			0.0116011468206819	0.0001815642734056
Ruminococcus callidus	Ruminococcus	Ruminococcaceae	Clostridiales	Clostridia	Firmicutes	Bacteria		0.001847087530095	0.0012889591454869					0.0019138634500905	0.0003514674625881			0.000566514395021		0.0005644354414841	0.0005108429337964	0.0005222979692533			0.0013497648275343		0.0003747766239851							0.0006712053279373	0.0004703270780088	0.0039889780193565			0.0003270833221906	0.0014314957602477		0.0006542678823483	0.000486826322893	0.0010261533155496	0.0021017848999328	0.0005051252974338	0.0006720629826082			0.00024555644969	0.0028413918410164	0.0005879840392572			0.0002257336343115	0.001311004751942	0.0001502272207222		0.000272689082322	0.000296945556139			0.0019200796848828	0.0018972291943337	0.0004988046207334	0.004257293075415	0.0008930607264538		0.0007336724301843				0.0010399927025761		0.0004590952801737	0.0009631547929574		0.0003440852179258		0.0013454221371218	0.0004985589118976	0.0022484476914603			0.0005971972180564	0.0007320057388018				0.0003716204610137					0.0008456008469336			0.0007074854412009			0.0006872653353392	0.0003883193231563
Ruminococcus champanellensis	Ruminococcus	Ruminococcaceae	Clostridiales	Clostridia	Firmicutes	Bacteria	0.0162454873646209	0.0420244250012948	0.0311140272162249	0.0136734481885709	0.0037634822323579		0.0238098785913364	0.0151063680511143	0.0408134216780144	0.0260422627673187		0.0134188773588192	0.0064205457438654	0.0177351002002692	0.0205919576521405	0.0288413551095921	0.0185753147896226		0.0748016755706847	0.019725904036367	0.0034854024405496	0.0234634169226677		0.0031644834017813	0.0070600388908419	0.0064249833845853	0.0057938582402081	0.0207200186248437	0.0303057666425652	0.04066149798185	0.0006707885653575	0.0177886708903607	0.0202529373202983	0.0257178938256424	0.0069963871904136	0.0103601733995927	0.0443113774675988	0.0168976850053208	0.028339830336157	0.0171641977689025	0.0235133940707702	0.0052900036742381		0.0072855738337668	0.0447958995840741	0.0152199635731026	0.0206253634859202		0.0086574443045674	0.037525560327295	0.004991192765726	0.0066068379296426	0.0166406473055286	0.0212447864480155	0.0267930239118491		0.0453202535809401	0.0476507118142661	0.043946167641135	0.0190627558351002	0.0450499637537859		0.0174484400688502	0.0011111111111111	0.0026855016407092	0.0043221224137361	0.0484735196312733	0.0072379177605969	0.0483681111341255	0.0375720466914996	0.0101122186809088	0.0065925285747437	0.0008005306589592	0.0276883820994115	0.0101315911119244	0.0231770888487718	0.0158881868346159	0.0714285714285714	0.0796406728707064	0.0402760111369518	0.0075257623149802	0.0042115171687399	0.0153523474415457	0.0294038947528404	0.0044053704570177		0.0085810586774376		0.0293797852266095		0.0055865921787709	0.0457713205773987	0.0617709029240933	0.0166666666666666	0.0496627254366063	0.0551666113393298
Ruminococcus flavefaciens	Ruminococcus	Ruminococcaceae	Clostridiales	Clostridia	Firmicutes	Bacteria		0.0002574557793206										0.0001953089091714			0.0002299430140193				0.0002566388788897									0.0002467914828866	0.0001917267750954	0.000400211164063							0.0001572923911542		0.0001811476648177						0.0008845677813913	0.0002644120052417											0.0006562649102945	0.0006262557281431									0.0002889563697296			0.0003575508793552										0.0003155937994489				0.0002057916296879								0.0001522326373415				
Ruminococcus gauvreauii	Ruminococcus	Ruminococcaceae	Clostridiales	Clostridia	Firmicutes	Bacteria																																																																																					0.0014970059880239											
Ruminococcus sp. JE7A12	Ruminococcus	Ruminococcaceae	Clostridiales	Clostridia	Firmicutes	Bacteria		0.002212908928954	0.002696462304195	0.0092067427546348	0.0083431347604826		0.0058522025191066	0.0015454636421407	0.0028172728471813	0.0034323276072111		0.0023877089647555		0.0012451168740422	0.0020933606490798	0.002803011472568	0.0040279569195929	0.0312482426621071	0.0050879597980741	0.0022543893721069	0.010875114954753		0.0112143474124668	0.0209222139145708		0.0085002198210637	0.0027306730752518	0.007576864908987	0.0027328618740309	0.0031807368570308	0.0058657884598267	0.0032625772322015	0.0016764727989045	0.0036476606808405	0.0056009871641131	0.0607171880353556	0.0027724793139859	0.0018566339658284	0.0014310301073212	0.0400582423807452	0.0443781410284197	0.0057006119338859		0.0028632624469605	0.0020555624140394	0.0024905877078316	0.0025741036321817		0.0025945421222046	0.0037677832615627	0.0325845530746817	0.0025753957843983	0.0055787010015053	0.0057554617383904	0.0318319392575548		0.0030934999469814	0.0027430986666903	0.0076752440879086	0.0682765821668325	0.002480221445857	0.0034730836020838	0.0034588447004165	0.0088888899420183	0.0574472354723358	0.0082127409532013	0.0054180963458499	0.0042837312909073	0.0016488658918102	0.0016338597095491	0.0275212779055425	0.0031092162125921	0.0021913284835578	0.0026224775493765	0.0405356098922476	0.0031602346641692	0.0051170510212005		0.0023478019583684	0.0028024114696556	0.0022128175934175	0.0021108177359715	0.0034472120446221	0.0034612616452039	0.0050482142969414		0.0013363826158399		0.0052976503633942			0.0019220671924361	0.0026977855906512		0.0143461655691588	0.0018483492936701
Ruthenibacterium lactatiformans	Ruthenibacterium	Ruminococcaceae	Clostridiales	Clostridia	Firmicutes	Bacteria		0.0005042310693844		0.0003435528617931			0.0003859460705541		0.0002524470459079			0.0001871063031568			0.0003199682693975	0.0002918348984205			0.0002819925030927	0.0004059606643327							0.0002047852431401	0.0003550811908376	0.0002702772914566	0.000260917967533			0.0003284567399145	0.0002023657255395			0.0003361503036858		0.0001993076629267		0.0001701979140161			0.0004880962960912	0.0003044789516784	0.0002240679421859					0.0001701567308274	0.0003113955672027	0.0001421118514769	0.0002295801377054	0.0003557890998768			0.0002767999633757	0.0002771274155674		0.0002434188709261		0.0005100154209044	0.0019218231577103		0.0001949542383012		0.0003161468999535	0.0003235902823308	0.0003626983540209		0.0002610300327759							0.0002448040182449	0.0002924238786426				0.0002683715695407					0.0003923925259952			0.000184216866583				0.0004018228340692
Saccharofermentans acetigenes	Saccharofermentans	Hungateiclostridiaceae	Clostridiales	Clostridia	Firmicutes	Bacteria					0.0001632754071163		0.000342861285674		0.000175055248001						0.0002748747080592	0.0003010564658484											0.0003250443699874	0.0002869451780607	0.0001659269581819						0.0003660861877293									0.0002627674852975		0.000310504335248						0.0002643989674546	0.0001419624132485	0.0001509245038318					0.0002034215168862							0.0001974123274597	0.0002456384020161	0.000424726890024	0.000144323046619	0.0003357856066205									0.0003738585065779	0.0005403859274577				0.0003032694079958					0.0002031769498978			0.0002241608398559				0.0002058446779148
Salimesophilobacter vulgaris	Salimesophilobacter	Clostridiaceae	Clostridiales	Clostridia	Firmicutes	Bacteria				0.0005381604783262			0.0005974746270715		0.0004212242426018											0.0004500795691824							0.0004456988938053	0.0003194418872903	0.0003413735158172			0.0010377759936101	0.0003257700198935				0.0002918424093782				0.0002267341874222			0.000609909625055		0.0004952533081545			0.0002683115412603			0.0006683376538115	0.0003589248031482	0.0001581569129803							0.0002301243319151					0.0002415814091676	0.0004074215717738	0.0004408657877967	0.0002419665870691	0.0003325929893937		0.000377227576364	0.000421802234941						0.0004271472390154	0.0007734324712439				0.000908114176242					0.000374521413584			0.0004328196818223				0.0002094737533999
Schwartzia succinivorans	Schwartzia	Selenomonadaceae	Selenomonadales	Negativicutes	Firmicutes	Bacteria																																																																																												0.000222405750953				
Sediminibacterium aquarii	Sediminibacterium	Chitinophagaceae	Chitinophagales	Chitinophagia	Bacteroidetes	Bacteria						0.0193236733209918																																																																																		0.0159574795707995								
Sediminibacterium lactis	Sediminibacterium	Chitinophagaceae	Chitinophagales	Chitinophagia	Bacteroidetes	Bacteria	0.1263537906137184					0.1908212560386473					0.058252427184466																																0.0358931552587646																			0.0486231704291739		0.0633333333333333														0.0476190476190476								0.0258899676375404		0.1640070914805581								
Sediminibacterium magnilacihabitans	Sediminibacterium	Chitinophagaceae	Chitinophagales	Chitinophagia	Bacteroidetes	Bacteria																																																																																								0.0283687950442646								
Sediminibacterium roseum	Sediminibacterium	Chitinophagaceae	Chitinophagales	Chitinophagia	Bacteroidetes	Bacteria																																											0.021702838063439																			0.0153807988092284		0.0022222222222222																						0.0187702265372168										
Sediminibacterium salmoneum	Sediminibacterium	Chitinophagaceae	Chitinophagales	Chitinophagia	Bacteroidetes	Bacteria						0.0305958113811015																																																																																		0.0585106055355834								
Selenomonas bovis	Selenomonas	Selenomonadaceae	Selenomonadales	Negativicutes	Firmicutes	Bacteria																																																																									0.0004254790674186																							
Selenomonas lacticifex	Selenomonas	Selenomonadaceae	Selenomonadales	Negativicutes	Firmicutes	Bacteria															0.0005441996951916																																							0.0002907385174693					0.0003081792636668										0.0002325672238385																											
Selenomonas ruminantium	Selenomonas	Selenomonadaceae	Selenomonadales	Negativicutes	Firmicutes	Bacteria		0.000207255219081													0.0007690474827027						0.0002403785528808															0.000444991200986			0.000245475170383	0.0002342423133828	0.0003704746096202					0.0002201374533137								0.0003538386623965				0.0001855146520511	0.0006277216469295		0.0001465641398136								0.0004360374768926				0.0003749099659098																							
Sharpea azabuensis	Sharpea	Lactobacillaceae	Lactobacillales	Bacilli	Firmicutes	Bacteria	0.0117328519855595	0.00032555174238	0.0005649079210489				0.0010426733126494	0.0025461263951446				0.0010676724568484		0.0008326394671107	0.0060738272842401	0.0013965280750101			0.0007926705623955		0.0032639359462566			0.0014653025982075	0.0036955604278541				0.0003873073837386	0.0003804733536662	0.0018060305649358	0.0010082823594638			0.000494071146245	0.0057518878767101	0.0004619217179509	0.0005072708826513	0.0009163048734327	0.0012456183214992	0.0028667741002625			0.000944447592603	0.0004282212574962	0.0108558705704703	0.0023321467121831		0.0010972881065761		0.0005758710048996		0.0010489657198002	0.0036615725977285			0.0018924160855737	0.0013604587242957	0.0051174010105467	0.0145148724082863	0.0027618412651924		0.0037532656374974		0.0027771649723498		0.0012651810704826		0.0046741095445608		0.0022699748035712		0.0031810122101814	0.0018436892936988	0.0027720366691027	0.0013059604032805	0.0010121457489878										0.0021851199710404		0.0001921820348233						0.004630340685869	
Slackia piriformis	Slackia	Eggerthellaceae	Eggerthellales	Coriobacteriia	Actinobacteria	Bacteria		0.0002483325919317					0.0004369576832453							0.0003521637733781	0.0003940264483036																			0.0004135318243611																											0.0003580059312336						0.0002252363488855																	0.0003537580705207												
Solibacillus silvestris	Solibacillus	Planococcaceae	Bacillales	Bacilli	Firmicutes	Bacteria			0.0005794166336162																																																																																													
Solobacterium moorei	Solobacterium	Erysipelotrichaceae	Erysipelotrichales	Erysipelotrichia	Firmicutes	Bacteria		0.0003391133360286	0.0003389447520054											0.000395599652303	0.0003196769586608				0.0007581844700688		0.0002745921304733						0.000260786498547	0.0002327782954823	0.0002491945221322	0.0009025723311437	0.0004128523223543		0.0002023749415547	0.0003578578414997		0.0003401209764632	0.0002150768347339		0.0003272528158177	0.0002906289353732	0.0002643692460811				0.0006062652702587	0.0003999822021781					0.0004006059164486	0.0004772248556991	0.0002622414291236	0.000225273656294			0.0004998750312421	0.0003413006860332	0.0003143418467583		0.0009744081444668						0.0014672919795876	0.0005098481189287					0.001160805735746		0.0005600001615189					0.000243823146944									0.0004035822731291		0.0055865921787709					
Sphaerochaeta associata	Sphaerochaeta	Spirochaetaceae	Spirochaetales	Spirochaetia	Spirochaetes	Bacteria																													0.000272800994714											0.0002271188566866	0.0001616492381412												0.0002098860814791		0.0006858338365628				0.0002463244139693																																					
Sphaerochaeta coccoides	Sphaerochaeta	Spirochaetaceae	Spirochaetales	Spirochaetia	Spirochaetes	Bacteria		0.0001392814466575	0.0004017927220865	0.000386806717387	0.0003264570817311		0.0004599221044589								0.0003417853204878		0.0012717396529601		0.000343363383599	0.0006206320563908							0.0002239875061864	0.0007797626905538	0.0004721363903917		0.0003169938664373		0.0002325527684484				0.0004907080160571			0.0007077035786656	0.0005236305668301			0.0002606796309653	0.0003335021594085	0.0005287421830984					0.0001502717076648		0.000261771379206	0.0002622954144587	0.0009801413829418			0.0002081018046902	0.0002586329274903		0.0001675535286498				0.000430219735446	0.0004244722395159	0.0003041359113552	0.0005054600148586	0.0001661482524965	0.00060049260225	0.0003734138603788	0.0004697063833741					0.0013449180936765							0.0002280335099616					0.0002100984880863			0.0001482437344106				
Sphaerochaeta globosa	Sphaerochaeta	Spirochaetaceae	Spirochaetales	Spirochaetia	Spirochaetes	Bacteria		0.0003221920865506	0.0007143871241882											0.0002820611042543			0.0007497307793573			0.0004288382274237							0.0002176138489947		0.0004027089706649	0.0005629977087033	0.0002315896419369						0.0003958917424319			0.0010648541128235	0.0002351081565306			0.0002868141333538	0.0007095598699987	0.0003283319954688				0.0010814690784069			0.0001284910213824		0.0008265510999198			0.0002788469107594			0.000254432743939										0.000705564029846																									
Sphaerochaeta pleomorpha	Sphaerochaeta	Spirochaetaceae	Spirochaetales	Spirochaetia	Spirochaetes	Bacteria		0.0006956669900341	0.0011196829458499	0.0004249176624077			0.0016495875442983		0.0002646645029182			0.0005004755392691		0.0006130263228855	0.000785496584125	0.0008951144909856	0.0037340344379927		0.0003940045814496	0.0015171922159696	0.0005866727505441			0.0005520794994479			0.000369683978397	0.0009212814630129	0.0014009183672128	0.0007908602065283	0.0009578486853796	0.0019445445718441	0.0005610867074062	0.0005945520573916	0.0021302470437542	0.0009045983989523	0.0015995211021928	0.0008792695299289	0.0006108133174891	0.0035043277969682	0.0022058415960663			0.0009447341305866	0.0009079781254069	0.0008847578690659	0.0015325159914712			0.0028011609260485	0.0005507886457527		0.0007215405614599	0.0005876142582563	0.0027714989564091		0.0010354554218588	0.0002727205349098	0.0009554946189968		0.0004706716104246		0.0012345698850929		0.0013757694730875		0.000624765080432	0.0012656163699757	0.0007358532479526	0.0003962863455506	0.0013055757708418	0.0006408886936607	0.0004324570388073		0.0004213947129331		0.0015903045785853		0.0003185051491666	0.0005689206762013				0.0004114125777139					0.0008276839846268			0.0004329827911311			0.0019476007326873	
Sphingomonas echinoides	Sphingomonas	Sphingomonadaceae	Sphingomonadales	Alphaproteobacteria	Proteobacteria	Bacteria						0.0426731078904992																																					0.0233722871533681																																																					
Sphingomonas gotjawalisoli	Sphingomonas	Sphingomonadaceae	Sphingomonadales	Alphaproteobacteria	Proteobacteria	Bacteria																																																																0.0022229688221733																																
Sphingomonas leidyi	Sphingomonas	Sphingomonadaceae	Sphingomonadales	Alphaproteobacteria	Proteobacteria	Bacteria						0.0152979066022544																																																								0.004713470602828		0.0155555555555555																																
Sphingomonas sanxanigenens	Sphingomonas	Sphingomonadaceae	Sphingomonadales	Alphaproteobacteria	Proteobacteria	Bacteria																																																																0.005958400539383																																
Sphingomonas sp. AAP5	Sphingomonas	Sphingomonadaceae	Sphingomonadales	Alphaproteobacteria	Proteobacteria	Bacteria																																											0.025041736218919																																																					
Sphingomonas zeicaulis	Sphingomonas	Sphingomonadaceae	Sphingomonadales	Alphaproteobacteria	Proteobacteria	Bacteria																																																																0.0018186306384436																																
Sporobacter termitidis	Sporobacter	Ruminococcaceae	Clostridiales	Clostridia	Firmicutes	Bacteria	0.0208833447702957	0.0054820265011448	0.005522113513368	0.0143744588259361	0.0142425641006937		0.0281349716771314	0.0078835904328484	0.0233881453200766	0.0081997463660274		0.007565829461192	0.0255400880248535	0.0069428701762939	0.0152158429988952	0.0195786414195728	0.0231376721570646	0.0156920220165116	0.0152407493670258	0.0131830753967357	0.0043244073447218	0.0281962805476522	0.0063266885332974	0.0033300868984382	0.0047953386409285	0.0092819867880599	0.0118751704688222	0.0174664909916038	0.0186531668750272	0.0084969977417824	0.0028882030827949	0.0187498560762386	0.0086281105466615	0.0105360466498439	0.0255220285257995	0.0025812649811958	0.0196112230851746	0.0026006465298655	0.0020544309815304	0.008300575291378	0.0103281998131007	0.0057611460363458		0.0194644454386832	0.0069535443354503	0.0183383415504587	0.0104280026394839	0.0166668286497198	0.0063697104647206	0.0227149500407666	0.0157767238151609	0.0323622133646036	0.0246675972529277	0.0161671936639947	0.0211925013284293		0.0135753646565347	0.0079492216096978	0.0197893140286541	0.0220626760159944	0.015416585459531	0.0144072023789685	0.0220978315441354	0.0156368359793346	0.0128723391058821	0.0235065968699261	0.0165145269127454	0.0154367538828984	0.0229440956388578	0.0136088609826298	0.0093920349906599	0.0115998329168281	0.008185880763024	0.0061118987075454	0.0040094634312904	0.0069901793086182	0.0269274086122432	0.0476190476190476	0.0311380942053495	0.0225938101957448	0.0156183889786617	0.0114429849840976	0.0149010538136609	0.0195813823176487	0.0120690755643889	0.029281421506971	0.0119813372043719		0.0257976609385524		0.0428520096494666	0.0269283631192822	0.026418005553129	0.0653087483803199	0.0193562928390555	0.0212355986218397
Staphylococcus sciuri	Staphylococcus	Staphylococcaceae	Bacillales	Bacilli	Firmicutes	Bacteria		0.0004747661479566	0.0033208995082576									0.0002833972742694		0.0034097952932948		0.003720184201376					0.0008154473244085			0.0008943683084391										0.0005360996873386			0.002388888940129		0.0026486130514519					0.0035116726034086			0.001479601648109						0.0024250346325185	0.0003275198372317	0.0004468793368546			0.0005087411484911			0.0005163900560188				0.0013293385674859		0.0018986077120837		0.0005268191790944					0.0037239935393892	0.0002894455666211	0.0019850597397507											0.0035555233614033		0.0022319721840977							
Staphylococcus stepanovicii	Staphylococcus	Staphylococcaceae	Bacillales	Bacilli	Firmicutes	Bacteria			0.0011002225350392											0.0010824038354742		0.0013045041661918					0.0001800930027307																0.0010008136898763		0.0006854585005654					0.0015165151121888									0.0011871168746592		0.0002975730596023			0.000130932734033			0.0002368411428924				0.0006751182900176		0.0008567181312256							0.0008200838794471													0.0012158585136315		0.001002181331337							
Staphylococcus warneri	Staphylococcus	Staphylococcaceae	Bacillales	Bacilli	Firmicutes	Bacteria																																											0.0158597662771285																																																					
Sterolibacteriaceae bacterium M52		Sterolibacteriaceae	Nitrosomonadales	Betaproteobacteria	Proteobacteria	Bacteria						0.0136876006441223					0.0388349514553543																																0.015025041736227																					0.034444442438153																					0.0014970059880239	0.0097087378640776		0.0459818508875039								
Streptococcus agalactiae	Streptococcus	Streptococcaceae	Lactobacillales	Bacilli	Firmicutes	Bacteria		0.0019575111702497	0.002011846313536	0.0024531270270172	0.001725965157891		0.0013891184221479	0.002877110741764	0.0008716099004696	0.0013679409479904		0.0024186795810549		0.0021971667854322	0.0012802345390315	0.0020573957127809	0.0025046582549095		0.0026018237357449	0.0025222308143638	0.0018072855172482			0.0017548667990167		0.0027688833932476	0.0038346255545836	0.0008179457467694	0.0006987185842315	0.0016664239001756	0.0021905000205589	0.0027627883551514	0.0015274772949956	0.001539879112978	0.0024040472030746	0.0018352858350179	0.0016023554462244	0.0019699145311788	0.0024945022938423	0.0018945824820881	0.0021179229544667			0.0016374682509507	0.0019446953241492	0.0018100632922975	0.0028130116998795		0.0003766062085869		0.0011464263208302		0.0004454584412391	0.0013196722420447			0.0018739187733044	0.0016506791155082	0.0008984327492768		0.0023522668133201		0.0028715360074511		0.0021901242883391	0.0005955838100015	0.0020173901197768		0.0018457842817755	0.0003758147427028	0.0024928805169044	0.0020528951363282	0.0009425357995587	0.0017943832002108	0.001953522875407	0.0030293469405287	0.0028808856624517		0.0005504928732407	0.0003422648925385	0.001164248147377	0.0010018959862849	0.001695474519483	0.000592083048783	0.0027583977690601		0.0032406856085403		0.0006559785921165							0.0005059823010825
Streptococcus alactolyticus	Streptococcus	Streptococcaceae	Lactobacillales	Bacilli	Firmicutes	Bacteria	0.029783393501805	0.2199132211686649	0.2713438944929973	0.1755656720888998	0.1192744276100749		0.0665501066858865	0.3627150152536765	0.036164333876053	0.0258372774998481		0.3646466998122889		0.2191105449266968	0.0687326144110456	0.1158957418379506	0.0856777816330996	0.03125	0.1914946594241577	0.1708733321490127	0.4673348654396657	0.1060092212405847	0.379038371441487	0.5718982765418233	0.6073978807929549	0.2501925507327438	0.2155265240503287	0.0415172306832866	0.0370335513365758	0.2127479655601682	0.4022936547418183	0.1876429573094921	0.1032134907390077	0.0890672889531584	0.0963873645756312	0.2839996846753843	0.0797265657061665	0.4067008244266947	0.3721557825683766	0.2189302692652459	0.1587730409387764	0.0139490858907668	0.0584307178631051	0.0518413525991645	0.2124944032620749	0.0826835811414269	0.1974454943914579	0.0583399008502693	0.0151090316822829	0.0174926409787314	0.1085952921992517	0.0041208511853932	0.0080481598625978	0.0591064648669784	0.003512308449684	0.3043478261033271	0.1515935695738921	0.3256272151672155	0.0267097577353759	0.0085106409108183	0.1096848257853077	0.0845943934509902	0.176698747916315	0.0188888888888888	0.1133763770546615	0.0242509907495834	0.1016158249753838	0.0039823054804303	0.086310673885683	0.0128904166910586	0.2431275758049667	0.0985064262548878	0.0488798192603915	0.2816074104732578	0.2645925706577592	0.300798528416534	0.1659330478662352	0.1428571428571428	0.016522844794142	0.0042489666971632	0.0345385460042858	0.0341905823864337	0.0626208296549629	0.0153395459308894	0.2772425527041214	0.1132686084142394	0.293762094865823		0.0155220649740608		0.0279329608943006	0.0022928782478571		0.05	0.0124865884242042	0.0113686314604291
Streptococcus australis	Streptococcus	Streptococcaceae	Lactobacillales	Bacilli	Firmicutes	Bacteria		0.0003471042852493		0.00036769648983				0.000222649995755				0.0003094108032415		0.0002874726900757	0.0002151985774101	0.0004354168285102			0.0002001952135472	0.0004194736506396	0.0002229329072222						0.0002633219539251				0.0002161620126854			0.0006677281605948			0.0002385546760693		0.0002291522004493	0.0003748443795234	0.000373507254462				0.0002568644874616	0.0002224458219801							0.0002040659234133	0.0002389612991988				0.0003246520194912			0.0003389863048881						0.0002545157541538		0.0003068779913857						0.0004087690735301																					
Streptococcus azizii	Streptococcus	Streptococcaceae	Lactobacillales	Bacilli	Firmicutes	Bacteria		0.0002011547369067			0.0002043840057446			0.0003043259620431				0.0002060257860892				0.0002845869194845			0.0003735782156846								0.0004228753391461				0.0002196688501272			0.0002878471960911					0.0002142278371483	0.0002218704048091					0.000308805423573	0.0003160527468723								0.0001721689569013				0.0001915755782707			0.0002401873986459						0.0002557245821312		0.0001658784746574						0.000308898926412																					
Streptococcus caballi	Streptococcus	Streptococcaceae	Lactobacillales	Bacilli	Firmicutes	Bacteria								0.0006138743100361				0.0004487719327062		0.0005123674973802	0.0007066286586632	0.000660629521029	0.0012568170680054		0.0002211418848061	0.0008662739983942	0.0002086176455233									0.0002758579927366	0.0005134066525105			0.0006947198801404						0.0003272615329513					0.0004580030211194	0.0011935042568152	0.0010660999107261						0.0001678345159105	0.0002764924439651				0.0003744860618998			0.0016575644882235				0.000427950901913		0.0003806059649275		0.000202241148794				0.0019802148069399		0.0013024196663949																					
Streptococcus castoreus	Streptococcus	Streptococcaceae	Lactobacillales	Bacilli	Firmicutes	Bacteria																					0.0002356113557666																																																																											
Streptococcus constellatus	Streptococcus	Streptococcaceae	Lactobacillales	Bacilli	Firmicutes	Bacteria		0.0003593066669229		0.0004206414154354	0.0002932325638373		0.0003806461245834	0.0003184490330424	0.0002715760922674			0.0004219826198662		0.0004004658375537		0.0002638212259248			0.0002564533944272	0.0004164026882118	0.0003993354789553						0.0005993372390718	0.0002880091491622		0.0004266210801703	0.000239181086675		0.0002458140616914			0.0004179958643675	0.0002925558528172			0.0004482562436198	0.0004157291179715				0.0002002357747757						0.0002384840031489			0.0001291251064708				0.0001916722690265			0.0002829969835004								0.0001761721924565		0.0005060911907417	0.0002406935899645																								
Streptococcus cristatus	Streptococcus	Streptococcaceae	Lactobacillales	Bacilli	Firmicutes	Bacteria		0.0005392721023227	0.000427602309585		0.0004594684346924		0.0003424616360604	0.0005128672006189	0.0002233653277086			0.0006379773997186		0.0009197795038578	0.0004280265686099	0.0004609241540998			0.0010773867732123		0.0004401025744548			0.0005180739640532			0.0003285599095803	0.0002127343383613	0.000249823530397	0.0005756019050788	0.0006691984163986		0.0002159789914509	0.0021174077403683	0.0004367106366807	0.000301305375042	0.0003364240532514		0.0001712741217238	0.0008192579950911	0.0002830319553317				0.0003729644687381	0.0003191261753958	0.0009513366614641				0.0003305796663874		0.001177446710259	0.0005594819833129			0.0004454448762005	0.0003938668535193	0.0003646644936779		0.0018980988833963		0.0005234299132699		0.0033585598530908	0.0001940260990917	0.0002879818527795		0.0003427363598168		0.0004280971548876		0.0003442178301585		0.0012517430901635					0.0003490555346182			0.0006835851313818	0.0002894367035574												
Streptococcus dysgalactiae	Streptococcus	Streptococcaceae	Lactobacillales	Bacilli	Firmicutes	Bacteria					0.0001850014413059							0.0002161763195943															0.0002038400198522																								0.0001908240302853							0.0001297965209269			0.000160389686897								0.0001904096499463																											
Streptococcus equi	Streptococcus	Streptococcaceae	Lactobacillales	Bacilli	Firmicutes	Bacteria		0.0009873265168551	0.0008775857108471	0.0010269649409895	0.0005521599715404		0.000381719584475	0.001352031452802	0.0001733382181373			0.0012525596189219		0.0008658397017947	0.0004128072014751	0.0004871562261451	0.0006519806929063		0.0008410990121571	0.0005631594447538	0.0011018743403966			0.0006585997205384		0.0010248219653564	0.0005121445008951	0.0003743814301917		0.0006809198547673	0.0007279672831613		0.000446779670564	0.0004988314966892		0.0009574776206486	0.0006187400438447	0.0012983655169774	0.0011195240489813	0.0007715465490127	0.000511783178543				0.0006703473185392	0.0004395433564029	0.0010715848891364				0.0006681709562304			0.0004051234136027			0.0006680150545293	0.0009586933464641	0.000201169702992		0.0005424136565327		0.0006869794643699		0.000417662275476		0.0006921372082668		0.0005581893467831		0.0006738523451476	0.000663834243425	0.0002836300161792		0.0006399784762831	0.0015731012901406								0.0001720760431434			0.0009273849991687									
Streptococcus equinus	Streptococcus	Streptococcaceae	Lactobacillales	Bacilli	Firmicutes	Bacteria		0.0177066505236308	0.0162330759420205	0.0140223526717052	0.0082970607555157		0.0069090917651691	0.0221789546692571	0.0044890202411134	0.0043575789117284		0.022308629739626		0.0184655652703922	0.0074277086277153	0.0112046367704946	0.0094288154487557		0.0162990387701444	0.0131202939882258	0.0177387739958873	0.0155061262958139	0.0195789695559505	0.0152659880228253	0.0197688919280289	0.0170677371128228	0.0165367512553494	0.0054309578513191	0.0035845547957164	0.0168950012500337	0.019552153131496	0.0148049121159701	0.0080888112425126	0.0131127236283163	0.0097346538851733	0.0205335208878057	0.0075990671943814	0.0231745664564025	0.0207965228372825	0.0181202348039532	0.0123218834726198	0.0022857128614217		0.0060391702697532	0.0159908326869571	0.0093060316042146	0.01939175090139	0.0083337947624035	0.0016712990830138	0.0023755479536073	0.0097071135368677	0.0009924573326256	0.0014917329398852	0.0073133933644815	0.0005658209232466	0.0844766292850835	0.0122745982330806	0.0198151460045529	0.0035925975806907		0.013654710093573		0.0137135060918113		0.0133307097255883	0.0023238943504176	0.0099154393813279	0.0006688469552852	0.008629502093102	0.0014520571503002	0.0171466587030532	0.0101721625040133	0.0063102781433042	0.0187760063533126	0.023101542724262	0.0194446941545604	0.0114186846703478		0.0018279556461014	0.0009613382842582	0.0039802418825564	0.0040095064179309	0.00840907313708	0.0023932857645163	0.0105933969981908		0.0238037528090623		0.0029061500921726		0.0056992147970564	0.000387923590839			0.0023291490888179	0.001785699956418
Streptococcus ferus	Streptococcus	Streptococcaceae	Lactobacillales	Bacilli	Firmicutes	Bacteria								0.0002617336039769				0.0003011508829188		0.0003747111155088																	0.0002583745568325			0.0008983424868614		0.0002261044075201			0.0001798546131739						0.0001771955499768																0.0003765036059999												0.0006387873010088		0.0004077573618087																					
Streptococcus gallolyticus	Streptococcus	Streptococcaceae	Lactobacillales	Bacilli	Firmicutes	Bacteria		0.0389760637508441	0.0395814930343678	0.0328247490757438	0.0252276535989345		0.0135381980841515	0.0521240776479071	0.0096243403043013	0.0068201614247699		0.0538622955187239		0.0412143837914521	0.0175072499885313	0.026723580734091	0.0181663684742027		0.0379898161129927	0.0337426208725779	0.0454468143993792	0.0246683834278695	0.0567849106095842	0.0397294441441614	0.0290696357624099	0.0472330957093187	0.038270665997386	0.009949445539976	0.0090368113814755	0.0390843162685596	0.0547991942780448	0.0300556459533134	0.0183566692297848	0.0247886821164089	0.0194394833568582	0.038531459955048	0.0169621766869947	0.0444019646184262	0.0406296562959613	0.0391559694211254	0.0269957444334454			0.0111284505790083	0.0362462744175062	0.0178392529350253	0.0369208090385569	0.0249929710539937	0.0036004404255706	0.005970713092334	0.0231814331766901	0.0014059689639706	0.0030021281819828	0.0153799538850738	0.00149372346342	0.1329146750463718	0.0316943106084636	0.0528229794159131	0.0082445992471636		0.0296621150167957		0.0335122760175577		0.0299123279801382	0.0071457392779633	0.0213905023205407	0.0016001988029212	0.022464481305458	0.0034843466273497	0.0356683459699484	0.0192898404714017	0.0121796400738561	0.0458617137370166	0.0521785344787387	0.0441413523529717	0.0294428734179004		0.0043530642899084	0.0020787265941863	0.0080626583132834	0.0080193498148528	0.0140334909118654	0.0043093842680201	0.0411850865829705		0.0508170470916372		0.0051157493570519		0.0111168730488723	0.0007834571710929			0.0038174702991182	0.0031036514913284
Streptococcus gordonii	Streptococcus	Streptococcaceae	Lactobacillales	Bacilli	Firmicutes	Bacteria		0.0113638190444312	0.0108664650415145	0.0141938534428292	0.0063434416693959		0.0054991908808345	0.0159750397101871	0.0031088646744556	0.0022387743705289		0.0157948984783008		0.0128709608074414	0.0058396087149513	0.0070721145924293	0.0082082391316389		0.0124717378371259	0.010780082795505	0.0143389981608169	0.0095791650025338	0.0169065561679939	0.0141158065302917	0.0185152596897276	0.013428891756233	0.0170987186325899	0.0036765999211324	0.0027213320060421	0.0124471838884181	0.0171760752343001	0.0115632772306474	0.0084452524980564	0.0117654677813034	0.0078715970095153	0.0171150876636048	0.0066068430084152	0.0142050438291725	0.0140988850810513	0.0147218104279129	0.0115377305197228			0.0053222026597849	0.0109729606290522	0.007363640978943	0.0136354230498007		0.0015718813656313	0.0027289315871565	0.0083137511934242	0.0006153569534046	0.0034150435154561	0.0059035855094873	0.0010476366381405		0.008772362449081	0.0123700003381683	0.0024938925403926		0.0108184240912147		0.0110483449991685		0.0129977780761626	0.0024877341563757	0.0074743463322658	0.0012643622160819	0.0063293266062852	0.0015695429420286	0.012480046273267	0.0076257009530577	0.0058297603390685	0.0145643612048792	0.0190224757774055	0.0140753364836042	0.0108238265976096		0.0014724629757685	0.0012683491524335	0.0033225266492217	0.0039810779265664	0.0056454228786913	0.0022981008665233	0.0088209562176691		0.0152476662679729		0.0021827137939801		0.0055865921787709	0.0004918276091546			0.0014558508579274	0.0016157360662765
Streptococcus gwangjuense	Streptococcus	Streptococcaceae	Lactobacillales	Bacilli	Firmicutes	Bacteria						0.0281803542673107																																																																																										
Streptococcus himalayensis	Streptococcus	Streptococcaceae	Lactobacillales	Bacilli	Firmicutes	Bacteria		0.0087795922771422	0.0105777196760903	0.0092111177267956	0.0065637927177087		0.0047237288599046	0.0149019889583923	0.0029865131100467	0.0023537752061139		0.0163695682793766		0.0116669154408461	0.005376152163682	0.0092598636027916	0.0069412765905632		0.0109323840330626	0.0099229043207323	0.011345712907702	0.0145505994017661	0.0221308855429036	0.0099942512205328	0.0194370858919551	0.0101899229534176	0.0105087577886432	0.0034055020481402	0.0030156254778234	0.0080989000901126	0.0118329577265959	0.012591413200617	0.0055392980880878	0.0120668472865438	0.0059791619308522	0.0079933066328108	0.0061225366858784	0.0102412398014543	0.0086299331623953	0.0108553185256154	0.0082544208473039			0.0040442886809451	0.0100411168695248	0.0060123387078278	0.0130342572953742		0.0009760058832913	0.001673968740492	0.0049844368796715	0.0004925654685012	0.0036923588900084	0.0067505745119652	0.0009232787583323		0.0101080310224542	0.0113340048025068	0.0032447261105134	0.0062663631667507	0.0125194039573486		0.0101214655010357		0.0127188659392503	0.002280473155468	0.0061980056883637	0.0006482205373201	0.0068461727831936	0.0013327101745654	0.0091175084272648	0.0063064211718868	0.0044212225378378	0.0120663848368606	0.0116944852319615	0.0130142693473623	0.0089119234845876		0.0016621881815011	0.000978420430255	0.0031687730549083	0.0031713823342548	0.0070323060172511	0.0020915894523406	0.0165778151852086		0.0154760905434275		0.0020425406014442		0.0055865921787709	0.0004221227504592			0.00224269918428	0.0014233836778801
Streptococcus hyointestinalis	Streptococcus	Streptococcaceae	Lactobacillales	Bacilli	Firmicutes	Bacteria		0.0062412289844766	0.0059872076547729		0.0019323504009627	0.0169082125603864	0.0003303695168066	0.003035203734792	0.0009198676496651	0.0008911847271815		0.0036335636644051		0.0282663116368057	0.0046712603370946	0.0046336831900793	0.0020465604053626		0.0096988078476974	0.000713710585142	0.0034543687050822	0.004842654026748		0.0034520097221941		0.0040195428312999	0.0005635591177018		0.0008186377689378	0.0054385898857324	0.0174273778675954			0.0486797158620389	0.0009940283767087	0.0056776025866941	0.001940922715759	0.0015684904922969	0.0026023726032458	0.0123089996225091	0.0003770499851628	0.0031937726763828			0.0044716083204962	0.0009295145295293	0.0027475544326529		0.0001592844937588		0.0001672009207683		0.0272711566107238	0.0132630966456398	0.0028057971935473		0.0053291122536218	0.0034828831203156	0.0044534763103051	0.0043712887750615	0.0284909663949075				0.0500447161042487	0.001181237876937	0.0008879755342445	0.0003488435149446	0.0030001557034752		0.0010737742015495	0.0013769985054217	0.0046933578050646	0.011682565561429	0.0473986754346847	0.0011163331916215	0.0013165257795617		0.0002794137587207	0.0028689969305934		0.0012861620541527	0.0065783303693553	0.0049293825101932			0.0113386990948986					0.0002473257899587			0.0022251374494314	0.0005248642934864
Streptococcus infantarius	Streptococcus	Streptococcaceae	Lactobacillales	Bacilli	Firmicutes	Bacteria		0.0012334600911964	0.0017351292957678	0.0013469783372894	0.0007980552231283		0.000940296127615	0.0014114235585664	0.0008708861034851			0.0013283183142052		0.0014821318441692	0.000850563681385	0.0012626433564723	0.001088632020484		0.0008000155915107	0.0019275786829199	0.0007310359598028			0.0005109157587577		0.001000259720476	0.0028902989426203	0.0004134099483358	0.0005786747211816	0.0006207208623686	0.0007646282706563	0.0012246724200275	0.001379402075103	0.0010710256821036	0.0011919383924303	0.0008564131406312	0.0010914781388787	0.0013511323902814	0.0011061856032624	0.0008321145673648	0.0014268315274498			0.0004691268269492	0.0010789695446332	0.0010829845028003	0.0018078505178196		0.0003804238452521		0.0005968200016018		0.0002163999463588	0.0008748676320441			0.0011189611145623	0.0010063563942551	0.0007585832112709		0.0012637767380738		0.0007498493230277		0.0005911716429045	0.0003218422888835	0.000850017897865		0.0015850621363402	0.0003207164169717	0.0013867844861815	0.001339425832228	0.0004947758015901	0.0016930725981242	0.0008772654946591	0.0009362893152352			0.0004068266401856			0.00118747325946	0.0013279350137054	0.0003841123604107	0.0015143702818457		0.0013955490332438		0.0003932538238686						0.0003468251465958	0.0003718468009351
Streptococcus iniae	Streptococcus	Streptococcaceae	Lactobacillales	Bacilli	Firmicutes	Bacteria		0.0008525864658949	0.0009630521178551	0.0006627854488458	0.0003031257520052		0.0003613717220126	0.0007944936426193	0.0003710543744923			0.0009442130096004		0.0008722824200629	0.0003369560734038	0.0003284957461562			0.0009534390716807	0.0005356472083579	0.0004880907589469			0.0004115303149655			0.0004567243979667	0.0002788368446329	0.0003317672631339	0.0006754322399888	0.0004182945487508		0.0003794978313857		0.0005907502545625		0.0003286964057781	0.0009182803812566	0.0007642592649146	0.0004170161480581	0.0004396820487238			0.0003339468538345	0.0005872858496217	0.0004114699190757	0.0011231953052819				0.0003683963015832			0.0001555861956145			0.0007929644145801	0.0008990090807501			0.0004942302254795		0.0008054079540212		0.0007048647629646		0.0005580077529882		0.0003125439708259				0.0004498799508876	0.0012105503622526	0.0005105586828967	0.0006333062744426								0.0002407400764736			0.0009312628188853									
Streptococcus intermedius	Streptococcus	Streptococcaceae	Lactobacillales	Bacilli	Firmicutes	Bacteria		0.000401590075286	0.0005508689149742	0.0005214929287201	0.0002002054522108		0.0003225364607305	0.0005072354099161	0.0001730673825379			0.000438076002654		0.0005738850928386	0.0002101559862123	0.0002918084741821			0.0003664974520534	0.0003702791157342	0.0004541164630339			0.0005965662184587		0.0007293782564035	0.0005921474042446		0.0001985848961165	0.0002900789575561	0.0005438880676938		0.0002203646536186	0.0006518421700091	0.0005083496942124	0.0003791608804809	0.0001959491503457	0.0005853410931492	0.0004400748961861	0.0005068050651039	0.0002060261829532			0.0002596755902939	0.0002866140940571						0.000202471380739		0.0002041159118237	0.000250385059955				0.0003116556834834			0.0006059659805679				0.0007967563580854		0.0002031155677451		0.0003335442883889		0.0006224784589786	0.0003791143276851			0.0007711945881267												0.0010672815252754									
Streptococcus koreensis	Streptococcus	Streptococcaceae	Lactobacillales	Bacilli	Firmicutes	Bacteria		0.0024982275545605	0.0017686037880767	0.0008740162565742	0.0006825078646992		0.0012357764485462	0.0016615161766511	0.0003877542347489			0.0014899362442474		0.0021163154917355	0.0011667698199572	0.0016113673635959	0.0017758467704105		0.0021931500523299	0.0021444144318653	0.0015315451677775			0.0019215662402646		0.0016304958499172	0.0014081017377085	0.0002678641654426	0.0007606927298242	0.0017400310453115	0.00244734589405	0.0020250277894813	0.0014186204009462	0.0045755920534363	0.0013418590960681	0.0019101423830298	0.001403174533556	0.0025189391361225	0.0025284556812676	0.0023758045194713	0.0010634676015997			0.0006296548572888	0.0022154313568221	0.0012593714442476	0.0021087822098361		0.0002447610213892		0.0008474008404395		0.0021799468828544	0.0016860313400316	0.0005272868567294		0.0023284585375561	0.0019202779255343	0.0009981442518432	0.002127659574468	0.0027756544368543		0.0019208367987211		0.0031408112258816	0.0002858592114166	0.0008601057130661		0.0012623260858475		0.0018622773817903	0.001087958673766	0.0006664152698418	0.0018357714759216	0.0031507286041758	0.0032123361594488			0.0002361568657745				0.0011661072609069	0.0006845629369546			0.0022703268989233		0.0003353649944438							
Streptococcus lutetiensis	Streptococcus	Streptococcaceae	Lactobacillales	Bacilli	Firmicutes	Bacteria		0.0006883255831983	0.0007140021528398		0.0001910626255643			0.000630282288534	0.0003046757846424			0.0006726495300552		0.0005399346646333	0.0002103710731118	0.0003721234647013			0.0010321999400936		0.0004739471283724			0.0003945812067894			0.0004677582142834	0.0001878361773021	0.0001868423857604	0.0005160495596673	0.0002278401882415		0.000350169172104	0.0006323168153744		0.0006105478082425	0.0003969180910482	0.0005050584678073	0.0006978489296238	0.0003975299295137	0.0006358875386656				0.0008317968561722		0.0007609696776672				0.0001817322058903			0.0002593654130791			0.0004982036097356	0.0009882902071728			0.0006771451812478						0.0005563949869898		0.0004829184427849	0.0002500106909901					0.0004021202233135	0.0005855028484734			0.0002589907671609										0.0002042969760927							
Streptococcus macedonicus	Streptococcus	Streptococcaceae	Lactobacillales	Bacilli	Firmicutes	Bacteria		0.0003161163965375	0.0003793013088137	0.0003062885501302								0.0003047621158388		0.0002151250221326	0.0003288466496383				0.0002612796401907		0.0002191356582424										0.0001632137568989		0.0003605078105783			0.0002408293483143	0.0001549918349279		0.000254547090212	0.0002699917265778	0.0001771225690427			0.0002078676966325		0.0002219232455137								0.0001362823952564				0.0001790797668996			0.0001985227865754						0.0002987907580911		0.0002922154258074			0.0002683482039732	0.000283850524861																		0.01111687304748					
Streptococcus marmotae	Streptococcus	Streptococcaceae	Lactobacillales	Bacilli	Firmicutes	Bacteria		0.0002402167794814	0.0002786019485834					0.000380476591155				0.0006269186978509		0.0003128648178022	0.0004506320784681	0.0002615796796609			0.0002604916095064	0.0005205240700882	0.0001817189971678						0.0002102514745066				0.0002390306616603		0.0002460308083076	0.0006538951493058		0.0002501942213172	0.0001850150526205		0.0002434731024464	0.0004650696491594	0.000188406855299	0.0011428571428571		0.0002676388704507	0.0002162305766498	0.0002634784043834							0.0003569363255658	0.0003275195382906				0.0002726867334443			0.0007970700644046				0.0008438728265563		0.0001983545401027		0.0002024533639902			0.000257582077295			0.0004542942535575												0.0005573219079689									
Streptococcus merionis	Streptococcus	Streptococcaceae	Lactobacillales	Bacilli	Firmicutes	Bacteria																											0.0001945157644596																								0.0001528149483433										0.0001806384268547																																			
Streptococcus milleri	Streptococcus	Streptococcaceae	Lactobacillales	Bacilli	Firmicutes	Bacteria			0.0004116996271169	0.0002743432872133	0.0003033563397886			0.0002501752518609				0.0002140626540881				0.0002566464911894			0.0002550504308239					0.0003955010186268		0.0008789605029676					0.0002579790556288		0.000341054522622			0.0003210916037111			0.0003525198943646					0.0003046716726515							0.0001694814111819			0.0001113876685401													0.0003077631731658					0.0005333379573404																								
Streptococcus mitis	Streptococcus	Streptococcaceae	Lactobacillales	Bacilli	Firmicutes	Bacteria		0.0013251351523297	0.0010575406048285	0.0009324622378463	0.0005392844454301		0.0006057925542765	0.0014646679872519	0.0004161180185116			0.0016114284456398		0.001077510035998	0.0005641542734836	0.0011210661319311	0.0008063648628826		0.0012996765421377	0.0010948925112436	0.0012979049734472			0.0009464228719079		0.0008870553958874	0.0013164372771399	0.0003405809009369	0.0004163755199862	0.0011656256465786	0.000819959342036	0.0021974241910414	0.0004471117350358	0.0010358267612063	0.0008652749214554	0.0005517367515891	0.0007451959715162	0.0010862326629812	0.001003497362737	0.0009523288588589	0.000797452846414			0.0004047465251622	0.000887638627407	0.0008602617452133	0.0019649251914075				0.0006246033957972		0.0001437366396477	0.0003277951528477			0.001063048520473	0.0010394396735186	0.0002900116612009		0.0013256998118722		0.001657739629492		0.0008805007476223	0.0003050268906152	0.0008361789098203		0.0004976081326226		0.0009044625650231	0.0007754447956497	0.0003054945521069	0.0015560471485584	0.0010494147688279	0.0009162355602162	0.0019220488584126		0.0002169492908357					0.0002414204704899			0.0016534920759294									
Streptococcus oralis	Streptococcus	Streptococcaceae	Lactobacillales	Bacilli	Firmicutes	Bacteria																																		0.0003668336961216																			0.0002998724818422	0.0001185769047837							0.0001641275279902																																			
Streptococcus parasanguinis	Streptococcus	Streptococcaceae	Lactobacillales	Bacilli	Firmicutes	Bacteria			0.0002860071743778	0.0003765284333428										0.0004452684407446							0.0001708709705491										0.000446331582407			0.0007279639372913		0.000753238206601	0.0001670529169346			0.0008683988200899	0.0002194574970864				0.0002689284966516								0.0003346017807686	0.0003053499264268							0.0003332700157047				0.0008535173002678		0.0001666318833982				0.0004813849116				0.0007323958000189																					
Streptococcus parauberis	Streptococcus	Streptococcaceae	Lactobacillales	Bacilli	Firmicutes	Bacteria																					0.0002270493543869																			0.0001977421931175											0.0003005640622328																0.0001854054211681																													
Streptococcus pasteurianus	Streptococcus	Streptococcaceae	Lactobacillales	Bacilli	Firmicutes	Bacteria		0.0202309922904262	0.0228824056239772	0.0147005224705862	0.0070777809031106		0.0044997674817742	0.0330701185340869	0.0035403430963565	0.0022019778150488		0.0317852119129965		0.0184267407423825	0.0059405843788719	0.010201641673751	0.0080792664018576		0.0183120662769989	0.0133550063866526	0.0166446858597944	0.0083587023707621	0.017660668122957	0.01432803901355	0.0197949810775934	0.0176920602889979	0.0164421854988151	0.0036898507927818	0.0034078480282966	0.0201968302930517	0.0325648114754025	0.0156234486101287	0.0076523821132862	0.0078749159444002	0.0074170654752944	0.0187746839488072	0.0072575036996337	0.0306498674297357	0.0290498058964159	0.0185895577334228	0.0119674949539474			0.0041559235892709	0.0186784608618477	0.0086523446043972	0.0189701547568401		0.0007551060768982	0.0024040917276552	0.0084148860263223	0.0004697783214285	0.0006152044811328	0.004938838701636	0.0005300694633042		0.0150697341214893	0.0293556722136335	0.0024595378555488	0.0063829761104582	0.0115615264425702	0.0032250062017013	0.012561166365948		0.01130081693678	0.0018145083281868	0.0090430072227122	0.0003358588379088	0.006967790941559	0.0013456026902589	0.0204831329480448	0.0074834284350807	0.0045571482518851	0.0231187125655579	0.0218436614164763	0.0239891402004092	0.0140791741733786		0.0017833663148145	0.0005392994136633	0.003166608915081	0.0030271694779071	0.0046851691370529	0.0014812215273109	0.0073795971044243		0.0251242437014372		0.0017099597989288			0.0002332484904766			0.0012028124811672	0.0011334973417853
Streptococcus periodonticum	Streptococcus	Streptococcaceae	Lactobacillales	Bacilli	Firmicutes	Bacteria				0.0002591063066542				0.0002510873379727											0.000308242759895								0.0002757505126292							0.0002566402976473											0.0001622506052697													0.0002360965301655			0.0001708998526636				0.000503276951916										0.0003254720258625										0.0014970059880239											
Streptococcus plurextorum	Streptococcus	Streptococcaceae	Lactobacillales	Bacilli	Firmicutes	Bacteria																																									0.0003265741929785																				0.000291902255082																																			
Streptococcus pneumoniae	Streptococcus	Streptococcaceae	Lactobacillales	Bacilli	Firmicutes	Bacteria		0.0011962993118687	0.0009888079573525	0.0013046418747981	0.0006363468599986		0.0005323878298158	0.00154765737077	0.0003386892879168			0.0015066707968184		0.0008312550946002	0.0010968032886294	0.0012058986599472	0.0011418244421546		0.0016639077152242	0.0013447797561301	0.0013297389300134			0.0012191894291913		0.0017379701393622	0.0011925075528615	0.0006558523272783	0.0006238893344045	0.0010579958565101	0.0010120136213968		0.0006472062636668	0.0013908816979377	0.0010652280259889	0.0008877503638991	0.0007119635611803	0.0006777856620403	0.0006808377256158	0.0013983435325396	0.0009724183062912			0.0005069515493628	0.0012136765659869	0.0010527332588234	0.0016094320706823			0.0009867664845919	0.0008759433786614		0.0003269120447834	0.0007769480642293			0.0011441890193376	0.0013554621500384	0.0004563140312006		0.0015431519800769		0.0018821318891873		0.0014795770075666	0.0002872483650586	0.0009149947957702		0.0013682129028713		0.0012023316773485	0.0007724889773442	0.0003481387058937	0.0008898513889859	0.0015975494617373	0.0009841515050468	0.0016898725034289		0.0002194558259501					0.0002709361730537			0.0017993049865058		0.0003434452341093							
Streptococcus pyogenes	Streptococcus	Streptococcaceae	Lactobacillales	Bacilli	Firmicutes	Bacteria		0.0081591687739771	0.0070062528866209	0.0062555999892993	0.0048225558847057		0.0033650127522113	0.0084469214094719	0.0020949050978054	0.00199412425154		0.0077645943479682		0.00728973758721	0.0034066404559121	0.0048054932562556	0.0045891663756881		0.0075643482562532	0.0081139314599225	0.008276343231294	0.0111785891030449	0.0108220337210352	0.0081863445756138	0.0094788565447036	0.0077152380877177	0.0068672037501604	0.0022613222736689	0.0019048419102335	0.0075532185787641	0.0069357573020071	0.0072240151272156	0.004005965002069	0.0050898263999832	0.0044205196138802	0.0098108587009179	0.0042626252111457	0.0104058605070819	0.008805092342499	0.0074289358948988	0.0066320102043267			0.0025529428404467	0.0073229271403136	0.0045398089798397	0.0060871620587989	0.0166666666666666	0.000824397026839	0.0019688254367478	0.0051527577624972	0.0004466426745903	0.0007558131524482	0.0032811390670514			0.0071945126736414	0.0096160345182407	0.001842688113612		0.0070085335405402		0.006957224239341		0.0057236580020955	0.0012212420665996	0.0051446765944079	0.0003298427363566	0.0039668553407221	0.0010280195472427	0.0075298596118175	0.0043709443424531	0.0022141940255788	0.0099382974029234	0.0093999813256836	0.0090560297461092	0.0073707787072417		0.0010424484768062	0.0005109688540494	0.0026063415503757	0.002313606214349	0.003756821919488	0.0011261567939549	0.0023991113599846		0.0086784957640388		0.0012546384541032			0.0002137920567231			0.0010952190118961	0.0007794010089506
Streptococcus ratti	Streptococcus	Streptococcaceae	Lactobacillales	Bacilli	Firmicutes	Bacteria																																																													0.0001498904377082												0.0004717072031874																							
Streptococcus respiraculi	Streptococcus	Streptococcaceae	Lactobacillales	Bacilli	Firmicutes	Bacteria					0.0002065141264127																										0.0001626348547505			0.0005381652332277					0.0002384968571587														0.0002155813589359	0.0001657346505378							0.000391775875598				0.000363007556419																															
Streptococcus ruminantium	Streptococcus	Streptococcaceae	Lactobacillales	Bacilli	Firmicutes	Bacteria		0.0005402500889678	0.0004843287673566	0.0003497358046303				0.0005386544414589				0.0003722800607768		0.0005848338635359	0.0002771494262693				0.0009506007310379	0.0003647153197611	0.0004728558674481						0.0002530624027892			0.0006891505367002	0.0002334249790185		0.0002157171613571			0.0005561029078025	0.0002138087314918	0.0005082042491463	0.0007075237057954	0.0005049946011144	0.0003650731961285				0.0007716022983505	0.0002696881691965					0.0003146146171319			0.0001419158938669			0.0006730862226333	0.000778713450995			0.0003134925776694						0.0004238413585625		0.0003056561203692		0.0006395300331842				0.0004416045833494												0.0005761872435619									
Streptococcus saliviloxodontae	Streptococcus	Streptococcaceae	Lactobacillales	Bacilli	Firmicutes	Bacteria																																																													0.0001706651380811																																			
Streptococcus sanguinis	Streptococcus	Streptococcaceae	Lactobacillales	Bacilli	Firmicutes	Bacteria		0.0041526019127756	0.0042347217536083	0.0033807320439236	0.0015353718434949		0.0010837088554544	0.0060689932277884	0.0006023331644463			0.0067813085835585		0.0041232239056391	0.0011641837608164	0.0019315309365417	0.0016321296883271		0.0045473746294909	0.003027404438901	0.0042440311670874			0.0033821661075751	0.004687752053624	0.0043959223236124	0.0037747355819582	0.0007352980743259	0.0004991663667189	0.0034858377442905	0.0049145151109516	0.0025226835607164	0.0016527936510228	0.0030576086961618	0.0015552921586056	0.0039431094534483	0.0013492064553353	0.0050082664930777	0.0045529300989813	0.0035931457044868	0.0024780666593884			0.0008887167146229	0.0035216327563525	0.0022785315289056	0.0031986329416499		0.0002388196452046		0.0012229714620075		0.0001858652317843	0.0012551189022254			0.0025565617121633	0.0046814789250912	0.0005342499971469		0.0031838910655216		0.0032111782722299		0.0024410534972752	0.0004422491175567	0.0016699660084326		0.0015859485659859		0.0029321401554152	0.0016709956298715	0.000863118327594	0.0051535089402463	0.0061484263090584	0.004851556284263	0.0023553853008805		0.0003141686041754				0.0012759817190249	0.0002888699683533			0.004923981648994		0.0003429726856519							
Streptococcus sinensis	Streptococcus	Streptococcaceae	Lactobacillales	Bacilli	Firmicutes	Bacteria												0.000193219927453		0.0003656721064339					0.0002071007004011		0.000289927877348										0.0003948589853595			0.0004883089281867		0.0004964568256024			0.0001798046100867	0.0002726177207993	0.000271434787589										0.0001829446979259		0.0001881321330778	0.000143038371713				0.0002164518934588			0.0002651876291928				0.0009672194210871										0.0006939124309074																					
Streptococcus sobrinus	Streptococcus	Streptococcaceae	Lactobacillales	Bacilli	Firmicutes	Bacteria																																																																																					0.0014970059880239											
Streptococcus sp. A12	Streptococcus	Streptococcaceae	Lactobacillales	Bacilli	Firmicutes	Bacteria		0.0024432583402464	0.0040986405229713	0.0018301093778392	0.0016816826596567		0.0020978243110027	0.0019133787166346	0.0007768422690511	0.0014438200682301		0.0025445649548593		0.002975405546807	0.0016284828562519	0.0028588074117965	0.0025033816255123		0.0011595048217751	0.0023171040062122	0.0019138597751089		0.0125406047820815	0.0016750091706924		0.0017976808037637	0.004038803189068	0.0008088787592776	0.0014123980871582	0.0018523399568917	0.0029729064157026	0.0025987362206269	0.0023354255231908	0.0029463757872278	0.002775104371399	0.0020196718251823	0.0010930690135929	0.0028952666130813	0.0025369798365024	0.0025626204207368	0.0016930037606747			0.0008075508296076	0.0020515646853179	0.0014285539323599	0.0039722798467037		0.0006645546895412	0.0012265274544329	0.0012263947707192		0.0009190204947871	0.0014640649411228			0.0014413840006803	0.0020480610560485	0.0008421223611908		0.0016086241058816		0.0026024115331279		0.0024769986157198	0.0013270941205971	0.0007813906467206	0.0003665179658211	0.0015362416494201	0.0009373386207391	0.002822875096664	0.0033307199525452	0.0004598758812305	0.0046739880844017	0.0024596985760196	0.0017756172615504	0.0042021580863145		0.0004740766038354	0.0005233804482772	0.0015896289248895	0.0018305396799959	0.0034340560103042	0.0008777202241567	0.0038410053723258		0.0019408429299467		0.0003246650058061						0.0010064953498572	0.0008700552174109
Streptococcus sp. FDAARGOS_192	Streptococcus	Streptococcaceae	Lactobacillales	Bacilli	Firmicutes	Bacteria																																																																																					0.001768517630843											
Streptococcus sp. FDAARGOS_520	Streptococcus	Streptococcaceae	Lactobacillales	Bacilli	Firmicutes	Bacteria																																	0.0001339598232317																																																															
Streptococcus sp. I-G2	Streptococcus	Streptococcaceae	Lactobacillales	Bacilli	Firmicutes	Bacteria		0.0011661667295575	0.0014388318167545	0.0004471832053776				0.0011955331105644	0.0003151276779409			0.0013759896312608		0.002784073565978	0.0005159505282698	0.0007552357592435	0.000816762713721		0.0014607152001504	0.0003966223885889	0.0008063644751598			0.0006537438333328			0.0005419396941217		0.0002619322601137	0.0015612830549912	0.0011636979941071		0.0004850760082275	0.0029463754529684	0.0005007301110348	0.000985110376303	0.0001917109937916	0.0011059077779755	0.0015916716427335	0.0013730947132282	0.0002445566620894			0.0002123717701167	0.0010604543152031	0.000441457396283	0.0012003559878248				0.0003359195864654		0.0007170402270347	0.0007399881240533			0.0010427489718044	0.0009373604246552	0.000377247313238		0.00178328771805		0.000421778715873		0.0023204639932476		0.0004116244524166		0.0003613856879922		0.0009084512006129	0.0006017843322781	0.0004627402393847	0.0016919342616411	0.0022295354958704	0.0007227093042729							0.0009618706061909	0.0005300434577766	0.0019145643693274		0.0010081428366572									
Streptococcus sp. I-P16	Streptococcus	Streptococcaceae	Lactobacillales	Bacilli	Firmicutes	Bacteria		0.0011182081100561	0.0007520327356984		0.0002599591146726			0.0004994354728945	0.0002105199352724			0.0005168803134999		0.0017452974385006	0.0003192950839756	0.0006585047986987			0.0007340202517723		0.0003329485404624						0.0002492613687957			0.0006947823867556	0.0010257602083338		0.0002050018823207	0.0028521513219398			0.0003849483660208	0.000457245914314	0.0008456578642657	0.0006230943482491				0.000277646990378	0.0004508708066753								0.0009548053739339	0.0006390719163825			0.0004100014411926	0.0004219670872838			0.0016605550045136				0.0015834921653432		0.0002380628523252		0.0002936023190272		0.0003668354797586	0.0003452957513288	0.0003011851585141	0.0010507252704671	0.0032562168952064				0.0001575832071381					0.000256034676584			0.0010899142211532									
Streptococcus sp. LPB0220	Streptococcus	Streptococcaceae	Lactobacillales	Bacilli	Firmicutes	Bacteria		0.0008912190902547	0.0005351071941442	0.0006408552712265	0.0002742199837681		0.0003947475357587	0.000755207154727	0.0002383490249514			0.0006882121915072		0.0011676701911064	0.0004211842773622	0.0005874829203885			0.0007147725250973	0.0007301657970874	0.0007263493551879			0.0003697514776608			0.0005662278557321		0.0003209499999535	0.0010787887771283	0.000707630234857		0.0004526724328508	0.0013777301849347	0.0005769038610922	0.0006964780934604	0.0006257456708581	0.0006544921796598	0.0007047596228197	0.0006169777837608	0.0004869385532191				0.0008089365650797	0.0003478151194598			0.0001701150289553		0.0006127704383498		0.0003617460425314	0.0006307300662046			0.0009421751853706	0.0007152379629951	0.0002819752923269		0.0009354475814522		0.0004526100471957		0.0006814383601324		0.000653632146829		0.0005008467042979		0.0006765029322888	0.0005265648306896	0.0004774268995643		0.0011282141399878	0.001014155619049								0.0003193058291201			0.0006143977694766									
Streptococcus suis	Streptococcus	Streptococcaceae	Lactobacillales	Bacilli	Firmicutes	Bacteria		0.0051145727047445	0.0058145851119288	0.0040315619420501	0.0041670933697613		0.0025653590298502	0.0059902260832862	0.0021589081999222	0.0019349958391547		0.0062960994009055		0.0078896381395727	0.0034075690218166	0.0047820126568491	0.0043804295305942		0.00811449940568	0.0047174559436316	0.005524332527503	0.0091870040578138	0.0096200223567832	0.0041200732161157	0.0068208679729186	0.0063105499062711	0.0069924542096001	0.0015154492610098	0.001815718060358	0.0061358554216842	0.0064714352107346	0.0059919282556368	0.0029996812680412	0.0092864582807869	0.0033198441367684	0.0061576251931874	0.0028945203094342	0.004528653137632	0.0052244941983277	0.0072231747331817	0.0045860954281037			0.002254412109311	0.0052443492616206	0.0033914182864763	0.0069601505500722		0.0008042181840217		0.0035197867853693	0.0003125204803009	0.0042777010689719	0.0046746243892499	0.0005709262797879		0.0052112795979343	0.0064004496281742	0.0024881176994321		0.0113832517350104		0.0048724055123685		0.0110368329938764	0.0016648707474542	0.0035357674652048		0.0043595754922277	0.0006059350665738	0.0045076086365524	0.0039356183788291	0.002935997748512	0.0062483177449047	0.0133353857523443	0.0046987353072159	0.0047919963984871		0.0009911384259275	0.0008860180681729	0.0014777662033863	0.0018403379234478	0.0054701048622391	0.0018787467168909	0.0072381629127538		0.0068513970697952		0.0009410545394523			0.0002463824241442			0.0011029693426966	0.000857403835574
Streptococcus tangierensis	Streptococcus	Streptococcaceae	Lactobacillales	Bacilli	Firmicutes	Bacteria																					0.0002025895509587						0.0002262682459057				0.0002232253374553																																																						0.0014970059880618											
Streptococcus thermophilus	Streptococcus	Streptococcaceae	Lactobacillales	Bacilli	Firmicutes	Bacteria				0.0003806683734266	0.0004840818138673			0.000335969392811	0.0001403978754605			0.0003640065639166			0.0002060860193646	0.0002522792640358			0.0003765418965123	0.0003973054024885						0.0006485249521721	0.000493318527292				0.0001916358801176		0.0003887414253904	0.0002567760143797			0.0002789183712203				0.0002602654163082			0.0002453300652568	0.000149273008944	0.0003561409487988					0.0004917566186435			0.0002386954638992				0.000276261661007			0.0003813417294493					0.0002262197289953	0.0001886430223474		0.0002473164046241			0.0005466570320183	0.000307470753672		0.0002749970600728				0.0001808453322457																	
Streptococcus uberis	Streptococcus	Streptococcaceae	Lactobacillales	Bacilli	Firmicutes	Bacteria		0.0005799530040167	0.0007426692899074	0.0004081003616731	0.0010036869420296			0.000469285395902	0.00021342048405			0.0004387270733675		0.0008190585746443		0.0003847350604733					0.0016022422905399			0.001399428971323		0.0007138834644196	0.0002543050627299	0.0002286992702883		0.0003332730316247	0.0007224974571339		0.0003549326022408	0.0005972876298213		0.0006833948952608		0.0006305871776259	0.00104386667355	0.0005005138765196	0.0002179891077678			0.0003614591415569	0.0005890401853691				0.0001909678475434		0.0002659183508189		0.0001063582211132	0.0002596555824315				0.0003470959920829	0.0001804066090343		0.0002712605893197		0.0004690791770717		0.0004269182729442	0.0002496511942323	0.0003741379258966		0.0001775715971706		0.0008236350833758	0.0004220430548876			0.0010036722006352	0.000788806145			0.0001585323051155				0.0007784366071834													
Streptococcus urinalis	Streptococcus	Streptococcaceae	Lactobacillales	Bacilli	Firmicutes	Bacteria		0.0010142025991113	0.0007646094865928	0.0012064957955235	0.0005633087627256		0.0009216881533792	0.0011968264337309	0.0001689235638478			0.0014427048374183		0.0010873571791175	0.0005593278799933	0.0006870164001933	0.0014952256063286		0.0014189019539669	0.0010794222770397	0.0022223764749133			0.0021966253845428		0.0014229995041683	0.0009325808072404	0.0004263695475732	0.0003110064962899	0.0012092617488804	0.0013151437249886	0.0010357199260477	0.0006972973563622	0.0006077790676093	0.0006449936649617	0.0018477696109983	0.0005323445835494	0.0010763286061097	0.0012114454401474	0.0018164987812663	0.0019714881082878			0.0002683200329177	0.0012650172078591	0.0006006805152776	0.0011560293928774		0.0001783020471991		0.0008420509044048			0.0004867733885029			0.0009831312231202	0.0011071612980853	0.0003757904175815		0.0008687325636252		0.0012504753153204		0.0010566166265674	0.0002267572635982	0.0008189988837114		0.0008815010615537	0.0002532316702273	0.0015790713135251	0.0007481652209175	0.0002470786255684	0.0010693651840886	0.0017099710945451	0.0011255035628292	0.0011723225521984		0.0001596101811268					0.0002053551211105			0.0014813733885726									
Streptococcus ursoris	Streptococcus	Streptococcaceae	Lactobacillales	Bacilli	Firmicutes	Bacteria		0.0002033686484944						0.0003534516043124				0.0007578729437832		0.0008830443733593	0.0004461189150616	0.0002605381503381			0.0005268869658936		0.0001864677726476									0.0006769710576846	0.000631274555254			0.0009127365023357		0.0006558232423455		0.000370957322559	0.0004060858371595	0.0005104046739211	0.0002277641865082				0.0006497171235253	0.0004543052858117								0.0003174296536944			0.0006426424987691	0.0005892870860921		0.002127659574468	0.0013465988378889						0.0005828397165794		0.0002674803960318				0.0023865446268342		0.0015023464352849																					
Streptococcus viridans	Streptococcus	Streptococcaceae	Lactobacillales	Bacilli	Firmicutes	Bacteria		0.0004770985189092	0.0006847332590389	0.0003514861210983	0.000311131654473			0.0004471822816801				0.0006219871860617		0.0007849095799924	0.0003406109999702				0.0005022949572141	0.0005072459490642	0.0001762143823168						0.0003834418081115		0.0003164034167759	0.0006224494839939	0.0010716832267684		0.0004128095940454	0.0005779621402518		0.0004630475113156	0.0002464832053496	0.0008602646840059	0.0006021657018053	0.0004033764787979	0.0004400325184124			0.000257508721091	0.0005538721043162						0.0002474439992948		0.0002736837589419	0.0003112328717357				0.0006977878430951	0.0002742942382121		0.0005542639646971		0.0007227155487341				0.0002599342087501		0.0004761715555698		0.0005055781984376		0.0004430922694103		0.0006192164694106									0.0003654271258405			0.0009610300527217									
Subdoligranulum variabile	Subdoligranulum	Ruminococcaceae	Clostridiales	Clostridia	Firmicutes	Bacteria																																													0.0001587325748539																																																			
Succinivibrio dextrinosolvens	Succinivibrio	Succinivibrionaceae	Aeromonadales	Gammaproteobacteria	Proteobacteria	Bacteria			0.0003615410688057																											0.000501429071735	0.0011529079098469					0.0014859230248398				0.0002724647158193	0.0002332944406183				0.0008564420939981						0.0002754164885713							0.0003633311253027																	0.0002065902282822																					
Sulfuritalea hydrogenivorans	Sulfuritalea	Sterolibacteriaceae	Nitrosomonadales	Betaproteobacteria	Proteobacteria	Bacteria																																																																0.0011111114088564																																
Sulfurivermis fontis	Sulfurivermis	Thioalkalispiraceae	Chromatiales	Gammaproteobacteria	Proteobacteria	Bacteria											0.0679611650485436																																																																			0.0238095238095238								0.0064724919093851		0.0248226950354609								
Sutterella massiliensis	Sutterella	Sutterellaceae	Burkholderiales	Betaproteobacteria	Proteobacteria	Bacteria			0.000293735493569																										0.0004149721968628											0.0003269576589831										0.0011456940996753										0.002127659574468																																				
Synechococcus sp. PCC 7502	Synechococcus	Synechococcaceae	Synechococcales		Cyanobacteria	Bacteria																																																														0.0037211610022326																																		
Syntrophococcus sucromutans	Syntrophococcus	Lachnospiraceae	Clostridiales	Clostridia	Firmicutes	Bacteria		0.0001705554159873	0.0003053046263218				0.0002558600668179	0.0005062520099108				0.000204851053548		0.0003942708202737	0.0021788273535858	0.0003766542165258			0.0002565086925921	0.000415349586455	0.0005745506122146			0.0004311699553814					0.0002471165822492					0.0002772373178608		0.0012752481409362	0.0004101626362259	0.000413787255543	0.0002177372556634	0.0002914393465114	0.0008817310500792	0.0011428571430111			0.0002179887228765	0.0009225804989856			0.0004257066452594		0.0002621551799706		0.0003257023373969	0.000522202382239				0.0002085048973459	0.0024198557518876	0.0021276595744684	0.0004814598884237		0.0007167353166262	0.0013324759680546			0.0005031411861444		0.0016297085637746		0.0004403193684036		0.0007284648472637	0.0012815880900839	0.0002365435830808	0.0008287200611602											0.001254929363071					0.0001497443466178			0.0009935709093021	0.0002344500874574
Tannerella forsythia	Tannerella	Tannerellaceae	Bacteroidales	Bacteroidia	Bacteroidetes	Bacteria			0.000395638980587				0.0007748560620502					0.0002547967835989			0.0005040248017244	0.0006220169141072													0.0007737751735985		0.0002465257786836		0.0002385753091036	0.0003376639223425	0.00050222952381		0.0007452700946601			0.000349569695175	0.0002603570702932			0.0005059458217496	0.0003926618715461	0.000293066838555							0.0003058870659577		0.0008000691645758				0.0002316618858695		0.0002296825506515							0.000358302292801	0.0002677536261683	0.0003097184491766										0.0008598358732879				0.0002092115350635					0.000642696832458							
Tepidibaculum saccharolyticum	Tepidibaculum	Ruminococcaceae	Clostridiales	Clostridia	Firmicutes	Bacteria		0.0001757263012148	0.0002537605326319						0.0002289527465982			0.0003416049103289			0.0003361502426509	0.0003675023093751											0.0001473669339932	0.0003937443835769	0.0003182562326972	0.0003261964880484							0.0003044965756005		0.0001657307777605	0.0002025866945713					0.0006287913028078	0.0002446887936202						0.0001812858260696		0.0002046102210248				0.0003482630469851	0.0003318271588139								0.0002144880648189		0.0003671567451297	0.0004917167274779		0.0002019724926641							0.0003487564542869	0.0002999381244009				0.000289661309162								0.0001687622926355			0.0004500631512	0.000347944188639
Terrisporobacter glycolicus	Terrisporobacter	Peptostreptococcaceae	Clostridiales	Clostridia	Firmicutes	Bacteria		0.0006331697103532	0.0006686528020359	0.000300468362108	0.0014102074014038		0.0003778558938716	0.0005243284745066	0.0010262849498187	0.0017956556341162		0.0004092616894782		0.0010234446106019	0.0002098882497316	0.0007584171657659				0.0003501486934617	0.0013024835593342			0.0014332200726591	0.0033418911362173		0.0001668737470055	0.0004045693097108	0.0001471752463568		0.0002543722866061	0.0009418868410083	0.0004449183722833	0.0002537991182978	0.0008150115997345	0.0005481602555424	0.0001744939161741	0.0004196613366883	0.0009169924884743	0.0003203665429153	0.0002661843530655			0.0005960484491594	0.0005590876795911				0.000757684748409		0.0001349646743036		0.0007321792511125	0.000845886604924				0.0002006208844001	0.0010788384763068		0.0003740277157916		0.0008537180303006		0.0010894509116842	0.0008852947566447	0.0002990530366933		0.0003032768781619	0.000616725249671	0.0007135287061806	0.000564566234801			0.0008102676704348	0.0009843380856216			0.0007309645485822	0.0003041154447667	0.0015515163383886		0.0011375384902792	0.0002535763667082					0.0002497518720758			0.0003820063906185			0.0008592552382633	0.0007059168258464
Terrisporobacter mayombei	Terrisporobacter	Peptostreptococcaceae	Clostridiales	Clostridia	Firmicutes	Bacteria		0.051107992215881	0.0535183515734388	0.0223518485505598	0.0707453032015098	0.0169082125603864	0.0502530541844346	0.0264821486442692	0.0976695491585841	0.1551144555328103		0.024373809231203		0.1001667777405019	0.0315465508523264	0.0940084917867014	0.0342293931226348	0.0485544218376108	0.0189733373476815	0.0234201558002371	0.0736659487512854	0.0472903512413609	0.0981675110672768	0.0482827772367123	0.0445782488205974	0.0183447736652001	0.0133571021103451	0.0526384736853858	0.0222840876751231	0.0291283517076197	0.0201485440748288	0.071347784256697	0.0765024080034125	0.0962611715154061	0.1332369313389848	0.0455320720298555	0.0260335176798032	0.0388936141851615	0.0586116605571482	0.0380726926731675	0.0419006623944687	0.0149707898101064	0.010016694490818	0.1208252252968576	0.0680177104131204	0.0114384929808248	0.0117545940085912	0.0333333948853753	0.1786446861553362	0.0578025152444427	0.0111191841342394	0.0047949212631975	0.1097997226863141	0.0953351789780608	0.0369386495188413	0.1534021239145351	0.0128904492294782	0.0176873400620234	0.1119726756676999	0.0673077405521233	0.0274745861172139	0.0438952764137571	0.0689381773508814	0.0255528290909773	0.0983339733569312	0.091884801525921	0.0450254672895305	0.0073030567428552	0.0261668107850432	0.0905281543213693	0.0738878990449426	0.0630667215179223	0.0185380245462341	0.0479277665443403	0.0608975244921404	0.0731410902938318	0.0741755844760909	0.0952380952380952	0.0878732300966931	0.0399217569410116	0.1594840734147436	0.0711385919139297	0.1199149432979655	0.0268688308967289	0.0817753288218817	0.0498381877022653	0.0366792974413199		0.0410375464065252		0.027932041944667	0.0669928936140156	0.048483946405297	0.0974654777698237	0.122483263418963	0.1405961754668825
Terrisporobacter petrolearius	Terrisporobacter	Peptostreptococcaceae	Clostridiales	Clostridia	Firmicutes	Bacteria					0.0004445225865375																0.0014514690156382			0.0020625242946535	0.0084029978361502						0.0001880054367692		0.0002081626675796			0.0004979396225967			0.0004969377651922					0.0002795072260348					0.0001685900603568				0.0002535416058804	0.0001029846363516																0.0002113433547824					0.0004648635909702				0.0001469039893369													0.0001534276849579				
Thauera hydrothermalis	Thauera	Zoogloeaceae	Rhodocyclales	Betaproteobacteria	Proteobacteria	Bacteria																																																																0.005424563732655																																
Thermobrachium celere	Thermobrachium	Clostridiaceae	Clostridiales	Clostridia	Firmicutes	Bacteria																																																																																						0.0064724919093851										
Thermoclostridium stercorarium	Thermoclostridium	Hungateiclostridiaceae	Clostridiales	Clostridia	Firmicutes	Bacteria																0.000255050970969													0.0001928611925391																																																																			
Thermodesulfobium narugense	Thermodesulfobium	Thermodesulfobiaceae	Thermoanaerobacterales	Clostridia	Firmicutes	Bacteria																																										0.0011428571428571																																																						
Thermophagus xiamenensis	Thermophagus	Marinilabiliaceae	Marinilabiliales	Bacteroidia	Bacteroidetes	Bacteria																												0.0003026001272647					0.0003801788218335											0.000325217378525																																													0.0002877517041054							
Thermostilla marina	Thermostilla	Thermoguttaceae	Pirellulales	Planctomycetia	Planctomycetes	Bacteria				0.0007695780994004	0.0003817530978237				0.0007416466695961	0.0014576835492139																		0.0003170248278523	0.0002535904952204				0.0008694124650222		0.0017499172955486		0.0006092575715851				0.0004779318838089			0.0015844478616143					0.0013559217572838			0.0008495449595077		0.0002618877203292												0.0004486164454799			0.0003732731606512	0.0005951371955434		0.0006461644084566							0.0008407937382532	0.000469876780462				0.0003160488245787					0.0007898521164772							
Tidjanibacter massiliensis	Tidjanibacter	Rikenellaceae	Bacteroidales	Bacteroidia	Bacteroidetes	Bacteria					0.0002576276627033		0.0010273526082088		0.0007631293742209						0.0003213681072032	0.0005734151012503				0.0004542121744471							0.0006013242222006	0.0005217632005031	0.0005738355692564				0.0009280885899651		0.0009563111628694		0.0003994504258903			0.000341043094137	0.000376900744874			0.0010673251819388		0.0006500557210877			0.0004490773517665		0.0003928533640738		0.0002887167018465		0.0007498259926152			0.0001875634382333	0.0004494468940426	0.0021283259252828	0.0001712182505959					0.0004659504422913		0.0005916140220135	0.0004121754526626	0.0007784895097146		0.0008307491703249							0.0006519711148125	0.0005970694202977	0.0012060693074048			0.0004612357321945					0.0014108736144465			0.000512023867147			0.0006968708802384	0.0003693163418917
Treponema berlinense	Treponema	Spirochaetaceae	Spirochaetales	Spirochaetia	Spirochaetes	Bacteria		0.0006947931415281	0.0004255843887143	0.0005484479524137	0.0019655187338486		0.000948313306423	0.0004175520933957	0.0003746121773667	0.0016034725151884		0.0006989695608847		0.0005284176876986	0.0004743153150005	0.0008250764970722	0.0031314058787392		0.0005527196311178	0.0043805474189383						0.0017590970159893	0.0015466632594621	0.0010983964555541	0.0003434172714932	0.0022564487859902	0.0003701883002184	0.0021942396005479	0.0011316961415785	0.000354627710633			0.000471180114199		0.0002954141114808	0.000281692547459	0.0002680330446289			0.0016286228372502	0.0022790448938828	0.000620159094408	0.000828753913917		0.0003550425180966	0.0010017890649818	0.0008095703004482	0.0011813475133097	0.0007628647432955	0.0005555810621298			0.0011221189121762	0.0010433857464738	0.0006509727010532		0.0011357899614043		0.0008569393538391	0.01		0.0007240180244286	0.0009667793939512	0.0030133852222619	0.0005087059898326	0.0017678052548191		0.0014887814402143		0.0011152822222274	0.0006184099688385		0.001508887087346		0.0003408578202665	0.0004076313768105	0.0010111334901066			0.0002923254083975	0.0014970059880239				0.0013123625286235			0.0006458512499953			0.0007100733683554	0.0004522039949704
Treponema brennaborense	Treponema	Spirochaetaceae	Spirochaetales	Spirochaetia	Spirochaetes	Bacteria	0.0288808664259927	0.0065658299006928	0.0028391289127002	0.0046559904265807	0.0297060787890162		0.0080344148597121	0.0011934015839088	0.0033038570869397	0.0270203051622089		0.0039917679764673	0.0096450681626915	0.0029594733524913	0.0032661429605717	0.0032125988320919	0.0101792460549669	0.031250002362679	0.0034260508565341	0.0272108299717415	0.0004214426192373					0.0073783652575222	0.0037845141707338	0.0266760937021942	0.0038358277859316	0.0011696276223714	0.0005007012629104	0.0062335204904824	0.0023502073891261	0.0019854417468703	0.0030455253034776	0.0002169018449746	0.0060323924793953		0.0018969297962782	0.000623723037427	0.0016626773262571	0.0057137445541492	0.0125208681135225	0.0019295328138547	0.0030749112042678	0.0067694332325173	0.0076886212092016	0.0083333333333333	0.002543570855258	0.0090445837260488	0.0013232096605207	0.0044204164821216	0.0055947655561435	0.0040127194674039	0.0021547493706075		0.0006424518509639	0.0021265002507682	0.0041442404005983	0.0085106382978723	0.0062170294638337		0.0040449069544915		0.001220249765202	0.0051193721475532	0.010501831103195	0.0045956195252204	0.013459249576371	0.0623171815042639		0.0028528159751817	0.0004078901696177	0.0034282084277218	0.0009289038874262	0.0027239523624207	0.0058027420994914	0.0238095238095238	0.0029969774844564	0.0031671813923438	0.0044251989443138	0.0014277464886738		0.0005194106450268			0.0011879895465936		0.0098099852861022			0.0037522765966514	0.011693583936395	0.0333333333333333	0.0044985298750517	0.0010048417120273
Treponema bryantii	Treponema	Spirochaetaceae	Spirochaetales	Spirochaetia	Spirochaetes	Bacteria		0.0048865395721266	0.0022204687719143	0.0057910703288139	0.0201307740277882		0.0237124002510804	0.0013898301367255	0.0045493202987663	0.0202545410870951		0.003047960774784	0.018177296736616	0.0048980708004401	0.0044012192690867	0.0050007922088359	0.0126082129675017	0.046874997637321	0.0028123342532021	0.0276269851178445	0.0007627410511083	0.0125404530744336	0.0202122278725694	0.0006592105184971		0.0079248005771383	0.006301460574248	0.0132057840295174	0.0067907178306856	0.0032963784891522	0.0017941086572235	0.0090403936880143	0.0098894794753345	0.0023664334109454	0.0087323973090734	0.0012656014250535	0.0080278607347778	0.0011834407112933	0.0008838363578709	0.0051160312658247	0.00307056167344	0.013233586893299		0.0049548238824129	0.0036895287420752	0.004162778023063	0.0058716890998038		0.003868770900256	0.0063753979516789	0.0082116295571909	0.0104701792741302	0.0099559902124078	0.0098448548433967	0.0019683716031486		0.0026784091334007	0.0030598014307197	0.0064046357958411	0.0127666033773366	0.0054771324692421	0.0081825721238711	0.0067377705315205		0.0018816024105217	0.0121656026636608	0.0066969196459764	0.008856124396513	0.0113995352776707	0.0408270948601236	0.0047362601467322	0.0046675044122183	0.0006405412365227	0.0058855891076894	0.0032399525581245	0.0038569268043252	0.0107572698222012		0.0058237339791086	0.0120453548596684	0.0122383411723693	0.0018539730668976	0.0059475147789771	0.0039936289445031	0.0044910179640718		0.0012429130837033		0.015001953424454		0.0167597765363128	0.0082888946706093	0.0123026323704507		0.0047386761008893	0.0043204099156457
Treponema caldarium	Treponema	Spirochaetaceae	Spirochaetales	Spirochaetia	Spirochaetes	Bacteria																																																																						0.0002627378031129																										
Treponema lecithinolyticum	Treponema	Spirochaetaceae	Spirochaetales	Spirochaetia	Spirochaetes	Bacteria																																																																					0.0001353328951949	0.0003093516789985																										
Treponema maltophilum	Treponema	Spirochaetaceae	Spirochaetales	Spirochaetia	Spirochaetes	Bacteria					0.0004113904061988				0.0001552245578607							0.00029464353839												0.0005403071162974	0.000206176534016								0.0002568158055037																	0.0001456982810274													0.0001740958025663		0.0002699228793151	0.0008861356209157									0.0002010132672745										0.0005740114592262							
Treponema parvum	Treponema	Spirochaetaceae	Spirochaetales	Spirochaetia	Spirochaetes	Bacteria		0.0003607892250754	0.0003188116737966	0.0006219808837999	0.0038265955568215		0.0009314386465545	0.000260382730282	0.0005329728191057	0.0022754578749982		0.0004941662699943		0.0002482314547149	0.0007857302684419	0.0006142203029342	0.0030499827315944		0.0004175167769001	0.0043555789310451						0.0014414005741483	0.0019554241609144	0.0026063425363165	0.0021864081879035		0.000349824259953	0.0017059085661082	0.0013085674496021	0.0005970821631003	0.0006851241350618		0.0053984483932352			0.0003729103467731	0.0003044311994654	0.0045714326799265		0.0013780319674762	0.0003068443214634	0.0007576571974537	0.0012181979086086	0.0083333333333333	0.0002557497878471		0.0001803570530982	0.0003231149232625	0.0015968850361167	0.0011424300756536				0.0001539305808377	0.0007482513056172		0.0009602314185807		0.0004396298174358			0.0013276306031888	0.0009939626662519	0.0015998298672266	0.0012810475551426	0.0048944974584047		0.0014889085418951					0.001110954600898		0.000619868166065	0.0010328010522107	0.001742650688876	0.0020723638995981		0.0001314130853673	0.0014970059880239		0.0010850389086756		0.003226772211759			0.0004224111354304	0.0018980266946329		0.0006287729186065	0.0011761871947925
Treponema pectinovorum	Treponema	Spirochaetaceae	Spirochaetales	Spirochaetia	Spirochaetes	Bacteria					0.0003057238935375															0.0003908356803656							0.0003140193338338	0.0003033737321391														0.0011428571428571																												0.0005741851472905		0.0002494001576775																								
Treponema porcinum	Treponema	Spirochaetaceae	Spirochaetales	Spirochaetia	Spirochaetes	Bacteria		0.0004895752261331		0.0011740580879898	0.0027580989397489		0.0008090738902796		0.0002362995938658	0.0019178610014448		0.0003022315790988		0.00031349817421	0.0004369269880926	0.0005227369416034	0.0019419231857405		0.0002766078851944	0.0033490345813823	0.0003313874574921					0.0012695211204436	0.0005955405527964	0.001756275616769	0.0010278260876927		0.0004230120546503	0.000939068124939	0.0010391478548329	0.0004535774827697	0.000448679571846	0.0003430909444776	0.000866171623427			0.0004814992850329	0.0002966077085892	0.0068772864655324		0.0003823960719834	0.0002654144425839	0.0004929572810265	0.0009843967574413		0.0002144482934825		0.0012940701303896	0.0013243260838576	0.0011236155555914	0.0008196552723748				0.0001987008027871	0.0007140967601467		0.0009768215163583		0.000846185691155			0.0017082891132712	0.0006394888419505	0.0010341948573809	0.0012295898515949	0.0029519219411773	0.0006426422270101	0.0005577939489148			0.0003963332474106		0.001232843900832		0.0003908399140964	0.0010566108484437	0.0007505001739935			0.0004502725006024					0.0010667745706816			0.0012333215202857			0.0004487291728797	0.0007993993052052
Treponema rectale	Treponema	Spirochaetaceae	Spirochaetales	Spirochaetia	Spirochaetes	Bacteria		0.0002712931187328		0.0003070170994695	0.0005869494837347												0.0008133612173056			0.0014078294869803							0.0002894710280274	0.0002734349455767	0.0001524887492083		0.0002433251196343		0.0003385448053985			0.0002353091770372	0.0002821254076997			0.0002962292472744	0.0002332558385791	0.0022995248093464		0.000263720407184							0.000225361726371	0.0003194069461005	0.0002340570372724	0.0003935843039706							0.0002094872868891					0.0006504277270762		0.0003488448479991	0.0001485314544211	0.0002950972549493														0.0001379621772501								0.0004807264117508				
Treponema ruminis	Treponema	Spirochaetaceae	Spirochaetales	Spirochaetia	Spirochaetes	Bacteria					0.0001949126078224															0.0004824464365517													0.0001699009665116				0.0001645624313501															0.0002434661189928																																												
Treponema socranskii	Treponema	Spirochaetaceae	Spirochaetales	Spirochaetia	Spirochaetes	Bacteria				0.0013343252101315	0.0022520939458012		0.0003575986233055		0.0002752653467596						0.0003419796497775		0.001586601446544			0.0030767399008674						0.000895243378147	0.0004419729933618	0.0012909395372591	0.00035284240559				0.0021141656314267				0.0004461456371926			0.0003214096566806	0.0002333992318241	0.0022857142857142		0.0006854139942247		0.0002735961487336					0.0005009469059301	0.001020981057951	0.0005779418882944	0.0003995511214609					0.0005134973379466		0.0004248994935112		0.0004629897829404			0.0015388701216679	0.0002924058141532	0.000753415232803	0.0003719105467003	0.0013774685546752	0.0005597208661038	0.0005644332395065							0.0002533734654043	0.0004675389275623	0.0007686574497482			0.0002148116963348					0.0006734476211688			0.0007619495414811			0.0003121074815678	0.0004880832235923
Treponema sp. OMZ 838	Treponema	Spirochaetaceae	Spirochaetales	Spirochaetia	Spirochaetes	Bacteria																																																																						0.0002850799581026																										
Treponema succinifaciens	Treponema	Spirochaetaceae	Spirochaetales	Spirochaetia	Spirochaetes	Bacteria		0.0004458116622431	0.0004974501511526	0.0022951012417317	0.0065361934371581		0.0005962348802621		0.0001895286297235			0.0001777113279603		0.0005210562095911	0.0005305617544267	0.0003246567170766	0.0036989110091437			0.0074707153659323						0.0024573610801262	0.0010498407231151	0.0023827220118493	0.0007392934753537		0.000747655864802	0.0012768091761616	0.0037109564699572			0.0002910875790814	0.000726654290284			0.0011457224003155	0.0003386215637038	0.0050187103117815		0.0010059292003508	0.0003590457648258						0.001334238973633	0.0025545061139955	0.0018076440127027	0.0011983664903232					0.000709171136636		0.0010464709146383	0.0094309232866969	0.0006943133561245			0.0050388858479673	0.0003670612215269	0.0013256124100368	0.0004463463272635	0.0010657621044724	0.0008907970604803	0.0006901920371134	0.000294461503841				0.0013085800266027		0.0002937515002581	0.0010831081034983	0.0015149278948218		0.0012018662800046	0.0004310263429458		0.0110032362459546			0.0004779221161207			0.0026406149045675	0.001447713903706		0.0007975277254922	0.0013876395327649
Treponema zuelzerae	Treponema	Spirochaetaceae	Spirochaetales	Spirochaetia	Spirochaetes	Bacteria																																																																		0.0002052626269183																														
Trichococcus flocculiformis	Trichococcus	Carnobacteriaceae	Lactobacillales	Bacilli	Firmicutes	Bacteria																																																																																					0.0014970059880239											
Turicibacter sanguinis	Turicibacter	Erysipelotrichaceae	Erysipelotrichales	Erysipelotrichia	Firmicutes	Bacteria									0.0002072545663754																																			0.0002137544713554					0.000341585863107				0.0002438569337499	0.0001688014752912					0.0003207440281985																																					
Turicibacter sp. H121	Turicibacter	Erysipelotrichaceae	Erysipelotrichales	Erysipelotrichia	Firmicutes	Bacteria		0.0005697611015426			0.0004895998475807		0.0008392248693935		0.0013091774956068	0.001657275439089		0.0001668251505724		0.0004162214663635	0.0003196710380966	0.0014629589151886					0.0018415255020346			0.0012881854988205						0.0002757859900717	0.0010105994081162		0.0009431342199722	0.0011617187761676	0.0020750728122234	0.0012066912073496	0.0002084543107235		0.0001799886395421	0.0007084138891377	0.0015551116951231			0.0019367972730211	0.0008415854387465				0.0027059035104196	0.0012093437706802	0.0003380112419774		0.0022106136779727	0.0024074007959987	0.0003149606299212				0.0027584492124463		0.000223164472216	0.0084346316050607	0.0007716049428552		0.0010459496496891	0.0003820348651642	0.0002831128500068		0.0002160177134525	0.0007475102526185	0.002549833266025	0.0003028949930304			0.0010052257530433	0.0009924648048189			0.0007662617355264		0.0012487105839517		0.0009721986818713		0.0029940119760479				0.0008071647355906						0.0025647835371325	0.0013166789193893
Vampirovibrio chlorellavorus	Vampirovibrio		Vampirovibrionales		Candidatus Melainabacteria	Bacteria		0.0005968471163552						0.0002982759663341	0.0007800647181276		0.0058252427184466	0.0005001060880994			0.0005887111757503						0.0003422257712302						0.0003766863540116	0.0001969631858029	0.0008153584426566	0.0003008574437145	0.0005122888136529			0.0005359264770049		0.0002466598150051	0.0003722398415747	0.0003381805884421	0.0001963647519621	0.0004359438023768				0.0009255576634296	0.0005168187518034	0.0006067104016516		0.0083333333333333				0.0004114216771798	0.0007346120080657	0.0003801921948255				0.0001431260940899	0.0002357563383624		0.0005578928803493	0.0069461672041677	0.0005015432098757	0.0055555555555555	0.0003967395224698	0.0002122361197577	0.0003197855913749	0.0006440291929888	0.0009309146288781	0.0003038651648974		0.0011149949043915	0.0009104382599047		0.0003098879066172				0.0003449221074043	0.0006544620988092		0.001284980011422		0.0002884663663792					0.0009294342598348			0.0002844237395745			0.0004581420554545	
[Bacteroides] pectinophilus			Clostridiales	Clostridia	Firmicutes	Bacteria		0.0032777931864573	0.0040712766219141	0.0053128174759627	0.0002280627096974			0.0057955579086078	0.0040870382441117			0.0036095196890429		0.0048118106395334	0.005996380090387	0.0005518599649344	0.0012774725239844		0.0034951225231126	0.0024015142130413	0.0017094913499791			0.0007955383924229		0.0009589010984409		0.0042053980144368	0.0064872898017752	0.0025585619846848	0.0030576752470186	0.0010889031747147	0.0001775051198022	0.0035729436239576		0.0016335754988083	0.0025315724886062	0.0044700509421433	0.0033824305610735	0.0023842106481497	0.0005381547871449			0.000541541634916	0.0026045468352474	0.0085728890494897	0.008220828823231			0.0018004983935549	0.0022146372849089	0.0003944365648405	0.0019508203940581	0.0032589924598228	0.0030827532284127		0.0061088112610864	0.0037611061253455	0.0026972497870728	0.0021276605640804	0.0052508142293594		0.0012567425601193		0.0012665490124339	0.0002409252229695	0.0023443251691228	0.0003254219943867	0.0082843310997165		0.0005617159756523	0.003513727249354	0.0111550214153922	0.002988479533968	0.0016168257698492	0.0016577485521153			0.0017669419482492	0.0003692615996158		0.0020488548097706		0.0265838774473935		0.0110032362459546	0.0008710263097164		0.0006029108153			0.0156087917562546	0.00222074184269		0.0032654249277265	
[Brevibacterium] frigoritolerans	Bacillus	Bacillaceae	Bacillales	Bacilli	Firmicutes	Bacteria																																																																																						0.0097087378640776										
[Clostridium] cellulosi		Ruminococcaceae	Clostridiales	Clostridia	Firmicutes	Bacteria		0.0001960902346737		0.0007127527240983	0.0003421637477698		0.0006580800482681	0.0002780274040198	0.0006400207465122	0.0011167628063488					0.0005060821974776	0.0003861900362215			0.0003218013753363	0.0005233939512102							0.000765573687679	0.0006810930035777	0.0007609624280669				0.0008473479381315		0.0007059965150631		0.0004403979069147			0.0006386044578382	0.0003412088995118			0.0009038184031881		0.0003262542836111			0.0011068016763699		0.0002415021899606	0.0002032471078772	0.0003797637854445	0.0005030438580369	0.0006444351199174				0.0003141000497294		0.0002390773983787		0.0005094813646762			0.0007934596366586	0.0004385857489128	0.000689929089702	0.0008542607402944	0.0014963838239075	0.0005158728769216	0.0009122059435469							0.0007483765950913	0.0013279149870377	0.0012551118315239	0.0009704370416875	0.001203363364569	0.0011136023479774					0.0011889760103829			0.0004140402529756	0.0015992591052281	0.0166666666666666	0.0005851819899247	0.0010949654436051
[Clostridium] colinum	Tyzzerella	Lachnospiraceae	Clostridiales	Clostridia	Firmicutes	Bacteria																																																																																					0.0014970059880239											
[Clostridium] dakarense	Romboutsia	Peptostreptococcaceae	Clostridiales	Clostridia	Firmicutes	Bacteria					0.0001798723717179				0.0002887431469059							0.0003283677704447																	0.0004565588170413	0.0004962829978524							0.000161479012204			0.0002993460361989	0.0001483637795527				0.0006078479841215				0.0003203269353774	0.0003394726025103					0.0004002465846679							0.0001637998130711				0.0003428726172883	0.0003274714706484								0.0003806199798893		0.0008256357280824								0.0002496671495214						0.0002939089719171	0.0003499226023199
[Clostridium] fimetarium	Lachnoclostridium	Lachnospiraceae	Clostridiales	Clostridia	Firmicutes	Bacteria		0.0004477895061244	0.0003885273466777	0.0004065055388826			0.0007954071727453	0.0005459300384343	0.0003666445687153			0.0004559328710889		0.0002482181247752	0.0010210541910296	0.0004470311994027	0.0011193230559615		0.0007722451037386	0.0003470121459518	0.0002283920678397						0.0004861048185724	0.0007625473391012	0.0011193688293842	0.0007195382967924	0.0002698844606256	0.0008645933855683	0.0005717276190887	0.0004913587015629	0.0007493897724334	0.0003012553851407	0.0007197833207051	0.0005025745610409	0.0002198188196321	0.0004976337287625	0.0005896041352841			0.0006949779346131	0.0005547619193476	0.0006629542329884	0.0012896302916801		0.000749866091583	0.0007789677720496	0.0002846831694741	0.0014130613370994	0.0012659614036884	0.001013493980674	0.000471121464206			0.0002549783429749	0.0006620873481833	0.002127660568273	0.000753849055683		0.0005993590015505		0.0006424346019902	0.0003593522377997	0.0012548670914654	0.0007712706012359	0.000693690983875	0.0006081811155181	0.0003562221819767	0.0006121306432148	0.0008714379438346		0.0002720478611112	0.0006631513983857			0.0004749149906617	0.0011472688289631				0.0006409118134534			0.0007598449807923		0.0005826182758533			0.0012848240781352			0.0006812222142946	0.000446849174242
[Clostridium] herbivorans	Lachnoclostridium	Lachnospiraceae	Clostridiales	Clostridia	Firmicutes	Bacteria			0.002232501063726				0.0005715330959678	0.0010190979397121		0.0081311288693478		0.0004889097429157		0.0012248414268948	0.0016870447511188	0.0002714005352936		0.015625		0.0004832574924371	0.0017163836429883						0.0004011420521664		0.0059108605803842		0.0088012103515479		0.00614755256374	0.0039159560731565		0.000543203203179	0.0031003937032566		0.00078205794695	0.0003626447057073	0.0012599084591735			0.000255414908132	0.0001727218637071	0.0004417127843866	0.0011637566349214	0.016666666666665	0.0039107338476327		0.00016040533275		0.0016666001926187	0.0018117660207926				0.0001546193895036	0.0014765366301554		0.0011854948892758	0.0074423220044653				0.0004511493003713	0.0003234881682989		0.0007851252233884	0.0026134917517838		0.0018565067152886	0.0153222582225767	0.0009492763155503		0.0006675773475305			0.0007801907725922	0.0008674961301384	0.0161619319230481	0.0361689365364589		0.00092035453462			0.0128196921326423		0.0010478366844536			0.001064758724666	0.0022430218298706	0.0333333333333333	0.0009640513549489	0.0021360410383949
[Clostridium] hylemonae	Lachnoclostridium	Lachnospiraceae	Clostridiales	Clostridia	Firmicutes	Bacteria		0.0007443091299915	0.0004921341175037	0.0007164666579701	0.0003651311008043		0.0010847067255417	0.000588027429254	0.0003842481289241			0.0008418872057618		0.0003389530114938	0.0009613673413296	0.0013696181669011	0.0010089762568185		0.0004193638057158	0.0006191868524959	0.000263658404465			0.0005316120853654		0.0007405539830329	0.0018669829172479	0.0010441545446307	0.0033105305088317	0.000486123593524	0.0006077993216698	0.0014975573850352	0.0007031260069531	0.0002849334413418	0.0008767643605014	0.0002726494607891	0.0016466280393594	0.0007656817240891	0.0003808229077366	0.000411558380458	0.0009387965941018	0.0011541357487392		0.0019113834312184	0.000314799543337	0.0008481944065369			0.0007232777147914	0.0024571597135371	0.0008678953794641	0.0006504771368114	0.0008558530598824	0.0008039594095275	0.0005509475643411			0.0002210432856994	0.0007763514383744		0.0005319272153562		0.001044227274319		0.0007367280982945	0.0002286922876533	0.0009271362715965	0.0024268582143101	0.0010736288105932	0.0006505944589281	0.0006312489237677	0.0007639275057857	0.0004504055248436		0.0003318573452915	0.0005826765437718			0.0004009743803423	0.0038684455265648				0.0003808226432157			0.0008973479764937		0.0015343204571018			0.0008769491912312			0.0009596826440959	0.0002154713245521
[Clostridium] leptum		Ruminococcaceae	Clostridiales	Clostridia	Firmicutes	Bacteria					0.0001704450006438				0.0001592766658051																			0.0002647292267143	0.0001696246258483				0.0002698545082997								0.0001980124337473	0.0011475750860697		0.0002631245911986					0.0002152798402007																	0.0002021933380226				0.0003890955403452									0.0002816431696552	0.0006078350709684				0.0001706734956139												0.0002569046384927
[Clostridium] methylpentosum		Ruminococcaceae	Clostridiales	Clostridia	Firmicutes	Bacteria		0.0006040322647547	0.0005314434005964	0.0008232775689085			0.0004817608357454	0.0016735300691313	0.0004065343294611			0.0010214663328881		0.0003456495524477	0.0007977293546008	0.0004836301567093			0.0008123302474721	0.0009706298212768	0.0005803234060519			0.0005049346020255		0.0008712146005568	0.0006511564379283	0.0005289388873513	0.0006092502737761	0.0005472531216043	0.000297650636088		0.000517963676217	0.0004770877012319	0.0007230036906426	0.0010745164997054	0.0006887201431545	0.0005439023191915	0.0002325746549124	0.0012875284602923	0.0012207199503145			0.0006392204849104	0.0005198947355945	0.0007139374258263	0.0010460979479086		0.0002617338322445		0.0010055535045553	0.0003028595689702	0.0006164110734824	0.0005440523251643	0.0010912760976716		0.0006009894510355	0.0005526093154767	0.0007384862313255		0.0011587004821283		0.000692693711469		0.001073682304351	0.0002811207526356	0.0007077363079302	0.0006916818262452	0.000890609366804	0.0005714549150706	0.000924606818102	0.0004475009918311			0.0007365559231214	0.000742737509636			0.0005867125052126	0.0009525516468527				0.000654830751815			0.0011342903641748		0.000665953277992			0.0006449320370946	0.0014961232935385		0.0006834215021974	0.0006300913713083
[Clostridium] polysaccharolyticum	Lachnoclostridium	Lachnospiraceae	Clostridiales	Clostridia	Firmicutes	Bacteria		0.0003735972074393	0.0017528830979434	0.0007542357565843			0.0010494886682108	0.0005747081199092	0.0003707583948555	0.0095152026974797		0.000445175250805		0.0025816029991652	0.0015294876492844	0.0009704345348113	0.0013076337610297		0.0010750387171122	0.0020219954236603	0.0003075223933618	0.0056636087311005					0.0004610189290082	0.0012567288219961	0.0032363939905404	0.000557443734723	0.014024165498651	0.001741185298751	0.0090984232872676	0.0018921584445673	0.0006051395402709	0.0005203806195188	0.0023270601285797		0.000537532260335	0.0009904076189078	0.0009451645061661			0.000862132723485	0.0004227636581347	0.000853304891921	0.0011216052172936		0.0048163942626598	0.0008892780478858	0.0003669779127872	0.0006678627190325	0.0080676331433937	0.0090234847470816	0.0009359794457472		0.0011678930300455	0.0003813031003095	0.0047954378696738		0.0049134146439559		0.0007334042604105			0.0020208575338929	0.0022066276248501	0.0005166174845801	0.0010263924281265	0.0025727794772701		0.0028081050947345	0.0896196078166273	0.0019955361105135	0.0007030409445007				0.0010154243747508	0.0038561771314981	0.005069550525664	0.0123756310286343	0.001944649932702	0.0060062913413219			0.0037221498080801		0.0010118473763999		0.0055866332324841	0.0072478668487344	0.01326544816044		0.0024811016852001	0.00560802019899
[Clostridium] populeti	Lachnoclostridium	Lachnospiraceae	Clostridiales	Clostridia	Firmicutes	Bacteria		0.0002255612932916	0.0003809096322979					0.0002842133297526		0.0020717636693599				0.000526447339795							0.0006583907717887			0.0004019382197955					0.0002254699594288		0.0008920563966857		0.0017359001754728			0.0002699978202039		0.0003470014743542	0.0008520717999898					0.0004300604919192	0.0002112695204946				0.001086468913966				0.0002579506134235	0.0003498943428113					0.0002205611496707		0.0002184722484226					0.0001742927221273		0.0003423534172027	0.0001496906960712	0.0005377909035963		0.0002587999691722	0.000896662699149		0.0002302697369381					0.0003188867771248	0.0009440068848791	0.0015688936156302										0.0002404198963755				0.0010126874553845
[Clostridium] scindens	Lachnoclostridium	Lachnospiraceae	Clostridiales	Clostridia	Firmicutes	Bacteria			0.0002313498778808											0.0002282384681025	0.0002174078736058				0.0004656318690115									0.0002130149565178	0.0002687756983864	0.0003071825738283	0.0001968068762014						0.0001818754388622				0.0002651749958512			0.0002990896431575		0.0002759861003641					0.0016146536504815	0.0004434814164954	0.0001680943867666	0.0001783911882689	0.0003775618490107			0.0001987953993048			0.0002756155168042					0.0003936589631655	0.0004391777733473	0.0003138043755364	0.0002938910212579				0.0004158597598474						0.0001617652455486	0.0004085703646168				0.000511827571735					0.0002807840722199			0.0002467458225529				
[Clostridium] viride		Ruminococcaceae	Clostridiales	Clostridia	Firmicutes	Bacteria		0.0004774557758982	0.0002718775582262	0.0014356031088741	0.0006940798302791		0.0012301764760253	0.0004023194549672	0.0009564090071225	0.0016316852896627		0.0004226036257392		0.0004316262129424	0.0005411982660187	0.0009288004640716	0.0014749284173035	0.0312500000000343	0.000692475030681	0.001157239767048	0.0001908181233229					0.0007637626045558	0.0008534212227183	0.0010147487687904	0.0011051383937651	0.0003245793495181	0.0002568922894209	0.0013583742580649	0.0010137860861862	0.000471840721017	0.0012496945758318		0.0010298469050767			0.000583761371153	0.0006654078305682			0.0016643365529492	0.0004666117472419	0.0008861828954982	0.0009327816802412		0.0015519418372967	0.0018339373852781	0.0007959668917642	0.0010700860805079	0.0007140601784041	0.0008352107470815	0.0013912547394113		0.0007430147953921	0.0002750953539627	0.0008259357793625	0.0021276603366394	0.0007421440406123		0.000922658626061		0.0005935653842421	0.0009288141605298	0.0009289302844543	0.0008267752676242	0.0012024578229434	0.001036540625909	0.0006741004482749	0.0012926131475652	0.0005847663432679				0.0013266049126223		0.0011543057205528	0.0019126097294713	0.0016684777692511	0.0011407210801558	0.0012596765515529	0.0020636225262412	0.001497006337667		0.000737274231279		0.0020255429477277			0.0008209142235926	0.0031954294491357		0.0007707404410915	0.0010846310245962
[Eubacterium] brachy		Clostridiales Family XIII. Incertae Sedis	Clostridiales	Clostridia	Firmicutes	Bacteria																																																																																				0.000239354778769								0.000175348387792				
[Eubacterium] infirmum		Clostridiales Family XIII. Incertae Sedis	Clostridiales	Clostridia	Firmicutes	Bacteria																																																																															0.0001505553966316																	
[Eubacterium] minutum		Clostridiales Family XIII. Incertae Sedis	Clostridiales	Clostridia	Firmicutes	Bacteria																															0.0002979457156871										0.0003842363829436										0.0002225880218538			0.0008673878465702					0.0005078084533857								0.000178292664143																													
[Eubacterium] nodatum		Clostridiales Family XIII. Incertae Sedis	Clostridiales	Clostridia	Firmicutes	Bacteria																																																						0.0001612813683577																																										
[Eubacterium] rectale		Lachnospiraceae	Clostridiales	Clostridia	Firmicutes	Bacteria		0.0031436530280494	0.0012677524211115	0.0022337081429112	0.0007390725501304		0.0008468317476338	0.0029523657172061	0.0010617850568446			0.0026305433417908		0.0018737921417775	0.0038025813140655	0.001388369307338	0.0010363467302403		0.0025007431383872	0.0017459284042666	0.0012877880356868			0.0011741471091108		0.0018953987740854	0.0013972008716021	0.0021990545664638	0.0015038006952136	0.0057113410290576	0.0003158372994524	0.0016404745294762	0.0007932589373937	0.0027814803193838	0.0008461417519082	0.0032850489211262	0.0018189687832661	0.0022669227540732	0.001752524884524	0.0010529351854656	0.0018748215221901	0.0011428575303271		0.0009169116058362	0.0034289418611025	0.0034112213930479	0.0026800062361596		0.0012209296272366	0.0018356322961255	0.0021051310908149	0.001414051167397	0.0011464847892167	0.0015492189958654	0.0017262482021589		0.0040802717659611	0.0025328533509579	0.0017542089064974		0.001608635064294		0.0014179043956715		0.0013774900300329	0.0007765227157117	0.002869769431959	0.0023818775463826	0.001338642798532	0.0014036964291956	0.0012336335143651	0.0022488815264809	0.0016348348875777	0.0016480220686756	0.0016026281359001	0.0018851489943907	0.0012332794914542		0.0011357108332445	0.0019380908812599	0.0018311621330584	0.0013043996388686	0.0015881494994635	0.0038707058366392			0.0013356146866021		0.0010260016485566			0.0032036542689723	0.0018594582290299		0.0016311042804693	0.001418616431291
[Eubacterium] siraeum		Ruminococcaceae	Clostridiales	Clostridia	Firmicutes	Bacteria		0.0047345658953562	0.0033919208972079	0.0041456642962988	0.0030848773510532		0.0039974320901486	0.0042520796599157	0.0024860293108676			0.0056925602596052		0.000828663015729	0.004987942412042	0.0032875122217567	0.0052634246497197		0.0020699112355271	0.0044691547843071	0.0005519161314789	0.0072600693617681		0.0003408397950089		0.00315105959302	0.0042004358911737	0.0044626883910683	0.0035298470610883	0.0035477175653031	0.0005047871119109	0.0057148682172034	0.0007407470604538	0.0026321709207113	0.0039672086197359	0.0011191779599439	0.0056921752751838	0.0014623763707695	0.001982442700432	0.0021884746599294	0.0025125595883879	0.0068261786264485		0.0038185292534574	0.0031665904751385	0.0031429046725868	0.0070451162627252			0.0022329281879398	0.0019828535160342	0.0032563282909555	0.0024667626342467	0.0031522641520341	0.0032376486302385		0.0031997683172867	0.001383684475729	0.0023833428979384	0.0021334449399673	0.0032620762275531		0.0024456080762259		0.0009526758650794	0.0035935641966481	0.0032578103510734	0.0065596163234543	0.0029284015808802	0.0036785505960126	0.003004628282326	0.0026658711185318	0.0018658651374595	0.0011918951132281	0.0010098075465939	0.0017460577986705	0.0044898852704644		0.0022812290674697	0.0033957812058658	0.0013029895818133	0.0012003287718396	0.0012582982233015	0.0018751526295968	0.0014970059880239		0.0014239543540143		0.0089807868995977		0.0055865921787709	0.0065881783533494	0.0054241074027729		0.0035936496550136	0.0014354008300482
[Eubacterium] sulci		Clostridiales Family XIII. Incertae Sedis	Clostridiales	Clostridia	Firmicutes	Bacteria		0.0003787184868566	0.0006201707041749	0.0013338920916173	0.0004522652849371		0.0011149678233755	0.0002291256046703	0.0013388894963644			0.0003367727660996		0.0008534702155771	0.0005062561156842	0.0004357727163767	0.0010425288025493		0.0004061209344859	0.0004513991732603							0.0009556123687535	0.0009932177211066	0.0005664820055695			0.0010255131090251	0.0012596499227079	0.000521599391309	0.0014517699522069		0.0008901549150456		0.0003026676600986	0.0004917398077345	0.0006293706403522	0.0011428574321536		0.0014594645710697	0.0003187861264401	0.0007374317560992			0.0002974248033502	0.0027294677354387	0.0004904570825446	0.0006672696254845	0.0002988998137445	0.0003207456371064	0.0019110067725364			0.0002043857112846	0.0003124117037219		0.0002791679443597		0.0010415370717103			0.0005344416983074	0.0006291406592341	0.0012621537341147	0.0006654692405297	0.0004113991266585	0.0004715118546715	0.0009141446408916	0.0002491272232387	0.0009301761108589		0.0005239079891375			0.0012075373381914	0.0015708645272917	0.0010319911450183	0.0016860137085347		0.0014748282495952			0.0005957045373341		0.0017239642177997			0.0009237193534472			0.0003969828279174	0.00030332322573
[Eubacterium] tenue	Paeniclostridium	Peptostreptococcaceae	Clostridiales	Clostridia	Firmicutes	Bacteria		0.0006018458980739	0.0004949430365764	0.0005775536879253	0.0010456979209144		0.0014934533624235	0.0002780085773925	0.0021769477171089	0.003307952887959		0.0003315990036973		0.000810908272161	0.000656845810646	0.0018035679670224			0.0003436888136495	0.0007960701181234	0.0004689655655786			0.0003379270582288			0.0003378939055641	0.0012594261638027	0.0005872680365809			0.0012166575276593	0.0014893110480211	0.001562690125984	0.002964458931402	0.0003447188485536	0.0004416711388309		0.0002936965470206	0.0005476568337021	0.0005675476819794	0.002283354926379		0.0028851747625632	0.000722288825804	0.0004096288170334		0.0083333333333352	0.0029798864195635	0.0018894541199654	0.0002645735855626		0.0026947706114365	0.0018672614369461	0.0008980586989346			0.0001818825102527	0.0026558635661114		0.0007589752526758		0.0012566234991122		0.0010997640529793	0.0018621910504132	0.0009970277822897	0.0002945159314069	0.0004691936423432	0.0019845005806731	0.0011779849832564	0.0009256055397019	0.0006704395920367	0.0008860029333359	0.0004864276232691	0.0009094160076079	0.0026636033127349		0.0021795700635806	0.0011595122566757	0.0034225819598444	0.0017252661230652	0.0015130432962398	0.000864259634498	0.0014970391283255		0.0005463719937267		0.0012048372598679			0.0021546367243454	0.0016644350236658		0.0024077077758829	0.002129140667018
[Polyangium] brachysporum			Burkholderiales	Betaproteobacteria	Proteobacteria	Bacteria											0.0097087378640776																																																																			0.0238095238095238																		
[Ruminococcus] faecis	Mediterraneibacter	Lachnospiraceae	Clostridiales	Clostridia	Firmicutes	Bacteria																					0.0002363790316746																																					0.0001541629498266																																						
[Ruminococcus] gnavus	Mediterraneibacter	Lachnospiraceae	Clostridiales	Clostridia	Firmicutes	Bacteria	0.0145849204633519	0.0275698464127021	0.017781070417686	0.0342815599694725	0.0056516733312454		0.0172639219020457	0.0256605107283107	0.0169992463637968	0.00739188613748		0.0239551866710954	0.0645113095304831	0.01981904765545	0.0343973038945319	0.0169004310680053	0.0218601196341197		0.0279976107899551	0.0187304371900359	0.013074116349015	0.0407177584229453	0.0322175308604664	0.0095570194306195	0.0193951685530835	0.0235887575472012	0.0149498422448005	0.0345585084910625	0.0243369058991318	0.0317975376179599	0.0136860811207463	0.0199074239007793	0.016315395001729	0.0303386621005239	0.0125643504856624	0.0116971880270974	0.0259610521635009	0.0210449300537957	0.0209069859403306	0.0125843141215574	0.0135036661479004	0.0203489926511036		0.0258311590936677	0.0238075285513376	0.038313517884309	0.0287249719973855	0.0782386239108637	0.0127475392759675	0.0227892303364478	0.033597704993592	0.0709300055398521	0.0197239258173862	0.0195609117786866	0.0259975919642877		0.028464427810188	0.0182131913189368	0.0159510522130079	0.0143771897725391	0.0275487244761463	0.0132011886804708	0.0161316868103957	0.0257591841549117	0.0158925427288593	0.0119260533151278	0.0383741715464844	0.0266468654012583	0.0201320958331828	0.0089854461178601	0.0107802598602474	0.0257658492483918	0.0469619456815851	0.0186645567743172	0.0165936420512242	0.0234688877092591	0.017364784154466	0.047699048544623	0.0171218437256832	0.0278993497077231	0.0149589023932413	0.0240179115917688	0.0101178174403034	0.033150502259689	0.0134480982801397	0.0376481531540306	0.0243687910308677		0.0202896277429702		0.0188281119196438	0.0334340652989888	0.0240894721621159		0.0160057784214155	0.0139369744997154
[Ruminococcus] torques	Mediterraneibacter	Lachnospiraceae	Clostridiales	Clostridia	Firmicutes	Bacteria																																														0.0002468729899993																																						0.0001668210513169								0.0002028120242859				
unassigned							0.0	0.0	0.0	0.0	0.0	0.0	0.0	0.0	0.0	0.0	0.0	0.0	0.0	0.0	0.0	0.0	0.0	0.0	0.0	0.0	0.0	0.0	0.0	0.0	0.0	0.0	0.0	0.0	0.0	0.0	0.0	0.0	0.0	0.0	0.0	0.0	0.0	0.0	0.0	0.0	0.0	0.0	0.0	0.0	0.0	0.0	0.0	0.0	0.0	0.0	0.0	0.0	0.0	0.0	0.0	0.0	0.0	0.0	0.0	0.0	0.0	0.0	0.0	0.0	0.0	0.0	0.0	0.0	0.0	0.0	0.0	0.0	0.0	0.0	0.0	0.0	0.0	0.0	0.0	0.0	0.0	0.0	0.0	0.0	0.0	0.0	0.0	0.0	0.0	0.0	0.0	0.0	0.0	0.0	0.0	0.0
