genus	family	order	class	phylum	superkingdom	barcode64	barcode57	barcode56	barcode20	barcode86	barcode80	barcode70	barcode91	barcode02	barcode35	barcode96	barcode75	barcode45	barcode87	barcode32	barcode23	barcode38	barcode53	barcode58	barcode69	barcode76	barcode16	barcode49	barcode31	barcode44	barcode21	barcode66	barcode07	barcode14	barcode89	barcode27	barcode39	barcode81	barcode10	barcode24	barcode74	barcode59	barcode73	barcode88	barcode26	barcode12	barcode04	barcode01	barcode82	barcode25	barcode60	barcode13	barcode52	barcode84	barcode43	barcode09	barcode93	barcode77	barcode78	barcode30	barcode29	barcode71	barcode72	barcode63	barcode47	barcode15	barcode79	barcode55	barcode33	barcode11	barcode54	barcode92	barcode36	barcode61	barcode65	barcode08	barcode03	barcode94	barcode41	barcode90	barcode42	barcode40	barcode48	barcode83	barcode05	barcode19	barcode34	barcode22	barcode06	barcode50	barcode17	barcode28	barcode95	barcode18	barcode85	barcode46	barcode67	barcode37	barcode51	barcode62	barcode68
Abyssivirga	Lachnospiraceae	Clostridiales	Clostridia	Firmicutes	Bacteria							0.0004064150046047								0.0003285934361399												0.0002788254116005	0.0002357541409395					0.0002431326365808				0.0003563470664524							0.0003291487357788					0.0002500632368805			0.0003428243994416	0.0001145826924152	0.0001345331334355					0.0002603601724354		0.0002141009196505						0.0002964541762831		0.0002249371144274											0.0005452839391989				0.0002995690815753								0.0002082190620495				
Acetanaerobacterium	Ruminococcaceae	Clostridiales	Clostridia	Firmicutes	Bacteria				0.0003513830071593			0.0004533715339753		0.0002577799079087						0.0002359785024855					0.0004130506405695							0.0002090448014875	0.0003430953685739	0.000396540148941				0.0004339241885192		0.0004282720071211		0.0002662543864714							0.0006420015953785	0.0001652167220646							0.000465084020165	0.000137380133616	0.0001281574745606										0.0114115103798203				0.0004583336819381	0.0003032449363227	0.0003389267969144									0.0003995683873932	0.0005870380635048				0.0002429097250756					0.000882944225582			0.000219620336107				0.0003353788046391
Acetivibrio	Ruminococcaceae	Clostridiales	Clostridia	Firmicutes	Bacteria		0.0002516159257974					0.0004058026359263	0.0002206952444707	0.0004696743204537					0.0006906975581086	0.0003139988402636												0.0001722464510695			0.0003707405800282			0.0003203125292192	0.0005459172408735		0.0003902040227115	0.0002492098360962		0.0003114218838437	0.0002710621198956	0.0002550725104809			0.0005129317395679	0.000296300147333	0.0003388918310229					0.0003203819056193	0.0016392416940768		0.000161628705702			0.000621373305454	0.0002039091343953	0.0002157938333979	0.002127659574468	0.0001992750719629						0.0002050256825264	0.0003917173220863	0.0001829008034646		0.0003760742880578		0.0003508093460275						0.0003014971174805	0.0003381383705125				0.0002122848675543					0.0002994748046987						0.0004173457145663	0.0002002231718467
Acetoanaerobium	Peptostreptococcaceae	Clostridiales	Clostridia	Firmicutes	Bacteria																																																												0.002127659574468																																				
Acidaminococcus	Acidaminococcaceae	Acidaminococcales	Negativicutes	Firmicutes	Bacteria															0.0004957852296348																0.0002562532921429					0.0003498259311277					0.0003877133458303								0.0001961445970788					0.00019512014713					0.0004594235283192										0.0001617837242975																											
Acinetobacter	Moraxellaceae	Pseudomonadales	Gammaproteobacteria	Proteobacteria	Bacteria			0.0213923190562143													0.0028594200253953																					0.0015947090736458																																0.0004860398547417																				0.0006149825114348							
Acutalibacter	Ruminococcaceae	Clostridiales	Clostridia	Firmicutes	Bacteria			0.0008052371533328	0.0011687811671506	0.0002032987957703		0.0020252974223424	0.0005082519180264	0.0004866589440956	0.0012124183573543		0.0003024966929472		0.0002874573754762	0.0011431575757723	0.0009857202329592	0.0018838893825964		0.0004273166505907	0.0009691817457878						0.0007541876772225	0.0010156154239878	0.0008543650687946	0.0014705015491284			0.0016069450266325	0.0004205679452894		0.0009116429948619		0.0007117255240686		0.0003432178886493	0.0003467152861721	0.000701059686253			0.0004518916703195	0.0002220424757241	0.000955558984502	0.0019731411148572		0.0009486168293005	0.0011922199356671		0.0003067082142483	0.0004131325539988	0.0003306927308967	0.0014452679644992				0.0005350726552972		0.0006825497528758		0.0008813649787572		0.0005422458813753	0.0005552892494659	0.0004464976597947	0.0009535616776525	0.0006947072995695	0.0007022859941045		0.0003786165431553			0.0005359450595755				0.0006428816989429	0.0010250148454027			0.0006199265406764	0.0004446798234926			0.0007045882485088		0.0005070106017325			0.0003449043958821	0.0010988722044647		0.0004501414508904	0.0006794843532452
Adlercreutzia	Eggerthellaceae	Eggerthellales	Coriobacteriia	Actinobacteria	Bacteria														0.0003330406280452	0.0002301896037358													0.0002153545342037	0.0002083356776687				0.0002009856962567								0.0001877897075637			0.0004536616037293							0.0002378653551919	0.0002820907851017	0.0002723905960676	0.0001555161452012					0.0002516363025541		0.0002913751737339						0.0002153747314517		0.000229480920991				0.000725096597376						0.0001990663080814	0.0002473953840906									0.0002808359216565			0.0002466778189758				
Aerococcus	Aerococcaceae	Lactobacillales	Bacilli	Firmicutes	Bacteria																																					0.000372239828826																0.0001210642788694																																											
Agathobacter	Lachnospiraceae	Clostridiales	Clostridia	Firmicutes	Bacteria																																				0.0002394780148602																																																												
Agathobaculum	Ruminococcaceae	Clostridiales	Clostridia	Firmicutes	Bacteria		0.0002262758484586			0.0001877182122095				0.0003942473873073							0.0002604239242147											0.0001828396109709						0.0002021910021213											0.0003566644515694	0.0001731379033357	0.0002990867382552					0.0003434593072183							0.0001530043912571								0.0001866291963594													0.0002850708861546	0.0002830770184413				0.0002244275374823					0.0002608035657628							
Akkermansia	Akkermansiaceae	Verrucomicrobiales	Verrucomicrobiae	Verrucomicrobia	Bacteria		0.0058218227398665	0.0035041596310058	0.0002785334034209	0.000995577026652		0.0032501458340788002	0.00043747141522	0.0067088412538786005	0.0053792059899593		0.0010843634737474		0.0011240632805996	0.0027895773929661	0.0002881588864231	0.0008977522353381	0.015625	0.0010138813576498	0.0006416837782369	0.0004888939589003	0.0093042072303509		0.0007361164335736			0.0004491321607603	0.0006979782968775	0.0095167339487388	0.0017047674716861	0.0008395598664488	0.0009362621534029	0.0010437486847189	0.0004763795156808	0.0011523794657074		0.0020994410608216	0.0014537827143701	0.0009688143023206	0.0027181831147732	0.0172618379971015	0.0045714285714285			0.0018994286126798	0.0013304637057327	0.00199893390428		0.002347278185417	0.0057980316325801	0.0028388624743506	0.0006088730911005	0.0102684521608418	0.0048514822481714	0.0635601423209548		0.0004641696718677	0.0001431260940888	0.0042810181606691	0.0255319148936169	0.003874521291488		0.0020833333333329	0.0066666666666666	0.0040702389787129	0.006721256296105	0.0037765988567366997	0.0050917976211388005	0.0054954192974978	0.014874621144344	0.0027666302229969	0.0006057791329281	0.0081032596157643	0.0067044100119199	0.0009091696806411				0.009330298116583	0.0002844603381014	0.0028801400460566	0.0103512278881654	0.0032029288483596	0.0007399759983186		0.0071197411003236			0.0017104201720469		0.0055865921787709	0.0014468717884963001	0.0021868565893737		0.0040376850605905	0.009506850252961
Alistipes	Rikenellaceae	Bacteroidales	Bacteroidia	Bacteroidetes	Bacteria				0.0004324124775156	0.0006687409400898		0.0009817237365987		0.0006017081867092						0.0003124752006074	0.0003904449125635											0.0008490184344505	0.0004911926437591	0.0012086474185243				0.0016001608368957998		0.0007999779567093		0.0006045165283476				0.0002312505569239			0.0012015412892605					0.0006383697722336		0.0003190523229153		0.0002653027060256	0.0002123799200275					0.0007313172832142		0.0002020639290293		0.0004756255425166			0.0003966273410461		0.0011891426512319	0.0003867052048226	0.0020931567486479003		0.0007068186486202							0.0010526195822523998	0.000651630140294	0.0016317835517661			0.0005053258698461					0.0017836197209616			0.0006134204677011			0.0005802872490087	0.0004454827042501
Alkaliphilus	Clostridiaceae	Clostridiales	Clostridia	Firmicutes	Bacteria				0.0003617808266798			0.0004312150676868		0.0002846120547333																			0.0002322944724444	0.0002817679520131				0.000134823697702				0.0002225706446936							0.0006140285235842								0.0002355554905524	0.0002705555188131	0.0001762260429138							0.0001958083763694					0.0001792997807107			0.0001840938082057										0.0002607091242674	0.0003178320673202				0.0003093346052319					0.0003081667000131			0.0002210621368113				
Alkalitalea	Marinilabiliaceae	Marinilabiliales	Bacteroidia	Bacteroidetes	Bacteria									0.0002565615615255						0.0002706847031643	0.000361242967535				0.0006281744903273									0.000423087680344				0.0005313026826687				0.0002817805152205				0.0002185743542962	0.0011428571428571		0.0003193953983438		0.0003475923963944							0.0001601282374754	0.0001450906495766							0.0002555907752868								0.0002282431011546															0.0002851844171774					0.0003383766754157			0.0001806461722973				
Allisonella	Veillonellaceae	Veillonellales	Negativicutes	Firmicutes	Bacteria																															0.0004128525262303																																																																	
Alloprevotella	Prevotellaceae	Bacteroidales	Bacteroidia	Bacteroidetes	Bacteria		0.0006126025199549	0.0002413133040887				0.0011036978221014		0.000306633258044							0.0006249427089809	0.0011783693065334												0.00045278094371359995				0.0007525877598577		0.0009281228486801		0.0005724848501481								0.0003342472594464	0.0002347887520141			0.0009774886716961	0.0012248347157577					0.0003273288273458								0.0004265063767906						0.0003982205342795	0.0012103381599024	0.0004230132005266								0.0009108272898197																	
Alterileibacterium	Clostridiales Family XIII. Incertae Sedis	Clostridiales	Clostridia	Firmicutes	Bacteria									0.0002239654706796																			0.0002259158586836	0.0001779046924047				0.0001467815901757																0.000157943072256			0.0004384246246481	0.0001519730198113	0.0001502879275925												0.000188579882303			0.0002066032631396											0.0003400509401775				0.0002675125610615					0.0002884388884534			0.000151454250115				
Aminicella	Eubacteriaceae	Clostridiales	Clostridia	Firmicutes	Bacteria															0.0002024567713623																0.0002650410401812					0.0010722509190291					0.0002720743940587								0.0001410835215787		0.0001905367836574		0.0001876918777957	0.0005215996836678					0.000465148564911								0.0002326632530541						0.0003717417277169																							
Aminipila	Clostridiales Family XIII. Incertae Sedis	Clostridiales	Clostridia	Firmicutes	Bacteria		0.0009690189985523	0.0016116592675394	0.0033500460163743	0.0012054216826764001		0.0032967462509191	0.0021411526985337997	0.0034677531304203			0.0017187110446074		0.0031838282652006	0.0028229650092625003	0.0023810636700886	0.0038609013959671		0.0017071975510937	0.0036774485497477003	0.0002419403807817					0.00116318974653	0.0022885190407315	0.0021153285733825	0.0029919130950042	0.0011451912880716	0.0017087866716322	0.0040737239754536	0.0023238860404666	0.001965349368719	0.0045239762903409	0.0006883569279493001	0.0037719561181166	0.0011551597823716	0.0012100741024377	0.0017547587651954	0.0024160647974288997	0.0020010227550982		0.0037575013596437	0.0011358856691807	0.0035055033811612	0.0023680194001142		0.0009391773499464	0.007188836472512899	0.0038384838128601	0.0043185830139443	0.0022295190630226	0.0023221437228237	0.005560341108543599		0.0009023669002335	0.0007791837542899	0.0021978933031376003		0.0021508228944771		0.0027696103925661	0.0019277533342485	0.0017510552283966	0.0017845755136455998	0.0031905370626706996	0.0025667259385573	0.0031713692085826	0.001398311516999	0.0026318174777746	0.002778883263618	0.003797079150333	0.0013139663830305	0.0011178058083642002	0.0013593247109933001	0.0025992246390558		0.0038935727402965	0.0039155050934109	0.0028465744900398	0.003981594607077	0.0007877761390805	0.0048252014797375	0.005972282780740801		0.0036363974893269		0.004750485630666			0.0041525626389183005	0.0067315205141082	0.016666666666811	0.002293519289935	0.0013789316741392
Anabaena	Nostocaceae	Nostocales		Cyanobacteria	Bacteria											0.0036620605441987																																																																																					
Anaerobutyricum	Lachnospiraceae	Clostridiales	Clostridia	Firmicutes	Bacteria		0.0062655520363698	0.0045757392391481	0.0284651612347323	0.0058085271971573		0.0121082859636753	0.0096670259910478	0.0100247306476705	0.0060940392923472		0.008597741211801	0.0138674382467611	0.0084687937549605	0.0159655207835394	0.0092548113630454	0.0159915556552401		0.0150342732197275	0.0160138381559732	0.0053966213946678	0.0262186803624928	0.0096008084892073	0.003427456794764	0.0059116399781767	0.011647061595951	0.0175639242005784	0.0236387275886906	0.0117084347970667	0.0117971431408805	0.0082795711610658	0.0127823841676228	0.0058686029593462	0.010679599561359	0.0071413498924929	0.0033056464987937	0.0076544506483765	0.0052544057169061	0.0067877106898383	0.0061693357220822	0.0070180849247221	0.0158279615930361		0.0189354144631714	0.0080037522781859	0.0186600120702593	0.0174433753546799	0.016666666667346	0.0084071060061235	0.0075536958767038	0.0158792578303842	0.0187205990531296	0.0138365700883197	0.0138260690927266	0.009055199153191		0.0091987075069466	0.0090484175723556	0.0119255293170211	0.0042553175187954	0.0206260660848627	0.0173654180104171	0.0096172688323018	0.0077777777777777	0.0102276923566221	0.0068427630098977	0.0281429458474484	0.0182188892379625	0.0084956107012148	0.0083520497013629	0.0059050568157168	0.0269416513965705	0.039627909873943	0.0066315019094767	0.0069209325469517	0.0058974309605276	0.0115203638702705		0.0097383366860344	0.0215703799196497	0.0171415244064887	0.018268594939631	0.0026702982464858	0.0241369370909543	0.0183307387336874		0.009667531923827		0.0093309987391717		0.0391061449897929	0.0268569909787159	0.0182144807759152		0.0103125800754833	0.0030453944595376
Anaerocella	Rikenellaceae	Bacteroidales	Bacteroidia	Bacteroidetes	Bacteria		0.0041367509468469	0.0326486152252581	0.0044294833991053	0.0134987352171003		0.0184582924018917	0.0037737318042847	0.0060245877469171	0.0272798588439356		0.0037367318695105		0.0123036038933447	0.0255700931325661	0.0218400086893738	0.0164557682792219		0.0007189328041154	0.0130644524370361			0.0444668809094603			0.0093074119647823	0.047465443905294	0.0035915698792584	0.0543279706969974	0.0007769441888888	0.0005141067169616	0.0152453684243705	0.0230767350470235	0.001286178822098	0.006214823506986	0.0011099727433459	0.000672398666103	0.0073118886162624	0.0061212696148481	0.0009096934499125	0.00159886077174	0.0422857659616178	0.0484140233722871	0.0034803794853873	0.0014029430573018	0.0137778822680962	0.0204263096960472	0.05	0.0667884713575221	0.0346131110909424	0.0034664615297117	0.0005749537470003	0.0065367816614372	0.007606843491734	0.0019730904425697		0.0020708896175136	0.0036417525426986	0.0092303969716971	0.0106382978723404	0.000952112101924	0.0498635574299181	0.0108874323049376			0.0367577877366872	0.0003774623336492	0.078777572236616	0.0079778374554791	0.051553772383001	0.0099809426562858	0.0577084089100716	0.0008421531849199	0.0213363605821269	0.0010122903487222	0.0020372981253586	0.0070613817614464		0.0105911607603422	0.0238842688296518	0.0339817232830905	0.0448967646666657	0.0942233360684387	0.0438396644071611	0.0239520958083832	0.0142394822006472			0.0097292352383599			0.0108900430725256	0.0076287471875796		0.0157508003701544	0.0678221535863851
Anaerococcus	Peptoniphilaceae	Tissierellales	Tissierellia	Firmicutes	Bacteria																																											0.0175292153589315																																																					
Anaerocolumna	Lachnospiraceae	Clostridiales	Clostridia	Firmicutes	Bacteria		0.00194110371078	0.0011564998337241	0.0008220014071867	0.000345732916683		0.0026983199458671	0.0008749252767074	0.0009835320980649	0.0026510846647476		0.000947203829074	0.0103099643387008	0.0013733057997358	0.0025298185023202	0.0009071578732482	0.0020382643383701		0.0010419074834346	0.0024068266794557	0.0004582128935717			0.0004964851885198		0.0010106489541582	0.0011244266733913	0.0012953973224607	0.0022978447669736	0.0020517523157077	0.0010514635603163	0.0016921178887738	0.0061614805657062	0.0016675672494579	0.0013906079204934	0.0007708635305336	0.0017601805184162	0.0022157255746231	0.0017029779690233	0.0017097395112999	0.0011469369896167	0.0028043495131623		0.0023416781482588	0.0019889137806953	0.0012540989302447	0.0030030340638618		0.0018425973307779	0.0027385249977319	0.0008639689783319	0.0038790602502326	0.0013546773711167	0.0016506307843752	0.0012954702512143002		0.0018759756189733	0.0011996183859537	0.0015402300740444	0.0022778459395675	0.0014733700136225		0.001848688934419		0.0005577857059364	0.0002087968908302	0.0011328769379352	0.0013791581983085	0.0020787281508352	0.0008900888122434	0.0018249221897698	0.0017725996291249	0.0012608423155089001	0.0016725876193663	0.0009605293510759	0.0019584671791724	0.001631127867956		0.002747419984838	0.0028689514880525	0.0012017666723648	0.0021418922254183		0.0013025602748825001			0.0012724528327087		0.0009309976414839		0.0279329608938546	0.001305792302912	0.0016879749232222		0.0023465478589686	0.0087201186647275
Anaerofustis	Eubacteriaceae	Clostridiales	Clostridia	Firmicutes	Bacteria									0.0002089456600422																																																																																							
Anaeromassilibacillus	Ruminococcaceae	Clostridiales	Clostridia	Firmicutes	Bacteria		0.0022499120477251	0.0023908525318329	0.0111392224635951	0.0046752666378383		0.0077730672376061	0.0033993422342383	0.0055299861996665	0.0045296797402942		0.0032152732712172	0.0090481536214362	0.0021022872697282	0.0035435099457844	0.0047733514492316	0.0080583486864951		0.0041485605751572	0.0049469255615323	0.004778528794667	0.0108256985093539		0.0039635175975722		0.0047442768200899	0.0061249517923679	0.0075301044714177	0.0049841432385749	0.0019160624433257	0.0023607584672844	0.0048840437272628	0.0045471671833031	0.0023169750520276	0.0075896411023483	0.0088542419515161	0.0041612519317695	0.001744858239705	0.0016206401466342	0.0093453745770253	0.0184804596293174	0.0073100024192961		0.0088025018958185	0.0023719245938722	0.0056400590633384	0.0048939980314681		0.0027165689184434	0.0065315407273468	0.0087675599697222	0.0046718937854802	0.0037607510279733	0.0036070011705763	0.0153531134465846		0.0019752132178685	0.0018930244220476	0.0042212448192166	0.0106382777898392	0.0035058991647561	0.0050784143006032	0.0056077042441874		0.0134584882129419	0.0070407170940405	0.0055267803270968	0.0078119653281134	0.0043980795103476	0.0041899154483139	0.0080308433885418	0.0045751385137551	0.00286445189248	0.003321113960956	0.0069023469037516	0.0022523922794048	0.0060920050538266	0.0238095238095238	0.0052598645077597	0.0067731134807266	0.0042654080404003	0.003511055711069	0.0052871366516338	0.0098061468586579	0.0050618514868637		0.0027241747387453		0.0078330739453822		0.0172808650491287	0.0072936604034359	0.009162532658957		0.0058089914654884	0.0033289553791729
Anaerostipes	Lachnospiraceae	Clostridiales	Clostridia	Firmicutes	Bacteria		0.0061327058347042	0.0022188731225194	0.0026690745987943	0.0007211996549447		0.0044441781338158	0.0026571890125705	0.0036195121908587	0.0021223479775945003		0.0036221080488998995		0.0042058471065533	0.0031813246134617	0.0029327402850547	0.0040462898708457		0.0030607390938748	0.002490317646951	0.0010939027755126			0.0004407527347374		0.0011675602042017	0.0028364441099475997	0.0032886381205934003	0.0025627437686508003	0.0056644908263275996	0.0006188135591537001	0.0038104650028507004	0.0059259438563491005	0.0069940559598639	0.0020871919153921	0.0015572486593279002	0.0046476059175546	0.0026538400491159	0.0037507436717511	0.0016576078280579	0.0030702398297344003	0.0034981751307963		0.0051313050990922995	0.0034665181987230003	0.0035587946671986	0.0031731312908589004	0.0170006264006435	0.0037205523727098996	0.0032470976757373003	0.0019767444064344997	0.0033147419089965	0.0021739312184374	0.0022738592734362	0.0039194200700484		0.0069019634118139	0.0036124915708502002	0.0024587210708853	0.002127659574468	0.0030819778964318		0.0032012476329196		0.0013578912816851	0.0013092476146363001	0.0048784627345719	0.0033339173735088	0.0019614930734997	0.0016259239569225	0.002160946593113	0.0038694954428979	0.0048210736694118995	0.0030650678956801996	0.0013298316779659998	0.0038781359720634	0.0040860799257208		0.0028160743243089	0.0052328035394362	0.002975408552709	0.0023733632182037	0.0023735658883268	0.0032095686468111995			0.002865116539856		0.0027644563038264			0.0033391550132836	0.0020944946859385		0.0034623535712382	0.0037985631177768
Anaerotaenia	Lachnospiraceae	Clostridiales	Clostridia	Firmicutes	Bacteria		0.0015871385463623	0.0007581555318409	0.001265334800504	0.000442262323374		0.0016357099471701	0.0009152177336615	0.0008201641739866	0.0021431395208239		0.0006125213961628		0.0007678574496083	0.0013311547616248	0.0009026012531068	0.0016288744179791		0.0005636732419428	0.0013392475724251	0.0004635439855806						0.0007375257412325	0.0009099067535113	0.0009055845818883	0.0012366104869366	0.0003240977355491	0.0013169876769544	0.0026622394840485	0.0017210813456076	0.0010798599854422	0.0011482626879809	0.0017971926779312	0.0009671802275013	0.0013655121089864	0.0013206836983687	0.0016561343979178			0.0009858362208422	0.0012319735035064	0.0017012143397636	0.0013186177303068		0.0010245705325956	0.0020033168632323	0.0018767793385335	0.0055135703513194	0.0005293662087557	0.000555328310128	0.0016376237716273		0.001191596684925	0.0009902454612207	0.0009070581326041		0.0009747535664703		0.002769380429632		0.0006078059398578	0.0005285038477897	0.0007526395179705	0.0006186131324713	0.0011064467576037	0.0007787210962688	0.0009019587312313	0.0013931213934477	0.0016935823781993	0.0010068319079247	0.0005589396532485	0.0016167106127182	0.0013007597221168		0.0013093585670749	0.0010068692762631		0.0016457762714408	0.0013223879098075	0.0015302011185727			0.0009754408664336		0.0011863890502982			0.0017151770709266	0.0021543225110796		0.0016555242505251	0.0017802680544477
Anaerotignum	Lachnospiraceae	Clostridiales	Clostridia	Firmicutes	Bacteria		0.0006259989969101	0.001425380671109	0.0004113033587523			0.000658026912234	0.0012497786920589	0.0002508573236789			0.0014399429867169		0.000591293016477	0.002580637535945	0.0010554645812131			0.0010173802223393	0.0006737181507283	0.000196977726241						0.0006607549762980001	0.0009469660216121999	0.0027248034845554	0.000702643535848	0.0004924527564314		0.00064922958784	0.0026101196502006	0.000586263392981	0.0003494342160143	0.005766131304218601	0.0007058757325775	0.0008332758995806	0.0009762105141649	0.0009639257267977			0.0007148625128972	0.0007879392591843999	0.0029706420386698	0.001265991471115			0.0011456940996387	0.0002870283173548	0.0003291675304087	0.00041095918473840005	0.0006234803301965	0.0033883196801786			0.00042954566051860003	0.0005994728476654	0.004255319148936	0.0009103151189753	0.0039692384023815	0.0013465946095495				0.0007327675115307	0.0006008283182644	0.0017936185522689			0.0008849029669902001	0.0006211643126969001			0.0016726388369186			0.0002123337580319	0.0008833025141053				0.0012031325942303			0.0025858470732709		0.0006613976995314			0.0008384567953702			0.0005737616240781	
Anaerotruncus	Ruminococcaceae	Clostridiales	Clostridia	Firmicutes	Bacteria		0.0004965145336477	0.000272333824159	0.0019007453807056	0.0006572827451383		0.0006710453155934	0.0004215958270324	0.0019093806005457	0.000875793994654		0.0004543289030629		0.0002791904437014	0.0007382149731299	0.000804799670222	0.0007715324620977		0.0014844510301217	0.0011273383319566						0.0009447828472852	0.0023848498719882	0.0019880057242379	0.000741098219898	0.0004183845332112			0.0018689413855	0.000342141488084	0.0008719073169474		0.0006859129314174		0.000218725783649	0.0002250166798631	0.0002390678615891	0.00158331163701		0.0022782330116525	0.0004563617758203	0.0007310918921614	0.0008002308389697		0.0012624035580597		0.0003572939872982	0.0007511801987439	0.0004295039591565	0.0004117489545807	0.000849699426577		0.000413265772211	0.0002433086593218	0.0003669321317106		0.0008116151729697		0.0004551106716984			0.0023501542185387	0.000891179768709	0.0026075550405256	0.0009240133928646	0.0013236615748705		0.000984339226229					0.0018302017429645		0.0020852264010062	0.002320415324031	0.0008130590326853	0.0022079828690128	0.0022712216111358	0.0012040813435994					0.0036170653818811			0.0013851034832878	0.00208232207816		0.0006999619342492	0.0021173138150217
Anaerovibrio	Selenomonadaceae	Selenomonadales	Negativicutes	Firmicutes	Bacteria		0.0019237220060195	0.0012772390583339				0.0008137938049948	0.0003559621866101	0.0001671556788993			0.00044293298225		0.0005620312097666	0.0009544451582357	0.0006649820619636	0.0008378717797251		0.0004225233989898	0.0012191991798339	0.0006675331405207			0.0003154739996845			0.0002607864159254		0.0013055921274881	0.0012786469767972	0.0028570369271051	0.0008642419877565	0.0008352503152698	0.0017193757657959	0.0005270092226615	0.0009271386410221	0.001802265629585	0.0011843903935597	0.0021686650328411	0.0009703452381616	0.0011197113702119			0.0005100016971774	0.0010170996821657	0.000488533091602			0.0001834086008031		0.0004006059041628	0.0008228015186734	0.0004817270086217	0.0007901192711227	0.0008589243802261		0.0004284702246036	0.0002714132952406	0.0007079195837812		0.0005997545189211		0.0008873456790123		0.0005753913621729	0.0003537268697424	0.0005296914301916		0.0004185498327278			0.0005115558795931	0.0006139963881867	0.001153077527145	0.0004239230901528	0.0013059608144629	0.0015182186234792		0.0001990657182291	0.0026296112758081		0.0011422044545973		0.0011957995457466			0.0013176880020107		0.0009631854188356			0.0006801433196317	0.001043514557028		0.0005440852209272	0.0006495263870094
Anaerovorax	Clostridiales Family XIII. Incertae Sedis	Clostridiales	Clostridia	Firmicutes	Bacteria		0.000149901067874		0.0005386044836029	0.0002267806953824		0.0007050747872279		0.0003316032303992			0.0003567042622093		0.0003401770370354	0.0003516378017747	0.0004509025433733	0.0009705006361607	0.015625	0.0002820174600185	0.0005463352178949							0.0005405216070157	0.0004541246297574	0.0006371269252637				0.0005208519170393	0.0002529702295262	0.0009844854069375		0.0006531243246671			0.0003516724485872	0.0003376434366027			0.0006328583996226	0.0002118610891604	0.0003871622651109			0.0001735938406202		0.0003569758100154	0.000248089479843	0.0003684408690802	0.0003026248044215	0.0010569215145717			0.0001251922495681	0.0002989998400385		0.0004418422110015		0.0005150819551209			0.0002744857831283	0.0004315984791087	0.0002806147172456	0.0004055170871832			0.0005343928856607	0.0004567632977085						0.0003688571300571	0.0007607493027971		0.0007374235301872		0.0004650777049086			0.0006537264507608		0.0006428269652306			0.0003364574021673				0.0002673064020261
Ancylothrix		Oscillatoriales		Cyanobacteria	Bacteria											0.0021526210981674																																																					0.0022222222222222																																
Aquipuribacter	Intrasporangiaceae	Micrococcales	Actinobacteria	Actinobacteria	Bacteria																																																																0.0011111111111111																																
Asaccharospora	Peptostreptococcaceae	Clostridiales	Clostridia	Firmicutes	Bacteria		0.0008428702523305	0.0005781484267572	0.0003761392892502	0.0011837659827975		0.0008176746906434	0.0005597899144193	0.0027982816958298	0.00191632557688		0.0005485470654796		0.0010682076930917	0.0007214459725075	0.0019883303225578			0.0002703248220005	0.0006523594199924	0.0006929323602858			0.0004373987257943			0.0002179844687797	0.000902249729785	0.0004868730957175	0.0006745557956877	0.0003062258353573	0.0008622619996573	0.0013231830299604	0.0015049730815636	0.0024717312810722	0.0008444192545049	0.0006228793766119	0.000791171585371	0.0007761847279342	0.0007018952004321	0.0010525311645318			0.0020626976590239	0.0011523744667621	0.0002929612003724			0.0014038661829426	0.0010355721319419	0.0002852394746462		0.0017996029428082	0.0018421189317693	0.0006427552760884			0.0003081033761405	0.002221881165041		0.0005929237883002		0.0013208458371665		0.0019144716711322	0.0019060814746185	0.0010726431042002		0.0006833775984543	0.0018353253094896	0.0013359521027081	0.0014234008186423	0.0004799797296119	0.000813522394365	0.0007914013382001	0.0010094475445677	0.0012597599680799		0.0017924958695392	0.0006897270861214	0.0020577260730992		0.0022953591263126	0.0005549981101494	0.0018276047203015				0.0013204697482994			0.0010189788314779			0.0023027373564804	0.0021037446573575
Azonexus	Azonexaceae	Rhodocyclales	Betaproteobacteria	Proteobacteria	Bacteria											0.0038837758894897																																																																																					
Bacillus	Bacillaceae	Bacillales	Bacilli	Firmicutes	Bacteria																																																																																						0.0097087378640776										
Bacteroides	Bacteroidaceae	Bacteroidales	Bacteroidia	Bacteroidetes	Bacteria		0.0013350267944854	0.0025223903989094	0.0003726706362086			0.0035448282119584	0.0003699812248774	0.0005744478453951			0.0006896868093008		0.0012830029271377	0.0033639961035584	0.0027354508397601	0.0034244562158406		0.0004360176653454	0.0021035431809322							0.0004057131362969	0.0013529564748745	0.0066892894845468	0.001436041730289	0.0006644304009896	0.0012963629816335	0.0016542504449317	0.0020790886046007	0.00234360505827		0.0048417177046342			0.0019095952907628002	0.0015336524440576	0.0011428571428571		0.0015504116560401	0.0024135091073743	0.0025387842942872	0.0015199394380556		0.0010628455054093	0.002657239104266			0.0015108922480053	0.0010791759230884	0.0054177131639461		0.0004982066300945	0.0010936249412787	0.001197846193002	0.002127659574468	0.0010196257422075		0.0023441362943614997		0.0011112090770672		0.0011384284434208	0.0018102775131746	0.0013725198567539	0.0032071576662358		0.001553440975802						0.0238095238095238	0.0003859066106546	0.0040871394275933			0.0011927830461817	0.0016038554478645					0.0025201606106104			0.0005018155480538			0.0022529070660187002	0.0006083477026775
Bariatricus	Lachnospiraceae	Clostridiales	Clostridia	Firmicutes	Bacteria		0.0032626585541565	0.0026340758519092	0.0049401305035128	0.0010348394143698		0.0026495290231475	0.0037836915906235	0.002135860838174			0.003878862050466	0.0235756106494668	0.0035191527364067	0.0044878909943799	0.004133720863481	0.0066656871795474		0.0047217966809325	0.0054688330257102	0.0013658029425285			0.0009024277624448		0.0037728325411867	0.0029173990421564	0.00637193969172	0.0039547963835938	0.0050024186619142	0.0013064320486177	0.0035078401705507	0.0019628350105548	0.0031488454965313	0.0021667828308668	0.0008965468891804	0.0031702269774753	0.0034029076948049	0.0021135210724449	0.0014437028984474	0.0020627302734711	0.0012466075644207		0.0049733381317898	0.0034966967605062	0.0064274474556887	0.0045611419470945		0.0021907233432442	0.0038190766698606	0.0043485871540882	0.0098184233002428	0.0031479493355065	0.00289736474235	0.0051072821459124		0.0056368349545938	0.0034159815842426	0.0018419769568602		0.0035381083802236		0.0025219245573341		0.002060006087751	0.001124580043812	0.0053137708203462	0.0067050024072184	0.0027305015758959	0.0017100780792935	0.0014928383860126	0.0039125374358796	0.0109394240328925	0.0039886393600408	0.0012221583162618	0.003114800315722	0.004076904365631		0.001908041129475	0.003470848905892	0.0016119869820941	0.0060181239707415		0.0039994294601562	0.0016398486899288		0.002989913383621		0.0027784516726965		0.006008314613149	0.0043820610483814	0.0022583600594332		0.0020881126136536	0.000592116210796
Barnesiella	Barnesiellaceae	Bacteroidales	Bacteroidia	Bacteroidetes	Bacteria		0.0006454855698737	0.0010485652343412	0.0019558932725384	0.0007910826855358		0.0032047524718548	0.0006803815429632	0.0016962742360561	0.0027091677020544		0.0004085337372508		0.0009769741230639	0.0014640809422002	0.0019022588224249	0.0037962269177568	0.015625	0.0008921225049422	0.0019096610280626	0.000391405075792					0.0010698138634337	0.0016564270649792	0.0028951124358692	0.0030408801996323	0.0006113058205601	0.0009403261591955		0.0022265723003185	0.0011789865039946	0.0032644529478014	0.0005686256403517	0.0027681748618879	0.000750345662335	0.0002781262817361	0.0013394446502073	0.0014700891898314	0.0045713992752731		0.0019072985883501	0.0010986582165976	0.0018592034432147	0.0019133041853265		0.0018097311077341	0.0032083210745253	0.0013493345888708	0.00121655871701	0.0015622961845686	0.0015366416923972	0.0030211985594381		0.0014920167252689	0.0006316260274166	0.0017837456893634	0.0042546515878346	0.0010509572519284		0.0014460673064736		0.001591638515566	0.0012891521035382	0.0008715672834153	0.0026011168375944	0.0020433284789092	0.0032351398537179	0.0011510645146591	0.0020166792095756	0.0006856828064125		0.0007553798184664	0.0011749430028221	0.0031197306420135		0.0022288350072691	0.0033151710545431	0.0029226011728892	0.002260647294304	0.0016702876702757	0.0040630841692454			0.0016341098536679		0.0027859280741086			0.0026619124777512	0.0065783501139801		0.0019698675173905	0.001504605745735
Bauldia		Rhizobiales	Alphaproteobacteria	Proteobacteria	Bacteria																																																														0.0049617363952542																																		
Bifidobacterium	Bifidobacteriaceae	Bifidobacteriales	Actinobacteria	Actinobacteria	Bacteria		0.0002714252133624	0.0004745226528075		0.0025949346832744				0.0011004395111852	0.0009280742459396					0.0017329847988883	0.0007760223869754		0.015625	0.0005898986121052								0.000391179623888	0.0003760206274313	0.0004149721968628							0.0003699553728028	0.0001637855302928		0.0004377610171293					0.0009633369746929		0.0011275566416769			0.0022287634220768		0.0004757195257283		0.0007277056163741	0.0021423073525991			0.0004998750312421	0.0002972618932765	0.0021389549746979		0.0005718589600535					0.00137240706081	0.0005786788831686		0.0007155586757901	0.0013121922233406		0.0004240453930496	0.0010918284903184		0.0009089971474608				0.0004258946825851	0.0005486020806241			0.0014852056206333	0.0020939889785034998			0.0009027414833467		0.0008456031134458			0.0006925123851154	0.0028174893039757		0.0015463475521864	0.0002706359950932
Blastochloris	Hyphomicrobiaceae	Rhizobiales	Alphaproteobacteria	Proteobacteria	Bacteria																																																														0.0029767404095088																																		
Blautia	Lachnospiraceae	Clostridiales	Clostridia	Firmicutes	Bacteria		0.0522283871468369	0.021160698737904	0.026107116321630403	0.0114807406426133		0.0161797128672114	0.0258956971757777	0.011772675509446601	0.0175151279390093		0.0238895692126949	0.0803172982967242	0.0294305984427583	0.0460717397037462	0.028716342910864702	0.0268096024395386		0.042443551550926197	0.0181429241831586	0.0270461228723475	0.0356841015361256	0.0109860617231586	0.019676724329791	0.0185547666149381	0.0287064919250631	0.0125151620183635	0.0339444636141402	0.0236702469440515	0.0728569680333511	0.0216206893988935	0.0191285858459154	0.008978333364245	0.0371500417597028	0.014447650264749	0.0467912729880053	0.0307757533821462	0.029729508595453098	0.0293533053704472	0.0222910592490438	0.0258949836112045	0.0382225239738294		0.0212364857927967	0.041104118096033995	0.0569032087349078	0.0424932355444968	0.0244488409031324	0.0088419212085454	0.026336894209909	0.0653963274165698	0.0605181301522278	0.0252040175278262	0.028498658248508	0.0253483102102655		0.09244319367306711	0.0549181896372753	0.0207126616500356	0.036187309077193495	0.044982418116587396	0.0073304397972613	0.0215271158729069	0.0111111111111111	0.0315520978304526	0.0243825707282575	0.0535112211803314	0.028308719745411	0.0246665918436948	0.0149892354386974	0.017852929933477202	0.0271735407893854	0.0503356387246365	0.026754832427470503	0.0396475704770115	0.0258752332764729	0.0212142036540101		0.0120015280859956	0.0184801826369471	0.028629035558652302	0.0170714602514862	0.017922180765232498	0.0334983474290668	0.0030217812051326		0.0276823727459706		0.0218523596729072		0.020233106243929502	0.029608782762265	0.025578514571787		0.0200131104556785	0.0157768682834543
Bradyrhizobium	Bradyrhizobiaceae	Rhizobiales	Alphaproteobacteria	Proteobacteria	Bacteria	0.19494584837545098					0.0982235383142782					0.3106796116504851																																0.1026711185308846																			0.0684693624410813		0.0911111111111106														0.0238095238095238								0.0343042071197411		0.180851063829787								
Bremerella	Planctomycetaceae	Planctomycetales	Planctomycetia	Planctomycetes	Bacteria																																																0.0083333333333333	0.0001775642251194																													0.0238095238095238																		
Breznakibacter	Marinilabiliaceae	Marinilabiliales	Bacteroidia	Bacteroidetes	Bacteria																													0.0002438516477861																																																																			
Butyricicoccus	Clostridiaceae	Clostridiales	Clostridia	Firmicutes	Bacteria		0.0041399873234016	0.0027146453583559	0.0021983392239797	0.0022729896276687		0.003409876926737	0.0020222604009054	0.012719458081903999	0.001613497252327		0.0028408598846831		0.0023972952417046	0.003589489154597	0.0064466960522771	0.0062638396659096	0.015625	0.0025213642217549	0.0038234913397702	0.0007722987313789		0.0115369251029824	0.0003045638386108		0.0015807586352247	0.0043223787296361	0.0017540379761081	0.0034654345810273	0.0043018465808558	0.0005036970087768	0.0049492104304912	0.004413493832615	0.0047270081290279	0.0049164061097399	0.0015686230161767	0.0025054359092952	0.0030762060039035	0.0022726252209361	0.0017852571943838	0.00145292084692	0.0034285649547037		0.0079502305331371	0.0014415359136806	0.0042435694097786	0.0037125175432281		0.0009319846568967	0.0031561890101449	0.0075955086808017	0.0043090953647922	0.002049628088989	0.0018411358446381	0.0045316513978316		0.0055272690267147	0.0034704495350722	0.0028974307269466		0.0018679256266537		0.00418874154526		0.0021740323358033	0.0043558346333813	0.0024557263213294	0.0063382656798119	0.0033105660865755	0.0036426504687257	0.0021991207759483	0.0070094160089696	0.0010399368040091	0.0025767502653894	0.0006431149483296	0.0034488889004913	0.0051148615340007		0.0079298700577768	0.0058092609371554	0.0030481069221567	0.0073345111575311	0.0077971292166241	0.010417880110188	0.0014970223683011		0.0016307077857884		0.0131211937819528		0.0055913952260768	0.0044861471668663	0.0052960731428026		0.0022367660528206	0.0031199946506417
Butyricimonas	Odoribacteraceae	Bacteroidales	Bacteroidia	Bacteroidetes	Bacteria																																																												0.002127659574468																																				
Butyrivibrio	Lachnospiraceae	Clostridiales	Clostridia	Firmicutes	Bacteria		0.0032428662672517	0.0018269609397807	0.0012909844767293	0.000380932109241		0.0042556721529363	0.0015008068383845	0.0011810457397675	0.0011588717376103		0.0019599664010609		0.0017118047575026	0.0040870780609402	0.0038576031318465	0.0039594333172311		0.0024758568060161	0.003803224760851	0.0012288989034246	0.0048404170755956		0.0006912030594564		0.000942243999976	0.0025799080672094	0.0035355665829928	0.004057939534804	0.0049986915699553	0.0015772210853908	0.0041251950358329	0.0032215480786856	0.0049559991101812	0.0031168642209426	0.0039284892642186	0.00487965804823	0.0016275656214357	0.0023943135695241	0.0063142977888366	0.003523011376582	0.004552970292729		0.002502483712418	0.0035835149900512	0.0034170912690674	0.0025296840602894		0.0011168762295982	0.0069376896181472	0.002038019982179	0.0027541733767994	0.003108472445298	0.0026446356233264	0.0143106749480057		0.004145019453735	0.0026540000702153	0.0034570042085934	0.0042106406448619	0.0035481619017597		0.0028352559741509		0.0014397609001744	0.0007534503818362	0.0029158958888374	0.0067103372168273	0.0028517753970513	0.0006911931636115	0.0039568778126066	0.0020783570392391	0.0018323209694201	0.0020397357408571	0.001868130796555	0.0040434142407582	0.0030316255890981		0.0016569584729404	0.0037107293608171	0.000979388793113	0.0021297170672832		0.0018378005241743			0.0013807282618375		0.002420865139832			0.003046107209136	0.0016802689436544		0.0037808158788833	0.0023910195063405
Caldicoprobacter	Caldicoprobacteraceae	Clostridiales	Clostridia	Firmicutes	Bacteria					0.0003379687485201		0.0005370330074118	0.0003427824798887	0.0003773427554885					0.0002907250516528		0.0004887338308381			0.0003306823942113	0.0005134520066201							0.0007956837207217	0.0003258198528355	0.00024993234918				0.0004364362276724		0.0006140191515371		0.0003982737621543							0.0005090996169448		0.000300638670481		0.0083333333333333	0.0003777477790231			0.0002152610476394	0.0003812186320307	0.000353447654322					0.0003537463866285	0.0042553191489361	0.0002649845438223					0.000607946223369	0.0003781821178575	0.0006102424190587	0.0004344767082489	0.0003648669770106		0.0005184401465728	0.000682782635508						0.0003667420912082	0.000635446316279		0.0014936618092737		0.0005008873375636					0.0005199287865123			0.0001811151792559				0.0006788955746404
Caloramator	Clostridiaceae	Clostridiales	Clostridia	Firmicutes	Bacteria																																																																															0.0001997753048225													0.000221177236776		0.0166666666666666		
Calothrix	Calotrichaceae	Nostocales		Cyanobacteria	Bacteria											0.0038940562217112																																																																																					
Campylobacter	Campylobacteraceae	Campylobacterales	Epsilonproteobacteria	Proteobacteria	Bacteria				0.0006798245614035			0.0011183220045657		0.0003482427669977																			0.0002148689299527					0.0007798121158583																		0.0001627461535572	0.0003459040466243							0.0002200392927308											0.0007495340734138		0.0006057791329281																								
Candidatus Babela	Candidatus Babeliaceae	Candidatus Babeliales	Candidatus Babeliae		Bacteria						0.0338215502525493																																					0.030050083472454																			0.0052096254031257																								0.0142394822006472										
Candidatus Nucleicultrix	Caedimonadaceae	Holosporales	Alphaproteobacteria	Proteobacteria	Bacteria	0.0117328519855595					0.0297906602254428																																					0.011686143572621																			0.0044653932026792																																		
Candidatus Paracaedibacter	Candidatus Paracaedibacteraceae	Holosporales	Alphaproteobacteria	Proteobacteria	Bacteria		0.0001492112152575	0.000316348435205	0.0003130328701688	0.0011744885792399	0.0136876006441223		0.0005170114539678				0.0003002955603712		0.0004163197335553												0.0009806957778465	0.0002173220236651	0.000716229756614	0.0002074861027982				0.000138328240339				0.0005789594870266							0.0006233354141909		0.000215222070045						0.0003126645602948	0.000346158687534	0.0001638061213202	0.0004008589835361				0.000172888015717		0.0003626422739518				0.0004328067517985	0.0006084102099722	0.0005075222049929						0.0003414134516899							0.0004470091027308								0.0186170212765957								
Caproiciproducens	Ruminococcaceae	Clostridiales	Clostridia	Firmicutes	Bacteria		0.0007293760476443	0.0006518395477139	0.005210987184141499	0.0041549902982820006		0.0063056248764855	0.0023935888863682	0.00604319940365	0.006620346212595001		0.0018860900892690002	0.0064232300153761	0.0008608162955975	0.0032532153316267003	0.004351738790265299	0.0054297630138547	0.0312517573378928	0.0029683488676797	0.0044328705560458	0.0021498343719398	0.0062635230256968		0.0011838642677451		0.0050172352420407	0.0048033177983819	0.0044468665477832	0.0044596922533293995	0.0011043121434732	0.0007481120904918	0.0055285012552867	0.0034526089216687	0.0010645798103529	0.007573107786445699	0.0027127157548938	0.0031253279111586	0.0007734352473007	0.0008042037167317	0.004407343711988801	0.008308185974448299	0.0059873360233421		0.0042876034884837	0.0010058139678032	0.0027477954903325	0.0028849873769689		0.0061286751521542	0.0027373318111927	0.0045963631235295	0.0046638143186700995	0.003746547834869	0.0037047956719785	0.0083079112089543		0.0012175323666295	0.0007091514440135	0.0038762080538087	0.0068362601033512	0.0031483634182718		0.0036291274963576	0.0021785457639649	0.0049161182994797	0.008654750290063299	0.0052973018348244	0.0086542176897553	0.0047719977970012	0.0048716605832937	0.004710271760801	0.0047431125994595	0.0013316551038896		0.0018837113655252	0.0009692493001318	0.0054023663490026		0.0048832384460787	0.010058139910594899	0.0048743787424831	0.0040579813468632	0.0060511878585121	0.0112317481964963	0.0069341433380585	0.0129704416063169	0.0025050751993901		0.0073275820212372			0.005692818761740199	0.0114297605884056	0.0166666666666666	0.005321324586822501	0.0054876695030481
Casaltella	Clostridiales Family XIII. Incertae Sedis	Clostridiales	Clostridia	Firmicutes	Bacteria				0.0017240350658432	0.0004303395287301		0.0023767073543983		0.0013455475262225	0.0009132551607126				0.000314471857473	0.0006292625113566	0.0007866156502213	0.001631909308939		0.0003707306304917	0.0009413933706916						0.0011808016837136	0.001104398279922	0.001589508859971	0.0012551399020846			0.0008803898725141	0.0014792053540593		0.0016232934202751		0.0005379226291354				0.0003170058190071			0.0021276161684615		0.000505135315789			0.0009544835742335	0.001659335088163	0.0003837279028644	0.0031917841207285	0.0015012425389831	0.0008235187040991	0.0011463170752608				0.0002787592087642		0.0005354763491705		0.0008617310609968			0.0008255576883132	0.0006419571502208	0.0013891161603837	0.0017056069333624	0.0008591389573292		0.0009866270420028	0.0013146754617971				0.0013134991565837		0.0022441048671957	0.0030084931810384	0.0010363298124432	0.0019188245619413	0.0009502328311919	0.0017547275326673	0.0029940119758989		0.0005164546080245		0.0021117307497422		0.0055865921787709	0.0013552867020616	0.0028372240838395		0.0004582657061085	0.0006281050075323
Catabacter	Catabacteriaceae	Clostridiales	Clostridia	Firmicutes	Bacteria		0.0003019402627582	0.000332425312628	0.0010863825772618	0.0009347166460343		0.0011340432160841	0.000527451897375	0.0007218784544897	0.0024423486916026		0.0003866097943388		0.0003014816258724	0.0003163786995786	0.0005865136958114	0.0012714884492775		0.0004532432422874	0.0009100327896399						0.0015007185066445	0.0014449034749054	0.0007581326657931	0.0008084887963155		0.000297401814313	0.0017494587563745	0.0012502653972943	0.0003375367075681	0.0009817059134376		0.0008447412758341		0.0002513640060662		0.0003581805838024	0.0041899296847424		0.0014743703700134	0.0003101660482951	0.0008111714161611	0.0008664496553443		0.0007739805174017	0.0007607548002423	0.0004890516972822	0.00100194671092	0.0006094229220562	0.0005452989212199	0.0004865124453172				0.0007867530068581		0.000729236945668		0.0006799148399037	0.0022222222222258	0.0005809288758535	0.0013003883422362	0.0006850991324563	0.0012430152731701	0.0005520647910248	0.0013656786215181	0.0004340136887129	0.0010923337916529	0.0008100615994279						0.0008622790413292	0.0008042733577801	0.0016333308553429	0.0019922884321158	0.0010305102409702	0.0003257681231798		0.0069711089002511	0.0007101081415126		0.0013547781149786			0.0003064353736371			0.0004595874979638	0.0008536085645845
Cellulosilyticum	Lachnospiraceae	Clostridiales	Clostridia	Firmicutes	Bacteria	0.0171480144404332		0.0007682793496222	0.0005921053008178			0.0043272205603869	0.0013344027021115	0.0017552743215542	0.0052482104012345		0.0007225143984643		0.0016245716085876	0.0009248301390715999	0.0015473312513179	0.0008868088533908			0.0008659531614883								0.0004918530830301	0.0082334478030823		0.0043768979930447	0.0025236659374134	0.0222176400670637	0.0127268498904809	0.0033924191324458002	0.0015401651575684	0.0135102435714685	0.0007101648352966	0.0004124563521123	0.0030653456973174	0.0019403929713158			0.0072194766466709	0.0015251190953575	0.0012534401286874001			0.012712716733602001	0.010304105940909601	0.0011092827230814		0.0057760909223388	0.0034848233374811					0.0027906297500195	0.0038152822935974	0.0018550285861563	0.0066980898040188	0.0023092797812834			0.0032482675727373003	0.0006395749208881		0.0009105187126632	0.0040441658173009	0.0080289376816991	0.0013325921662067	0.0040347301343013		0.0003305444276691	0.0052547555995213	0.0020242914863675		0.0023977549615873	0.0010325427361157	0.0036340675012589			0.0003762440055922	0.0029940119760704	0.0064724919093851	0.0070917170225238		0.0022289852796071			0.0023002478017266		0.0166666666666666	0.0022395921100008	0.014872679930572001
Chishuiella	Weeksellaceae	Flavobacteriales	Flavobacteriia	Bacteroidetes	Bacteria			0.0005257026947848																																																																																													
Christensenella	Christensenellaceae	Clostridiales	Clostridia	Firmicutes	Bacteria		0.008434995434551	0.0097111022894352	0.022525058997920698	0.0160945183389845		0.0273405779762724	0.0166332028938073	0.026686956837759398	0.0360350419764787		0.0180981203312197	0.024611783220664	0.0081144582804367	0.010389442479108101	0.0164153092590127	0.0251120396469716	0.03125	0.0176428194779567	0.0211204617990303	0.0051158826366299	0.0206373383388167	0.0106114199090449	0.0037301436030178	0.0065100481177469	0.0130825302446206	0.0363510158085337	0.016901081364440303	0.0148768989055705	0.004654593799196	0.0055937644674051	0.025320188590773198	0.0248877488353975	0.010066583144451502	0.0298193901097353	0.0019696459659515	0.0192629360449338	0.0060645338718293	0.0057880876252672	0.0076431093622061005	0.010923553300148601	0.0266671425731081	0.0709515859766276	0.0333750654859045	0.0091132132464573	0.024506378493179097	0.0182832105455481	0.0416666665359938	0.017258507853945698	0.0216128759172795	0.0078385312995344	0.0226880963615431	0.0132632504227157	0.011769575822991499	0.012917434151327598		0.0067340174143736995	0.0045836698357044	0.0125188618294975	0.0085106382978722	0.0149703293020587	0.0377077648226214	0.0193096631344427	0.0333333333333295	0.011856999232833901	0.0201706467588351	0.0236178534518835	0.0331494071675642	0.016497419891455	0.0284278705491497	0.0080772201783299	0.0262068960656581	0.0176294420700234	0.0102342673892429	0.0041457539037163	0.009452984874680999	0.0213975740015138		0.024079857673422703	0.0266381178617505	0.0160185749806576	0.0463113347786999	0.0235894658907835	0.0269519358002477	0.0359281437125749	0.0950381427548885	0.0145990354841882		0.0295443474914985		0.0111731843575419	0.0222455983215465	0.019707129006586898	0.0333333333333332	0.0130210900213966	0.0154003648338142
Chthonomonas	Chthonomonadaceae	Chthonomonadales	Chthonomonadetes	Armatimonadetes	Bacteria																													0.0002295665926377											0.0005254988919856						0.0005087013517941																																																		
Clostridioides	Peptostreptococcaceae	Clostridiales	Clostridia	Firmicutes	Bacteria		0.0030368066217372	0.0032148173640199	0.0024526263118521	0.0054914797176554		0.0040925728906882	0.0021561133092335	0.0084938864358454	0.0086032090908032		0.0021036736756316		0.0057629655755369	0.0026966202218888	0.006944775740561	0.0049130558332		0.003891464040191	0.005115278091507	0.0035764102533558	0.0097669267619102		0.0027013369034407		0.0033582955167134	0.0037145563268662	0.0044683130780147	0.0034431962035978	0.002347200186479	0.0025698562120321	0.0057338314246462	0.0046383753259595	0.0047794106724771	0.0081221659170721	0.0023348902266775	0.0025263574377346	0.002084660907717	0.0025607690056786	0.0030644329268005	0.0039764096033796	0.0061660505332861		0.0073964480585395	0.0039596983091145	0.0019840511489713	0.0021574376312286	0.018286422108336	0.009651670141431	0.0041965055645107	0.0073326922997722	0.0027586293634732	0.0106454592202509	0.0128116028100693	0.0038444941689888		0.0027662469253653	0.0021520003407607	0.0116601224889067	0.0021325668840908	0.005446399342809		0.0046645748289877		0.005907289911592	0.0077096458707748	0.0072637376844157	0.0038297410751601	0.0046152516810873	0.0064938879648157	0.0061007451228442	0.0061511787651184	0.0070449003622587	0.0035033599368231	0.0034983647300632	0.0042362736144453	0.0056204260742435		0.0077256506378512	0.0067807250024732	0.0112091698634261	0.0087279753056501	0.0075531625436548	0.0104829317675147	0.0044257061538874		0.0034110542443167		0.0047619646511265			0.011262616803994	0.0115419466600847		0.0102859287946345	0.0082467078182793
Clostridium	Clostridiaceae	Clostridiales	Clostridia	Firmicutes	Bacteria		0.0067450984015199	0.0064970113378401	0.016275817275985	0.0331179081688713		0.0118541631014256	0.0078608402011858	0.0725225845543374	0.01303962276947		0.0050308069921402		0.0081830438503969	0.0077307531576155	0.0126470220743994	0.0162031015025897		0.0117789946550044	0.0084182457552014	0.006984736724030801	0.0059560067770882		0.0051190436440774		0.0106710466011379	0.015025328177362799	0.0114056974396648	0.0089580694173591	0.0041626189768173	0.003958320627527	0.010290168503575201	0.0122452279182547	0.0070019182236751	0.0197052685862763	0.0053610544567738	0.008816233149791299	0.0049025910633059	0.0046038750753622	0.0080105326853005	0.0142922295803904	0.0267205305532725	0.0258764607679465	0.0225551321358346	0.011597575960803899	0.029526076977171502	0.023389045168803		0.0118578486554621	0.0092275719475609	0.0055254338446742	0.0054664147616827	0.0135093024154853	0.0132427068902562	0.0122246424067402	0.0434782608695652	0.0064786395651134	0.0056541379179519	0.0149986451885194	0.002127659574468	0.0103141844077427	0.0029769288017861	0.011706777639204401		0.008691382682664	0.0331108279536075	0.0108368356639461	0.014947652322854	0.0082076257363468	0.009869699982345699	0.0083190602446933	0.0180710457509846	0.0134659730092019	0.0022344415256603	0.0049778283428243	0.0068851309356698	0.008927121761671	0.0238095238095238	0.019757133439702	0.0089552852039251	0.014680413074229199	0.0159766051082769	0.0527988444748102	0.0103900451304077	0.0263372401725166		0.0065521903045147		0.013679291680618001	0.5	0.0112163764337111	0.0137960429707523	0.007263506389999	0.0333333333333333	0.016784211813835	0.0215727790522604
Colidextribacter		Clostridiales	Clostridia	Firmicutes	Bacteria		0.0019692469760234	0.0015937403255224	0.0044359631600103	0.003420761050253		0.0052040227302431	0.0014477752722361	0.0087495777688071	0.0056437595717114		0.0018553815303271		0.0018636016143076	0.0034019956264743	0.0041604637794339	0.0055732823706196		0.0028096235100162	0.0041398401599273	0.0005549761421961			0.0005644355651732		0.0038987188489378	0.0055023787649812	0.0052488717720366	0.003708271204012	0.0023599855154931	0.0004748622631362	0.003754917825579	0.0041613801071667	0.0021470545343028	0.0053926233776827	0.0008754640211944	0.0037363669749655	0.0009239184162586	0.000979586725079	0.0023524475918947	0.0025303179618541	0.0034278718919341		0.0062975817396366	0.0020841585732303	0.0037760055498456	0.0024960234630918		0.0036067862388489	0.0041824771735597	0.0032952845529685	0.0047616830863262	0.0033906298074596	0.0030824412069333	0.0046428833065645		0.0025419232236878	0.0022305431242921	0.0045663260488047		0.0033541659927586		0.0043228010758764		0.0020029824916138	0.0054236675983442	0.0029633169593224	0.0056172106895474	0.0045142670048515	0.003983620986546	0.0023481561261071	0.0045839404698403	0.0013030873605959	0.0015953549543992	0.0009992374829308	0.0018526826312434	0.0050365007915214		0.0075563372827374	0.0072967645271496	0.0050858805146979	0.0049305050662871	0.0039708403732399	0.0054662092261613	0.0074852668166078		0.0016917977988251		0.0112521851337447			0.0048740369200826	0.0079251111014011		0.0045163448304554	0.005168093764212
Coprobacter	Barnesiellaceae	Bacteroidales	Bacteroidia	Bacteroidetes	Bacteria			0.0002980411975785		0.0002998364303628										0.0003253944802084	0.000413767511459											0.0003823143279765		0.0006184116990927				0.0002626086697369				0.0002360092260743			0.0002631327681135	0.0001830093116319			0.0004030664163027		0.0004234820573075			0.0003032621817822				0.000207100411387	0.0001565040281764	0.0004651319482541				0.0003368112721591							0.0003064225081178	0.0002018961123303			0.0004870677406387		0.0002869185899611							0.0002831843282052	0.000468731967014				0.0004612007449518					0.0004268741429216			0.0002724771259929			0.0003875163388112	0.0004738779575761
Coprococcus	Lachnospiraceae	Clostridiales	Clostridia	Firmicutes	Bacteria		0.0035588507699681002	0.0037108944558633	0.0015385904207615001	0.0018873344282761		0.0006241175481806	0.0034320225068885	0.0037029570128120997	0.0007954922108054		0.0029181287239694004	0.0074427247177805	0.008679933209042	0.0060289670948054	0.0028398518056568997	0.0030656483129146	0.035601101816688005	0.001650485117308	0.005354881359111	0.0014281779812846001			0.0006542167122506		0.0018452896368809	0.006370191178943	0.0018314860269809	0.000495460332654	0.0039917608025555	0.0005259537174953	0.0025465254066833	0.0010930976143463	0.0102859473302777	0.0007124515442373	0.0039099268805318005	0.0025717768708014	0.0028680578695976	0.013467001925854	0.0014591660185136	0.002906545846123	0.0068571428571437	0.031719532554257	0.0012381281551023002	0.0046116859647419	0.0022643825902962	0.0031942418326108		0.0005111700891089	0.0023943634337402	0.0012783471836824	0.0015051297261748	0.0036283313808542	0.0028612765760358	0.0020522959461824		0.0031542771509757003	0.0048651882324956	0.0018890102329731998		0.0032937360798371003	0.0037211610022326	0.0018844673859221		0.0012317129125585	0.0030762983732201	0.0022921495745311	0.0052422851852415	0.0008724515805118	0.0012570577170696	0.0015726254098691	0.0017658298229786	0.0020574356821820997	0.0024081351106816	0.0026709808192944	0.0074939729057135	0.0014878044343693		0.007480958481286999	0.006040041859077401	0.0028323005976631	0.0024576859707527	0.0020451129793429	0.0245662456301408			0.0019796757553117		0.0022919491736992			0.026028415301216	0.006935106844433		0.0016860047414322	0.0020921794251661
Crassaminicella	Clostridiaceae	Clostridiales	Clostridia	Firmicutes	Bacteria				0.0007055761845661	0.0002644539194683		0.0010994986978691		0.001032273250876	0.0012711141387366		0.0002850482366579		0.0004731605175682	0.0003197328085104	0.0006169814218173				0.0006326940511036							0.0006674989200322	0.0005791684415955	0.0004540951886138				0.0007682379652557		0.0009255234928633		0.0003998745514203				0.0003282521810593			0.0011600067963394		0.0005677837981934			0.0006471523633896		0.0002548675070255	0.0007910764447105	0.0004529786680422	0.0004949586513144	0.0004639933257929				0.0003475814964116		0.0003697300100858		0.0009088863585364			0.0004828020264305	0.0005938539257117	0.0009350714305229	0.0004268106117303	0.0006725076965459		0.0009475162876175	0.000712677639311						0.000985333325705	0.001016404174914		0.0017316057670623		0.0007115938103473					0.0008523291053989			0.0006858833588809			0.0003649403444787	0.0004786666556255
Crateriforma	Planctomycetaceae	Planctomycetales	Planctomycetia	Planctomycetes	Bacteria																																																	0.0002931641311865																																															
Crinalium	Gomontiellaceae	Oscillatoriales		Cyanobacteria	Bacteria						0.0450190996703564					0.0040563284580373																																																			0.0044653932026792		0.0308945885594221																						0.0116504854368932										
Cryptanaerobacter	Peptococcaceae	Clostridiales	Clostridia	Firmicutes	Bacteria															0.0006266113500514	0.0013496330444695											0.000290319928053		0.000502200377801						0.0003294176537857		0.0003872085354613			0.0007790633839298	0.0002024758840008			0.0003589134494144	0.0002284297688151	0.0008228407606298					0.0003630491117815		0.000272731087148			0.0434782608695652							0.000733024789147								0.0004899682190514							0.0238095238095238																		
Cuneatibacter	Lachnospiraceae	Clostridiales	Clostridia	Firmicutes	Bacteria			0.0002392517772791	0.00038042118954	0.0002727389642261			0.0003124634916242	0.0009720152706596			0.0003088900840959		0.0004148888889341	0.0010246147936146	0.0004432605429639			0.0008125030594431	0.0007980144929104	0.0002867005129572							0.0007652592362471	0.0007544068270162	0.0012137455591076	0.000192606547454			0.0004257552907842			0.000222171104853		0.0003934246558792	0.0002260050079464	0.0004672211572479			0.0006613927225222	0.0006576717445812	0.0008821319286653	0.0008180747220894				0.0002991628239	0.0005946459666402	0.0002856718366097	0.0002609301033895	0.0007221690861604		0.0009446947677924	0.0005148281164282	0.0007916664800849		0.0007809569512644				0.0005436975547501	0.000237413142645	0.0005098290768215		0.0005128006345621			0.0002437999366529	0.0016232333548015		0.0004152298264411				0.0018138697853194	0.0002711412132069				0.000229109198857					0.0009029985582094			0.0001548250043021			0.0007258943329543	
Curvibacter	Comamonadaceae	Burkholderiales	Betaproteobacteria	Proteobacteria	Bacteria	0.0388086642599278					0.0901771336553945																																					0.0400667779632721																			0.003225006201935		0.0166666666666666																								0.0576241134751773								
Cutibacterium	Propionibacteriaceae	Propionibacteriales	Actinobacteria	Actinobacteria	Bacteria																																											0.030050083472454																			0.0076903994046142																																		
Dehalobacter	Peptococcaceae	Clostridiales	Clostridia	Firmicutes	Bacteria																											0.0002318626414806																																																																					
Dehalobacterium	Peptococcaceae	Clostridiales	Clostridia	Firmicutes	Bacteria									0.0001461805117428																		0.0005038326643339						0.0003020680597046									0.0022857142857142		0.0002546061082292								0.0007299228391083														0.0001647121266712		0.0005168255698478				0.0002424126219629								0.0006187993331892				0.0002257563375351												
Deinococcus	Deinococcaceae	Deinococcales	Deinococci	Deinococcus-Thermus	Bacteria																																																																0.0433333333333331																																
Denitrobacterium	Eggerthellaceae	Eggerthellales	Coriobacteriia	Actinobacteria	Bacteria																													0.0002223545742499												0.000352729216651										0.000204788517612		0.0001895188220469	0.0001562879998067													0.0002184039417965								0.0003099847776341				0.0003155371498679																	
Desulfallas	Peptococcaceae	Clostridiales	Clostridia	Firmicutes	Bacteria																											0.000167576479706						0.0002601467084794				0.0001578478514403																0.0001128477915697								0.0002446238438952									0.0003438907712044		0.0002625022307771								0.0003550836178601				0.0001649183300595					0.0003384104045929							
Desulfovibrio	Desulfovibrionaceae	Desulfovibrionales	Deltaproteobacteria	Proteobacteria	Bacteria		0.0002848577745851	0.0003615411454744				0.0005086211288463								0.0004037998555286					0.0004812628336755									0.0003734749771765		0.0002277807041271		0.0005533129053352				0.0002829022795967				0.0002643692446637								0.0001975169300189		0.0002253407819608			0.0003481501960907	0.0011210861858613002				0.0003615186532932				0.0008256013417393								0.0005908143909947	0.0005048168404445												0.0002884697060252												
Dialister	Veillonellaceae	Veillonellales	Negativicutes	Firmicutes	Bacteria														0.0003955037468777	0.0010599355753445						0.0004237080977136										0.0002545097938944					0.0008633093530437			0.0002290738235419		0.0004664988117367								0.0006348758487268		0.0006251154125894		0.000251751772752	0.0005939032723708					0.0007730885578157	0.0042553191489361	0.0004043407435453	0.0069461672041677											0.0023233046005551	0.0008194278903456																						
Dorea	Lachnospiraceae	Clostridiales	Clostridia	Firmicutes	Bacteria																																																									0.0004284643125599																																							
Drancourtella	Ruminococcaceae	Clostridiales	Clostridia	Firmicutes	Bacteria																																																																																				0.0001972038198886												
Duncaniella	Muribaculaceae	Bacteroidales	Bacteroidia	Bacteroidetes	Bacteria	0.0144404332129963	0.0014377380704437	0.0031863200890864	0.0104403049982185	0.004460803502911		0.0064171694850751	0.0015908168545663	0.0049125457871273	0.0096753114221699		0.0023337376847504		0.0024645639725682	0.003900397983702	0.0060972975269331	0.0044109018347051		0.0022149126565338	0.0063574476236282	0.0011126816905283	0.0084887966700294		0.0011124500377313		0.0042900128081932	0.004820442586118	0.0083498968716888	0.0053254118631389	0.0019986430254639	0.0055737458177302	0.0054601745474072	0.0035062243918347	0.0032880045429553	0.0035873204009859	0.0031246794518424	0.0074110473986808	0.0014778748506676	0.001141006437452	0.0057386034148054	0.0042586460796127	0.0045714285714285		0.0031595591789819	0.0028873967369308	0.0069093226513355	0.0046899577670473	0.0083333333333333	0.0056994471269811	0.0060477775962734	0.0058792412869621	0.0066844831502595	0.0044379706147287	0.0051056569107296	0.0059389524487375		0.0029106837372224	0.001476778072385	0.0052830183249003	0.004255325865385	0.004001957526534	0.003520035191346	0.0025196796546715	0.0044444444746892	0.0042630274188489	0.0048419756422867	0.0033428192222426	0.0045123710375986	0.0048817167493629	0.0081103478589835	0.0037392834862439	0.0036602940107232	0.0028660142524472	0.0024544248116259	0.0021423531340728	0.0018408406635996	0.0032869873770065		0.0051067095357128	0.0093543750313179	0.0075969569028123	0.0046035866003051	0.0089463974140779	0.0117376831335166	0.0074850299401197	0.0071197411003236	0.0060610449690155		0.0066156020561602		0.0223463687150838	0.0096410634205769	0.0168479512475869	0.05	0.0062820729771178	0.0062950243671502
Dysgonomonas	Dysgonomonadaceae	Bacteroidales	Bacteroidia	Bacteroidetes	Bacteria																													0.0004628900934105				0.0001887765946221				0.0004386202559679			0.0002793135313041	0.0003209470583016	0.0011428571428571			0.0002279861425172																																												0.0003214401924808							
Dysosmobacter	Oscillospiraceae	Clostridiales	Clostridia	Firmicutes	Bacteria		0.0173377528120906	0.0173966726045128	0.0412180762292571	0.0175676709284039		0.0448195976409131	0.0129691259812331	0.0571120528660593	0.0528653341652829		0.0133373471467955	0.1089886838659925	0.0169276511691015	0.0324171763668135	0.026499723557337	0.038590084895249	0.0591311456174286	0.0320089841851827	0.0230850570615162	0.0087507612384304	0.0420771975603381	0.0238784854648586	0.0069455557433577	0.0090134635559239	0.0207539318843094	0.0308044809262391	0.053929493647072	0.0396533483223468	0.0244260370116748	0.0075210518021463	0.0255203323087952	0.0281023720590844	0.0163192444691464	0.0299862174446971	0.0065268364293996	0.0288012683326072	0.0108921100693557	0.0064407388959907	0.0189278890759913	0.0179027549348683	0.0076578782628361	0.0198622864006104	0.0363579056498728	0.0264994896600422	0.0289041590144735	0.0237084037227815	0.0250066729356602	0.0372428482171913	0.0263616599057316	0.0275742328118	0.0644655805668705	0.0308264876391354	0.0253572151640345	0.0310307490856092		0.0280233615716924	0.0191104299763526	0.035930565688143	0.0103454070800642	0.0273673534121726	0.0400946834648013	0.0322892217687675	0.0034238640717593	0.0266276453821403	0.0280819610674003	0.0265399604540159	0.0279232057660363	0.0553233537161369	0.0342204117946885	0.0195864667039917	0.0237849132526422	0.0178081131657802	0.019396112410729	0.0121816810807838	0.0106327201913767	0.0334622288586205		0.0563431262398325	0.0409969913879263	0.0358370182036444	0.0372478001103251	0.0373850971908289	0.030465333332213	0.0187842293824161	0.0296004150711981	0.0199032798017517		0.0533351709188152		0.0763276241487096	0.0469919493714653	0.0651362703633329		0.0326546091608642	0.0471934365113964
Eggerthella	Eggerthellaceae	Eggerthellales	Coriobacteriia	Actinobacteria	Bacteria		0.0009372188275067	0.0005649079200311				0.0005805941574204	0.0007357471633177				0.0004655250650937		0.0005595293712274	0.0007598126179818999	0.000598483507988			0.0007928844674778									0.0004118221830699	0.0004752856738784		0.000569451802583		0.0003022124488479	0.0007095541047404	0.0013298143346400998		0.0008933754390896	0.0006763611765739	0.0008999427309171	0.0004177792309229	0.0003940421143364	0.0011428571428571		0.0006163262067846	0.0005023820738695	0.0004108784965259							0.0003982364343026	0.0003114806019664				0.0005440827704593001	0.0003141762600535		0.0006298254348999						0.0012079271751028						0.0012104896641012		0.0004750580898382					0.000637674373777				0.0005451261531359			0.0009502534349526		0.0003733198716067			0.0002713123761918				
Eisenbergiella	Lachnospiraceae	Clostridiales	Clostridia	Firmicutes	Bacteria		0.0009077811339058	0.0003973339934876	0.0006506778764344	0.0002806934631962		0.0018983968822823	0.0005136012522156	0.0006640261012072			0.0005278513066456		0.0005089693866366	0.0013249996742266	0.0013697672498258	0.0008981665038096	0.0156250000627524	0.0010058745718248	0.0015053508268876	0.0002958941502183						0.0005941381611341	0.0013778118297031	0.0028979001203166	0.0010582041414259	0.0005427975147653	0.0008224011614887	0.0014335912433387	0.0015578824462295	0.0008570668128267	0.000751009414489	0.0040523089731004	0.0005207857391135	0.0009739927671087	0.0007962368915707	0.0010071968279411			0.0009211988078279	0.0008215730828272	0.0013460083466463			0.0004582856997467	0.0030332332709015	0.0004312140993343	0.0006623235124647	0.0012029808279621	0.0009824255416159	0.0012174617592977		0.0008493396432689	0.0004493476118836	0.0015522299262735		0.0013277080444381		0.0008483840574191			0.0002582347612905	0.0015313110074393	0.0009030620216316	0.0009121158046587	0.0002538275699732	0.000968888256765	0.0012217462830495	0.0005317946293751	0.0008377574845288	0.000522623538908	0.0010749840457685	0.0016916141975707		0.0010462939929869	0.0019705712079151				0.0006744865146463	0.0014970059880239	0.0081478799640955	0.0006710009065612		0.000551581314918			0.0019976324211891			0.0011571962305176	0.0014517442464105
Emergencia	Clostridiales Family XIII. Incertae Sedis	Clostridiales	Clostridia	Firmicutes	Bacteria		0.001564098357699	0.0025043537212564	0.0072726455427969	0.0015146669809946		0.0069567894439487	0.0018892848992475	0.0062865389896897	0.0034169919614303		0.0016139818507569		0.0046540209942177	0.0050429383128894	0.0042346080813566	0.0045015742078504		0.0028409287039097	0.0044139412362749	0.0005612374427042	0.0094589239446387		0.000449767107271		0.0029629923913396	0.003878468156057	0.0044661089348492	0.0068874664814569	0.0016178175128964	0.0018014202543546	0.0061593377552469	0.005905179595009	0.0021382311537385	0.0076023394538843	0.0010651112237031	0.005768561861265	0.0019915273422638	0.0020497513580993	0.0031841425731124	0.0045619119590961	0.0070031382536871	0.0229428082453767	0.0076338028105548	0.0014229323134008	0.0047714787159749	0.0039400818948135		0.0029803628862286	0.0089988712062604	0.0035332025786968	0.006887932788079	0.0037261314469894	0.0034906806585598	0.0123327450236206		0.0018034237802245	0.001212575031771	0.004000737035179	0.0063935861043198	0.003157721501138		0.0052054303769022	0.0033349065220202	0.0016617691958495	0.0033084964242698	0.0043059945261303	0.005758558113467	0.0070287841251727	0.0032219038099409	0.0033080373537178	0.0050971263981814	0.0069580941476517	0.0031885780547377	0.0014512986633227	0.0016153246007825	0.0056076139432735		0.0078627976880202	0.0089989123137807	0.0060945320048981	0.0083350209365347	0.0026539576086877	0.0131496401521486	0.004698308513664		0.0034107702725386		0.00730850343423			0.0085880453007927	0.0157864614020008		0.0034645777515296	0.002639388177827
Empedobacter	Weeksellaceae	Flavobacteriales	Flavobacteriia	Bacteroidetes	Bacteria			0.0003116166994188																																																																																													
Endobacter	Acetobacteraceae	Rhodospirillales	Alphaproteobacteria	Proteobacteria	Bacteria																																																																0.002222110581878																																
Enterocloster	Lachnospiraceae	Clostridiales	Clostridia	Firmicutes	Bacteria		0.0025930395500453	0.0011674254054119	0.0013272729670355	0.0002972349368783		0.0011086726408174	0.0016875063710512	0.0007586827093518			0.0013868894123851	0.0067890944136504	0.0018254022100214	0.002119839363815	0.0009469526887208	0.0012500705077343		0.0021373433246341	0.0008554861569148	0.0014031155910288			0.0011337943482853		0.0006390166477718	0.000875319587278	0.0015032797581647	0.001627592908666	0.0023714478580864	0.0009372265633283	0.0011758086775541	0.0005076000396097	0.0020887101261996	0.0007002442560385	0.0010648881508329	0.0014688048785681	0.002034814306878	0.00187565901165	0.0010460166883955	0.0015460655852992	0.004540880512391		0.0006793915577824	0.0012492033234772	0.0022874417082906	0.0013619142110181		0.0003834268595056	0.0020180058079786	0.0015720097202654	0.004191943212563	0.0012411102388872	0.0014220311882708	0.0010286949890845		0.0040157668973413	0.0019279892093383	0.0015120927181606		0.001897982161888		0.0017143319440061	0.0011115980100329	0.0013035058822595	0.0006806566354978	0.0019197827459053	0.0012750437633981	0.0016128341363478	0.0003246471915929	0.001087884980853	0.0013193635230925	0.002280445490514	0.0018731072374483	0.0009967676393521	0.0014317871160986			0.0008852822258647	0.0012410821397546			0.0011579471135076	0.0017316047243518			0.0010614304483156		0.0011950566383538			0.0017320239564216	0.0016644320455826		0.0012420345785976	0.0004919623031669
Enterococcus	Enterococcaceae	Lactobacillales	Bacilli	Firmicutes	Bacteria			0.0004734601751875									0.0004004360314455																		0.0004011432582861	0.0002562532921441						0.0004752658501846																														0.0003958760220621																													
Escherichia	Enterobacteriaceae	Enterobacterales	Gammaproteobacteria	Proteobacteria	Bacteria																																																																								0.0002625042909355																								
Ethanoligenens	Ruminococcaceae	Clostridiales	Clostridia	Firmicutes	Bacteria				0.0005286492457409	0.000788678666721		0.0004171663810814		0.0011859128698364	0.001958826392256		0.0002390878092756			0.0003098713958054	0.0002677000986257	0.0010038836100933		0.0004457240359455	0.0004938245905294						0.0008507768541357	0.001367350121977	0.0010173415995572	0.000660696864417	0.0002559590481291			0.0009724186963036	0.0003376325026439	0.000675759986875		0.0005102181169492				0.0004051376993719			0.0014703748548104		0.0003717565291312			0.0018996959188304	0.0010981035968816	0.0002892968369702	0.0002305260566094	0.0004396764517397	0.0004057950575122	0.0007573632031208				0.0006534415705463		0.0002752629809582	0.0094085537657595				0.0015120637543925	0.0004573398296541	0.0015357982217189	0.0008212462629987	0.0023054429178593		0.0007210476887137							0.0014607649639868	0.0016113554002854	0.001034296377053	0.0014508737156486	0.0011744655921769	0.0013237192767041	0.0025429575232514				0.0015453015941412			0.000443339028091	0.0016360815715734		0.0008271398714809	0.0019998997847651
Eubacterium	Eubacteriaceae	Clostridiales	Clostridia	Firmicutes	Bacteria		0.0077057391456619	0.007403794313304299	0.0066497141280715	0.0032141448874046996		0.0049236727887798995	0.005581525035905701	0.0039549281428741005	0.008778028037244201		0.005283759382911301		0.0093603269182403	0.0108396895958245	0.005194885131309	0.0071304216023634	0.0268988981205595	0.0076681620480476	0.0067724161917087	0.0027686664385554996		0.010106114198817	0.0016973962641085		0.0048472790683738	0.0058417191526277	0.0072662338085825	0.0083424077457989	0.0089065521214354	0.00269713301938	0.0067661095344758	0.0091063478325855	0.0141087276646748	0.0036448156018524	0.0066616639075851	0.015304222808878599	0.0063700435130523	0.009006906167218099	0.0044862371675077	0.0070232644722235	0.003429305306477		0.0081169481127134	0.0083382858707366	0.0099856652573858	0.0082970802399375		0.0102031173161414	0.012118936100865299	0.004723993469469	0.0052410979998576005	0.0050000689142018	0.0053118938058242	0.0120191261008047		0.0113061082810879	0.0086242193817756	0.0057735358713928	0.002127659574468	0.0078730307771451	0.0200979217214773	0.0048216883250633	0.0119145230150082	0.0047972795272212	0.004603941097959	0.0089959228915761	0.007985596633487	0.0065244870084645	0.0044772562410282995	0.0046083534264471995	0.0071601422874189	0.0066442642209576	0.0100507414084823	0.0050671002568711	0.0079272468645055	0.005559215464153101		0.0048769488949992005	0.0112988837936028	0.005752230488966999	0.0078975605557838	0.0022075909617582	0.0113258533046427	0.0029919845544146	0.0185326887727996	0.0068423865141237		0.0073207042706756			0.0108895236216896	0.009775139213517001		0.0067520141868380994	0.0064843995267445
Faecalibacterium	Ruminococcaceae	Clostridiales	Clostridia	Firmicutes	Bacteria		0.0031704317569327	0.0012580668123369	0.0005718559246431			0.0009454296224613	0.0004336440888135	0.0006971904667628			0.0007348722718077		0.0013082809482122	0.0017603645734284	0.0004470498386721	0.001344904783719		0.0011047851781693	0.0005787365981001	0.0002681023827994			0.0003648786079999			0.0006127995239407	0.0005550351412605	0.0012730069850919	0.0040134923640278	0.0011557484310012		0.000371162237818	0.0012582070190991	0.0007747026718679	0.0051941158442759	0.0009881092426053	0.0019683499386676	0.0029307832427527	0.0016716046613206	0.0007647503058355	0.0011428571429803		0.0007007046807361	0.0020388154037341	0.0021182836113971	0.0009404632376145		0.0001551926143716	0.0015822673654834	0.0005116830714869	0.000609094013465	0.0010825953724675	0.0007823665395336	0.0017910967866091		0.0172332365874789	0.0019505878660022	0.0012656169214126	0.0085106372019284	0.0022152774469659	0.0036828906041597	0.0009017097664788		0.0009744569333396	0.0004276054895235	0.0018381219880086	0.0009125086826711	0.0007990467664944	0.0002906603744047	0.0009047373168556	0.0004970304668731	0.0008353487678944	0.0028350487610921	0.0013436394624596	0.0011183350818554			0.0014644736704651	0.0004488114273986			0.000628970859946	0.0006852871989725	0.0029939947237267				0.0005872052720731		0.0055865921787709	0.0004332042780465			0.0011977584713799	0.0004888744600029
Faecalicatena	Lachnospiraceae	Clostridiales	Clostridia	Firmicutes	Bacteria		0.0129129321077163	0.00946094927533	0.0159527250808743	0.0042176735966463		0.0158808322001528	0.008714179855128	0.0096749545361077	0.0034635022749073003		0.0089102641131283	0.07362357202208791	0.0117482237759933	0.0146476366709122	0.009942689026414	0.011477638312194501		0.0157044135781429	0.0085470690420481	0.0055010254180763996	0.0127372436576042		0.0040162845151686		0.0106512367889207	0.0079363378954217	0.015644878388092	0.0122921358942091	0.0146159035266499	0.006247283533646	0.0122358740711288	0.009249380186003	0.0177648907690396	0.0095220458852653	0.0066527440795397	0.0122508122449721	0.0083352963391938	0.008155753123105399	0.0060725199727890995	0.0090242622097798	0.0145803688844008		0.0162206640619754	0.0116928565889147	0.018620742641612398	0.0105880736362568		0.0052756208586155	0.0158348395375267	0.0275636074870239	0.07636120981010211	0.009305041607883199	0.0091779698974436	0.0133905677225532		0.0174673447537473	0.0112512735976989	0.0067400135418803	0.0099906514700115	0.0139271146030494	0.0107298399664597	0.014443739450828701		0.007373584280105899	0.0100041761229976	0.0193249683389812	0.013399551961568	0.0117457248995856	0.0042365081680699	0.006265722335443801	0.0108070995780008	0.020727839464553102	0.0122296191010861	0.0073560387822912	0.0102429955655853	0.0141972646702631		0.0116142996771346	0.013007830662278	0.0071312264453837	0.0094295960037168	0.0058755561066502	0.011789696940104899	0.0043857131623732		0.0104907694211939		0.0130883458514783		0.045410130726614	0.0125289156609247	0.0144109402930801		0.007822009495287701	0.0118191902999314
Faecalimonas	Lachnospiraceae	Clostridiales	Clostridia	Firmicutes	Bacteria		0.0075660359008521	0.005805150642514	0.0087766146054666	0.0020450821426278		0.0080338338749575	0.0074401145956578	0.0050950307714191	0.001133386438412		0.0080043548879895	0.0155393186067019	0.0069138165657387	0.008405483964294	0.0072044423246356	0.0091139729121577		0.008192619815543	0.0084784441665364	0.0029613586910447	0.0146451020837392	0.0162539091366572	0.0025294490859929		0.0069011872422069	0.0060718168152594	0.0109915149887895	0.0062886514553986	0.0100335813285914	0.0056224997876497	0.0072367953354718	0.0117667703689143	0.0103948961214101	0.0052705445971507	0.0040751116684798	0.0086466461214938	0.0059097173901785	0.0067503244576113	0.0045247204387448	0.0051314392569434	0.0051868315559557		0.0088758161929009	0.0084787625290331	0.0100763646611798	0.0069618209602666	0.024666028766849	0.0033507539827214	0.0100318336434157	0.0208947920306705	0.0136224367440964	0.0062984125813455	0.0062785201601935	0.0068681445267848		0.009666901310958	0.0079173774956114	0.0045898179715618	0.0052540270278153	0.0085828285641516		0.0071762116153278	0.002013378441184	0.0039822803070166	0.0044180102685587	0.0124163145494227	0.008290168774079	0.0049768337485441	0.00217934583134	0.0050983533576926	0.007893599561752	0.0094807397561974	0.0074585303278818	0.0048018811305675	0.0082865544007838	0.0096526133345839		0.0054539727402396	0.0083986341122852	0.0048349781458203	0.0057545691211644	0.0031027542555385	0.008205513202761	0.003909805368294	0.0081164461332438	0.0081864505577873		0.0058849161715556		0.0276143849062622	0.0095572318018913	0.0075813615389333	0.0333333333333333	0.0049296179058105	0.0070030824673674
Faecalitalea	Erysipelotrichaceae	Erysipelotrichales	Erysipelotrichia	Firmicutes	Bacteria								0.0003378779242539	0.0004178913203972										0.0002396445888451								0.0002752745501483	0.0002864919066036		0.0003259288973574	0.0001722733423397																				0.0002003029582243										0.0001534255746512					0.0002971305677395	0.0003502413311479					0.000302494060704	0.0002531950930061											0.0002005247655177								0.0003215248907701				
Falcatimonas	Clostridiaceae	Clostridiales	Clostridia	Firmicutes	Bacteria		0.0008876537779464	0.0006227222047896	0.0008966702669812	0.0002993807094757		0.001044576776539	0.0006307290334897	0.0010295628356715			0.0008367852978135		0.0004868646065019	0.0012849744000542	0.0007283869570395	0.001002023358188		0.0009398506917665	0.000669428629257	0.000294915006127					0.000987996641265	0.000973653460102	0.0013764219317313	0.0011714645255799	0.0007225573904859	0.0002750353496859		0.00053516371926	0.001069919792936	0.0007459921292943	0.0004651212147582	0.0010417563984196	0.0006267620256959	0.0004930426514478	0.0006020642157332	0.0008850605356425			0.0010377786913847	0.0004094711135461	0.0010565203290419	0.0007709953192914		0.001194637017364	0.0010302286521379	0.0007608490778104	0.0024983979041506	0.000946961840453	0.0008226228780464	0.0007392340257129		0.0004382655973966	0.0003462647962608	0.0008979420470621		0.0009049616205411		0.001016078474527		0.0009944059634274	0.0005820072976403	0.0013325059778845	0.001111570569288	0.0010022203230138	0.0010177431344633		0.0014869945414624	0.0007427282014823		0.0004800175330566	0.0009139079486023			0.0009507254266427	0.0015736175052836	0.0008752001298762	0.0013819340481111		0.0005686103883446			0.0007087415152147		0.0011444214292149			0.0012710483002524			0.0009244657004056	0.0003356226356817
Ferrovum	Ferrovaceae	Ferrovales	Betaproteobacteria	Proteobacteria	Bacteria											0.0038832144017729																																																					0.0011111111111111																																
Fibrobacter	Fibrobacteraceae	Fibrobacterales	Fibrobacteria	Fibrobacteres	Bacteria		0.0013219983526826001	0.0009716416224155	0.000438596491228	0.0063621241045487		0.00648853814626		0.003256489952344	0.0083592447150352		0.0003002852695768	0.0074906367041198	0.0003330557868442	0.0017527841085616998	0.0032584120225855	0.0026931591756248997			0.0025345697404383						0.0011355424796118002	0.0003622134967868	0.0019338284910606	0.006485337781648301	0.0003264743445312	0.0013666771055789	0.0015844436442203	0.0073942167575811	0.0003572846367606	0.0061923583660775	0.0016855082970241	0.0035287265810305998	0.000405816706121	0.0002127137363985	0.0034686097527751	0.0019789240082372			0.001718862360483	0.0013589446518054	0.0010956759971959	0.0009994669509594	0.0083333333333333	0.0021303625253412998	0.0044554770522262	0.004892288134662	0.0029127172057889	0.0036904822425162	0.0019682785075779002	0.0003149606299212				0.0030961887547466	0.002127659574468	0.000167373354162	0.0029769288017861	0.0015433022142167			0.003649484618969		0.0008475501017427	0.005689799936252501	0.0188971961679886	0.006343402987884	0.000525008581871			0.0003305443652515	0.0005223853221939	0.0025303643724696		0.0040476694015754	0.0030273760906639	0.0058778945991188		0.0053756184345468	0.0037146817165605		0.0077669902912621			0.0125512069052034		0.0055865921787709	0.0058309383017556	0.0072002501286804	0.0166666666666666	0.0046094565096359	0.0036671775280841
Flavonifractor	Ruminococcaceae	Clostridiales	Clostridia	Firmicutes	Bacteria		0.0016773217682392	0.0021993433348356	0.0076373778394386	0.0057558559638691		0.0122272068257782	0.0026064189235776	0.0095480010209617	0.0059067211906317		0.003280556153422	0.0173967627162705	0.0037147692402381	0.0073874435936236	0.0075202402686668	0.0103329297348037		0.0047693791013362	0.0077836362951276	0.0011999163881299	0.0121551477395031		0.0010710763241875		0.0048243068677719	0.0084309537740498	0.0088609580145194	0.0089407365487521	0.0030095914473925	0.0015436023647986	0.0085562665888913	0.0074861956922514	0.0030211901564529	0.0134182129473247	0.0011753794955832	0.0064669950331489	0.0010302197110637	0.0006930552270267	0.0043127656461337	0.0045861168979209	0.0024828369835248		0.0080912079193487	0.0030226849003396	0.0082629341518367	0.0055839212190864		0.0063403672008384	0.0078130731390643	0.0075999221753451	0.01418703900068	0.0087957447623706	0.0073707175284945	0.0090429746229857		0.0057608591335217	0.0030938203142873	0.0074679820807754	0.007974980500364	0.0066197551228155	0.008161162134928	0.007328647145862		0.0041245397384621	0.0097558593977428	0.0056968066048245	0.008694787675764	0.0107192030058259	0.0075830193365509	0.0047474859725186	0.0084042021752836	0.0051150820919064	0.0031471458186122	0.0018343915165168	0.0021968312301554	0.0081838473181614	0.0238095238095238	0.0119437766857603	0.0128746994513702	0.0083797618463181	0.007926352369703	0.0084075207320143	0.0121813893248953	0.003981134027152		0.0039049457872079		0.0119898522405029		0.0055867396226922	0.0140540965485025	0.0165409181523606	0.017210105759216	0.0079703521776132	0.0088754460903032
Flintibacter		Clostridiales	Clostridia	Firmicutes	Bacteria		0.0023889807843975	0.0023738371011856	0.0074853014127106	0.0038496138931986		0.0092802903768514	0.0020931939376269	0.0093338492619251	0.0062982538409868		0.002409984781937	0.0234798711106451	0.0027425073246695	0.0062756109022488	0.0068912818841869	0.0100052466377718	0.03125	0.0040741189220655	0.0056496590746465	0.0009813348633438	0.0167416239994581	0.0113945419376694	0.0009756491019492		0.0048854336923806	0.0076271834176757	0.0082191032117016	0.0082987236378004	0.002525796470834	0.0010560169846395	0.0071336681024823	0.0065915951594379	0.0034435757383625	0.0089126671815995	0.0012443869091996	0.0066668138330278	0.001898879802442	0.0011486456159486	0.0036970801267527	0.003280105772992	0.008048243492207		0.0080870375193529	0.0022168109689456	0.0073272130032305	0.0047585689761268		0.006325757849167	0.0071937174021149	0.0050272784981702	0.00971932723864	0.0091604083504672	0.0072232868462999	0.0090163149413728		0.0043853565720633	0.0023288315051084	0.007827972659608	0.0095226471142966	0.0064635069947508	0.0054576983544776	0.0053527262992822		0.0034725560298807	0.0077305878251455	0.0048690371807939	0.0084679139943944	0.008801169827363	0.0072294721051974	0.0034838087036599	0.0076142878937234	0.0039177837442882	0.0022409785968807	0.0014668896138828	0.0020632433510472	0.0053394006238328		0.0098136381882762	0.0109785348225513	0.0066917084010676	0.0090121528487021	0.0064484137199188	0.0080856710871306	0.0044902561256758		0.0032100199607		0.0115213479342237			0.0084452974896796	0.0119070427971834	0.0180245843769221	0.0070940272052963	0.0084174901927276
Fonticella	Clostridiaceae	Clostridiales	Clostridia	Firmicutes	Bacteria																																																																																					0.0014970059880239											
Fournierella	Ruminococcaceae	Clostridiales	Clostridia	Firmicutes	Bacteria		0.0004041085523871	0.0003260529574843												0.0003858707424303	0.0002607310714132			0.0002466074359833								0.0001610369785751	0.0003871068778823	0.0005022253420321	0.0006582063317587				0.0002390135960719		0.0002865051276391	0.0003128860899952	0.0004233729291485	0.000407800101005		0.0001941333518075	0.0011428571428571			0.0003682341813217	0.0002530949813406					0.0001650615796033	0.0002019774261376	0.0002727466015931	0.0001951866988269	0.0004620188443259		0.0006017818753378	0.0002723960366929	0.0001943472700811		0.0005581271550751					0.0001948626916358	0.0006173950982309		0.0004280661767233				0.0003204944588164		0.0002603735112162				0.0003471456994216					0.0003298096479798					0.0003156137027404			0.0003555862963144			0.000353500997058	0.0002630121025685
Frisingicoccus	Lachnospiraceae	Clostridiales	Clostridia	Firmicutes	Bacteria		0.0049330011359302	0.0010730717776766	0.0046505705044875	0.0011238785706274		0.0043902323248264	0.0022747748615872	0.0030289883363582	0.001267145735242		0.0018681819043368	0.0629342119202812	0.000926112003794	0.0022210992973451	0.0023987652585499	0.002757265853683		0.0004312016725361	0.0012850632645431	0.0022872291952718			0.0016869457094747		0.0010323750412498	0.002451419214309	0.0018864407541263	0.0016708725017347	0.0043345830969673	0.0003205907988827	0.0040247564984514	0.0009992541599156	0.0034289795519574	0.0024091200288059	0.0026896961661322	0.0008708837317487	0.0036907999616623	0.0014242954179821	0.001820453475665	0.0035481309084081			0.0010261043728274	0.0039036234540134	0.0031999779063084	0.0023307727120934		0.0013719780852241	0.0032396433702431	0.0098961436997267	0.0685575647880345	0.0008614638692347	0.0010667373196039	0.0015790634378665		0.0015126692696768	0.0013453656780855	0.0003772510501117		0.0011884229809817	0.0034730836020838	0.0046026270176557	0.0188888888888888	0.0012986167317711	0.0020010954832248	0.000783292483474	0.0019546963027271	0.0046775334312556	0.0017016927524457	0.0007461243358336	0.0007471367143739		0.0023206094585651	0.001290977893105	0.0043186553471352	0.0054838575107509		0.002848312117648	0.0020135244527851	0.001165761478157	0.0030594455691952	0.0028524061804584	0.0023152604363962	0.0044910179640718		0.0011327934242529		0.0035559194759658		0.0391061452513966	0.0009304058462167			0.0004648074017768	0.0011751847917
Fusicatenibacter	Lachnospiraceae	Clostridiales	Clostridia	Firmicutes	Bacteria														0.0011035591802829																																											0.0043923476098951	0.0016819722322705									0.0002576723173602																													
Gabonia	Porphyromonadaceae	Bacteroidales	Bacteroidia	Bacteroidetes	Bacteria		0.0005036315912957	0.0008505344237115	0.000563882507516	0.0003467124325347		0.0021811814789836	0.0004119361927184	0.0009117773199164			0.0003118625442403		0.0003690800030752	0.0017527241282558	0.0025731827942531	0.0025209891177971		0.0003682943912125	0.0018245646074066							0.0009257146014599	0.0008086323572257	0.0035567360701894	0.0005361079702551	0.0003994123204612		0.0009187328322067	0.0006969061916042	0.0014443937852842	0.0002923540566318	0.0018878613201637			0.0005610290784083	0.000419570568175			0.0012174817876943	0.000480453285621	0.001415404576488	0.0021177647992962		0.0006604335548502	0.0029186137622845	0.0001692020986593	0.0004317916655616	0.0011567429284851	0.0003583663578204	0.0025665359144127		0.0004089614814336		0.0007638193243856		0.0003699816993089		0.001609239635182		0.0006877621509428	0.0008432545899132		0.0015479983177778	0.0007581328646775	0.0018432245969566		0.0006918715055867					0.0022067857976579		0.0006323436182499	0.0053528949356972	0.0008362660839348		0.0017143283238049	0.0014948599656469	0.0014970059880239				0.0033537940031868			0.0010228053110483	0.0017994214734285		0.0009013947063007	0.0014651365164638
Gemmiger	Ruminococcaceae	Clostridiales	Clostridia	Firmicutes	Bacteria		0.0039482123579557	0.0022132747384428					0.0007419656574921				0.0006969754667836		0.002026638867955	0.0013738037257691				0.001485440067602		0.0014014873324915			0.000765534954254			0.0001482194028158		0.0006515513402525	0.0044711004302181	0.0033529512594476			0.0013354772191665		0.0046275224951055	0.0006157039965289	0.0064548033205523	0.0098315605860297	0.001222207881422	0.0007314988652324				0.0018732929071171	0.0018946542852364					0.0006115507029324	0.0002428563947674	0.0007630145215697	0.0009491202475575	0.0009803224068894		0.0035519399709449	0.0017528647234328	0.0010858333811029	0.0063829798193481	0.0031272540218126				0.0012623515078646		0.0030169407763456	0.0005132238745023	0.0003711718365153		0.0006842672064588		0.0014508816194731	0.0040789884019545	0.0041698437406188	0.0009758339100112										0.0103559870550161									0.0011183543541972	
Geosporobacter	Clostridiaceae	Clostridiales	Clostridia	Firmicutes	Bacteria				0.0003731614950632	0.0003076767394873				0.0002493147417443										0.0003315052960913								0.0005154161146808	0.0002179439044137					0.0002360717577576		0.0006309711027878									0.0004733844605732		0.0003056259777682			0.0002577869879702			0.0002145083964848	0.000192827875114	0.0001590071571336	0.0004011809072563											0.0002168494268853	0.0002110789767955	0.0005675609388182	0.0001862170935553	0.0003862741831217		0.0005323962749095	0.0002862431114909						0.0004344612835457	0.0003303556240543		0.0008251830350607		0.0005836254415283					0.0003094479130402			0.000398189635774	0.0012504515790822			0.0002621077579176
Gloeocapsa	Chroococcaceae	Chroococcales		Cyanobacteria	Bacteria											0.0038834951456619																																																					0.0012232967026646																																
Glutamicibacter	Micrococcaceae	Micrococcales	Actinobacteria	Actinobacteria	Bacteria																																												0.0003400011333371									0.0006619309747448001																																											
Gordonibacter	Eggerthellaceae	Eggerthellales	Coriobacteriia	Actinobacteria	Bacteria																																																												0.002127659574468							0.000154146045441																													
Harryflintia	Ruminococcaceae	Clostridiales	Clostridia	Firmicutes	Bacteria																																																																0.0011111111111111																				0.0001791324965341										0.0333333333333333		0.0002165169617712
Helicobacter	Helicobacteraceae	Campylobacterales	Epsilonproteobacteria	Proteobacteria	Bacteria																																																																																														0.0166666666666666		
Herbinix	Lachnospiraceae	Clostridiales	Clostridia	Firmicutes	Bacteria	0.0251262708723881	0.0005432453616873	0.0002819151526007	0.0004091675516332			0.0008991285215878	0.0002745751347299	0.0003850170931892	0.0007703905936669		0.0003559302014864		0.0002302598991798	0.0008404994070797	0.0005566973738395	0.0006776798199704		0.0003643849653284	0.0003373370208027							0.000271769537124	0.000286974775493	0.0008605444439598	0.0004535536947441	0.0002822580912349		0.0016755104847192	0.0006447771764319	0.0004512444960834	0.0005246710682055	0.0010405030969788			0.0004420588196283	0.0004731960423978			0.0002543893136041	0.0004669005967138	0.0007003644499486			0.0005785945242961	0.0011937964408556	0.0003697827760906	0.0008430655017312	0.0004265537053753	0.0002842145431244	0.0012740679047451			0.0004896621050095	0.000470945263715		0.0003698805718672		0.0004939572367565			0.0001661215971726	0.0004223336311805	0.0005710064745748	0.000445278750511	0.0003219539194525	0.0005478357474542	0.0005329082665041	0.0007089159163901		0.000219380284951				0.0004722575277904	0.0004524545856162		0.0007266103746529		0.0007518889008108	0.0014970059880239		0.0005910707457605		0.0005859744449072		0.0055865921862536	0.000528315178001			0.0003786955087453	0.0012671770659061
Hespellia	Lachnospiraceae	Clostridiales	Clostridia	Firmicutes	Bacteria		0.0001576954272585																															0.0001278820912572																			0.0002936996083225																																												
Holdemanella	Erysipelotrichaceae	Erysipelotrichales	Erysipelotrichia	Firmicutes	Bacteria																																																									0.0010711607812332	0.0001651454981351															0.0006722172783648																							
Howardella		Clostridiales	Clostridia	Firmicutes	Bacteria			0.0006327092663492																																				0.0003599773257172										0.0004158089512953											0.002127659574468														0.0007451459646488																						
Hungateiclostridium	Hungateiclostridiaceae	Clostridiales	Clostridia	Firmicutes	Bacteria		0.0026567405422885	0.0019968559976142	0.0040278713500147	0.0020679063050502		0.0041155852659553	0.0023958131535451	0.0039155909431647	0.0015107061713894		0.00307899358082		0.0018204419110616	0.0045756333400881	0.0034559615452751	0.0067252464018237	0.015625	0.0043998458961908	0.0047116251209358	0.0007308712863932					0.0030799178765385	0.0054576050760286	0.0046849868370637	0.0037149171549011	0.0035612333212739003	0.0002974626630092	0.006367161557811	0.0042067215924959	0.0031531394169015	0.0056456909487316	0.0011271973127339	0.0044350631962531	0.0012724263911017	0.0011825297536736	0.0024918164782854	0.0021614516944875	0.0102857158810153		0.0067624881939445	0.002811168081626	0.0070990847688753	0.0050830038662962995	0.0249999999999999	0.0026664564787727	0.0032211019371343004	0.002813679679691	0.0026645849200285	0.0027940540565187	0.0030508344430569	0.004568715173715101		0.0016800132814248	0.0015055825854538001	0.0041162693696788	0.004255319148936	0.0036744552306448	0.0081864864419722	0.0036989163716279003		0.0021797116578787	0.0060565052466635995	0.0065051076555212	0.0071190523575613	0.0025388693884175	0.0030091663561046	0.002226004324041	0.0059911931696978995	0.0016915227633835	0.0015628344443969	0.0014220901319460001	0.0020605541989919002	0.0053187490942527005	0.0238095238095238	0.0028782097111399	0.0099697100159055	0.008489693025338401	0.0045085809469222	0.0033667634092049	0.0093426594635637			0.0041216084794783		0.0061378294801622			0.00951009499046	0.0086732879820214		0.0054961135542885	0.0031912751625183
Hungatella	Clostridiaceae	Clostridiales	Clostridia	Firmicutes	Bacteria		0.01056520214244	0.0054454346117494	0.0062876031275625	0.0017946454089029		0.0048698601330205	0.0068766365458199	0.0035651019504487	0.0024235930568237		0.007632143739199	0.0177354067890006	0.0065786209719856	0.0092558543857436	0.0050902576255867	0.0065796105432325		0.0080684097453114	0.0060010295129113	0.0064891538668334	0.0099716685854398		0.0048470388009418	0.005658454416589	0.0044553717258319	0.0030821605466316	0.0082990701213357	0.008903501301691001	0.0114308159556795	0.0036640913189428	0.0048282006085168	0.0053452489207774	0.0127304252432724	0.0026255581752661	0.004769349446998	0.0084530861447273	0.0074817467922257	0.0076011633064672	0.0043757964547981	0.0065065174305685	0.0054807062108843		0.0051045332905192	0.0082742770586676	0.0086249015836519	0.0087603086891328		0.003167902599283	0.0117066121714699	0.0050092453787316	0.0178798112652848	0.0059312801235215	0.0064040135013995	0.0077135320400435		0.0110473331120804	0.0076657261002196	0.0054985665733276	0.0044587005930229	0.0087546443690253	0.0058266717702396	0.0068519997271668		0.0066646568366774	0.0026839521558717	0.0094567902602026	0.0043960446096257	0.0066101371066048	0.0019673145522212	0.003640901549868	0.0049399313300874	0.0081555471319499	0.0098432114637576	0.0045573395348015	0.0093928159945301	0.0055647093996112		0.003881998153328	0.007109353053547	0.0032467060312471	0.0050692237135382	0.0025229041829788	0.006080635666003	0.0016514415384678		0.0049370668856307		0.0061361669509673		0.0056947576117505	0.0070178755094308	0.0048190902161839		0.0048098697275603	0.0050282136403678
Hydrogenoanaerobacterium	Ruminococcaceae	Clostridiales	Clostridia	Firmicutes	Bacteria		0.0005395596016328		0.0004761064436419			0.0007107736672873		0.0008249736103251	0.0008382709642207		0.0003814727720427		0.0002164137605651	0.0005920377123558	0.0003352538143073	0.0007822098466132		0.0011271988317223	0.0004007693384141							0.0005182942512373	0.0006302450918579	0.0009441441142628	0.0002821618869227			0.0004621931832402	0.000313521756116		0.0002762577370155	0.0011598666109757		0.000287775396177	0.0004998839025068	0.0002464118346485			0.0005280600549802	0.0004833366394965	0.0006264922900729			0.0004203670370125	0.0010574304744003	0.0001463919829656	0.000326450897349	0.0002515089123244	0.0003243721850766	0.0007364348088357		0.0007374835958168	0.0003214591884628	0.0004801680683291	0.0021276597430607	0.000821713909475		0.0005604193164176			0.0001953758419372	0.0013613107272398	0.0007313016799085	0.0006177383895291	0.0005207833908452		0.0006532679207442							0.0010567689074152	0.0011932898441129	0.0006771770572156			0.0009353073664367					0.0022072378176134			0.0011860308472039	0.0020159712891013		0.0007461261512321	0.0005267708601563
Ihubacter	Clostridiales Family XIII. Incertae Sedis	Clostridiales	Clostridia	Firmicutes	Bacteria		0.0011419196767199	0.0013525489344707	0.0107663402027055	0.002090374362793		0.0100384589300959	0.0019560773825646	0.0106380767600172	0.0037766427224688		0.001610672545856	0.0123121415290987	0.0035125812943034	0.0056114554982217	0.0047275449003178	0.006198476392589		0.0025483406701944	0.0038501894589214	0.0004678550349015	0.0059137070273022				0.004925470576565	0.0056199239163298	0.006214543487878	0.0071300065723015	0.0009260526048216	0.0016598077922633	0.0058981890934289	0.0096336350784386	0.0021480553151381	0.0081773063237472	0.0008169364001792	0.0054905173285267	0.0011659989450037	0.0014436706207841	0.0023176042157473	0.0042259244942377	0.007051007026037	0.0154545206360924	0.0129889448578559	0.0011096936171182	0.0061247647169582	0.0056497445746896		0.0059158399476263	0.0118369547181513	0.0029260343266343	0.0136172713395341	0.0060996123864866	0.0043440259512841	0.0104433534453912		0.0015989972559406	0.0011936160855684	0.0042208384183002	0.0042447117680262	0.0036592491538216	0.003225006201935	0.0052606003566339	0.033626229032596	0.0016272786458134	0.0047217031631252	0.0041067404623685	0.0070303456298902	0.0081118823928391	0.0038912562862437	0.0033161858652973	0.0063315957175057	0.0071987327546969	0.0014638251206819	0.0007688552740511	0.0020072676083718	0.0070275557975734		0.0141195141068599	0.0133990309654579	0.0066105475734584	0.0118617879987956	0.0038809581369459	0.0148495325504551	0.0072923127065885	0.0258899676375404	0.0046194832401849		0.0132855807399537		0.016759775014859	0.0118423778371632	0.018727594304258	0.0666666666665072	0.0039402498236155	0.0033133955114403
Intestinibacillus	Eubacteriaceae	Clostridiales	Clostridia	Firmicutes	Bacteria		0.00384488456101	0.0019950353704043	0.000285631618996	0.0034625034270628		0.0005108445704819	0.0016264451517896	0.006913847852702			0.0040180473418646		0.002044016779737	0.0013058300623797	0.0052818400277977	0.0041065356164549	0.03125		0.0010796775981798	0.0009021693281971			0.0005258323895905			0.0005433565726407		0.0004264038903277	0.0033939711552664		0.0034374095969077	0.0005105335429515	0.0012794332185619	0.003047512867782	0.0007255220164965	0.0002065634263936	0.002361356636507	0.0015555193513881	0.0009837051359252	0.0002977130736237			0.0038090730353468	0.001386735928683	0.0030190507378321	0.0040593988936314			0.0009599344822988	0.0023679274366201	0.0010128494769247	0.0002633693880827	0.0002288605229628	0.0007100531878533		0.0021316432155019	0.0014908628066856	0.0003683150390434	0.0042553191489553	0.0002784437596872		0.0033124796366807		0.0005110019522214	0.0018971254368124	0.0003755770239382	0.0006376595613203	0.0012321132864513		0.0006385392248146	0.0009173432618526		0.0021743074264567		0.0021458989127744	0.0045974754501913		0.0026505372522765	0.0008560563814465		0.0015189674254411	0.005067925825353	0.0039019927296937					0.005682860367245			0.000572620959779				0.0004051549706961
Intestinibacter	Peptostreptococcaceae	Clostridiales	Clostridia	Firmicutes	Bacteria		0.0013710364819393	0.0018666054620014	0.0021599096409647	0.0044898312633122		0.0014334778304769	0.0026635225559032	0.0032923217118451	0.0025134701194863		0.001780273840617		0.0041267705634078	0.0029055243867844	0.0033549651047474	0.0052653045520512	0.0356828075427718	0.0027531117534865	0.0051766019660454	0.0043414320296504	0.007125728918675		0.0040757733443346	0.0050580248100218	0.0023523475980343	0.0036181687875202	0.0020857249995078	0.0031788384788275	0.0008034163966766	0.0025630134220541	0.0029883112796886	0.0015551783150893	0.0015227671022952	0.0044251153749256	0.0023690660379003	0.001433837511458	0.0019067439180848	0.0019941515743807	0.0025421726260074	0.0051387229122962	0.0040063851933749		0.001616129699288	0.0011272628845022	0.0026346297162005	0.0032766514474163	0.0083333834833042	0.0028567742882253	0.0032443185960698	0.0086111831522809	0.0024958867761032	0.0059887940743542	0.0091081150845012	0.0051842124294502		0.0015323994066836	0.0015374776379978	0.0086616637229465	0.0046624829971831	0.0045701613277014		0.0023510339050941	0.0088916153548891	0.0036173191248837	0.0057221541712503	0.0059509087324881	0.0043537647294398	0.0041980743207288	0.0029286449265976	0.0041634273493242	0.0039491280910239	0.0069316207677255	0.0024062794554878	0.0014816143783384	0.0022880127240177	0.002865063847933		0.003419705371576	0.0043376545439417	0.0068404994691706	0.0071907376024776	0.0023590013109388	0.0104633140913504	0.0094822165480368		0.0015695056041412		0.0024736331021195		0.0055875111279586	0.0089839817015105	0.008440206086584	0.0169294247165484	0.0085942644314292	0.0021208947868258
Intestinibaculum	Erysipelotrichaceae	Erysipelotrichales	Erysipelotrichia	Firmicutes	Bacteria		0.0005967618679364	0.0029006188068728				0.0004521935611841	0.0124463695678165				0.0029168243960274		0.0037627999557712	0.0543634401453738	0.0042337329789816	0.0009575677778442		0.0019909022537125	0.0012182323713933	0.0031730981707681			0.0018557691050345	0.0037787183708186				0.0036250157316972	0.0015543848242007	0.0031465778032904	0.0007922218221624		0.0010520022166159	0.0004611330698287	0.0089493504944906	0.0024370407937527	0.0010424815412122	0.0023890659013658	0.0022039694251769	0.003018474184188			0.0020966738357063	0.0019213595417509	0.0284820736022547	0.0069526463297407		0.0005643340477363	0.001018394755267	0.002178762389772	0.0012177461819585	0.009408955402392	0.0153768444772569	0.0003149612646066		0.0020709072173133	0.0025753292678162	0.0118205953440871	0.0106401852615317	0.0148906466782998		0.0028431654532681	0.0088888888888888	0.0050737344160874		0.004872521302883		0.0437680112183904		0.0027115023112238		0.1491784994968638	0.0067810116825744	0.0090986502013656	0.0031865283916431	0.0011133603238866	0.0238095238095238									0.0209199938765908		0.0003829883030616		0.0111731843575419				0.0081753803165987	
Intestinimonas		Clostridiales	Clostridia	Firmicutes	Bacteria		0.0009722241734779	0.0012644674259302	0.0061145547002726	0.003833931177099		0.005407164807216	0.0014975158600139	0.0099603400879191	0.0057757499932104		0.0014238604908925	0.019744724448951	0.0026924437698429	0.0030870353349546	0.0046088199257711	0.0053440727503613		0.0030460638179982	0.0044279044030308	0.0011593699870713			0.0003838904753372		0.00263283816167	0.0069772979007924	0.0061111290522533	0.0049752920421779	0.000948359446103	0.0003930702278305	0.0055183187254728	0.0060229910499607	0.001901425359079	0.0068409271522726	0.0014847353599971	0.0037933865530363	0.000406645059868	0.0006001277827899	0.0035394687859253	0.0039404593273914	0.0167690589358715		0.0058597018282988	0.0008690143978872	0.0038049655078737	0.0024682158477223		0.0062265405906904	0.0089085864837785	0.0044634920725959	0.0112082962036787	0.0024979058647368	0.0037832939699435	0.0060832269575745		0.0019268422652526	0.0008641746716274	0.0051551383219649	0.0031914393573921	0.0032726658981186		0.0029661077856587	0.0061111105845463	0.0022838050466369	0.0059363078487228	0.0030683259868925	0.0088677908349319	0.0078930767159512	0.0051445246637217	0.002273306896732	0.0061013682396894	0.0023002935487381	0.0013562466488358	0.0008433698495169	0.0007834279572232	0.0055970456691648		0.0115487012053095	0.009140633962767	0.0103579737541511	0.0051035135910341	0.0057873639172796	0.0072520164660657	0.00224422858066		0.0032659412122936		0.0103486231973856		0.0083954824344537	0.0045942204290929	0.0081887229771576		0.0060890815807613	0.00683518394024
Irregularibacter	Eubacteriaceae	Clostridiales	Clostridia	Firmicutes	Bacteria																											0.0002502632266885																																																																					
Jeotgalicoccus	Staphylococcaceae	Bacillales	Bacilli	Firmicutes	Bacteria																																																					0.0002202828083601																																											
Kineothrix	Lachnospiraceae	Clostridiales	Clostridia	Firmicutes	Bacteria		0.0004478008386212	0.000502728081185	0.0008932465482895	0.0004396905856464		0.0008027186627328	0.0007820741232586	0.0002458955864123			0.0012052304345094		0.0005846470476476	0.0008476368532131	0.0012249608139748	0.001392650133277		0.0003347131772324	0.0023622327920464	0.0003216877959366			0.0002845937659066		0.0011834030389312	0.0011290783454193	0.0007188894925855	0.0009068070502368	0.0004384176146887	0.0005671710523971	0.0010078326695172	0.0033621364186316	0.0003782742142061	0.0007841599929702	0.000700506264375	0.0008595025508837	0.000587657684102	0.0008295695511826	0.0009149452583961	0.0005737503606804	0.0022857239880873		0.0004930960071868	0.0005662058530603	0.000274887312795	0.0010748139141009		0.0003018849567581	0.0010389365615711	0.0002184082751139	0.0003337650808462	0.0007921760946679	0.0005061616379316	0.0007860368104785		0.0004321498107462	0.0005026400853381	0.0003841994015192	0.0021277477486452	0.0004260463154443		0.0004471962385151	0.0044444444444444			0.0003971043145493	0.0007348080026404	0.0009003776657129	0.000320650979762	0.0006645239478399	0.0013971579946536	0.0003692673189423	0.0010609212078617	0.0010597573708273				0.0011377943461419	0.0013775739164579		0.0011947149162217		0.0001753471426724	0.0044913596115247				0.0004604566570803			0.0003246865885318				0.0012265285008359
Kiritimatiella	Kiritimatiellaceae	Kiritimatiellales	Kiritimatiellae	Kiritimatiellaeota	Bacteria																																																	0.0003668125415388																													0.0238095238095238						0.0001505041890225												0.0001984663960306
Kurthia	Planococcaceae	Bacillales	Bacilli	Firmicutes	Bacteria			0.0015596613640452																																																																																													
Lachnoclostridium	Lachnospiraceae	Clostridiales	Clostridia	Firmicutes	Bacteria		0.0068434338447025	0.0073369642132437	0.0048417698944821005	0.0013734490142558		0.0077800580802337	0.0055324780229717005	0.0032717721072477	0.0210639908165322		0.0049945896088784	0.0098765855279041	0.0070305839718415	0.0105660966146258	0.0056458545868461	0.0070148712040256	0.015625	0.0069005822935541	0.0063684889350645	0.0056398035085931005	0.0056636087311005		0.0025012489334796		0.0021761058143488	0.0059696958921627	0.0071830045010602	0.0191337769065399	0.0059590317590604	0.026777187232319102	0.0066113697485828	0.0234176311551274	0.0112955722601435	0.0036585100004008	0.0041958530784637	0.0141881033966872	0.0040515127094786	0.0050210863477851	0.0060484092811689	0.007727707364314	0.005629982549248899		0.0078200805354477	0.003829772200103	0.0082469297530304	0.0063985103934527	0.016666666666665	0.0135213104415387	0.0116273225156061	0.0071640701223424	0.013135466342017302	0.0161191919401399	0.0169309936981867	0.0082763072373292		0.005185714287668199	0.0033961072310051002	0.0114180901366325	0.002127660568273	0.0121050352074371	0.0074423220044653	0.0065902461596122		0.0055392541988975	0.0049409998537064	0.0104419074950837	0.0086887984657081	0.0081264957518284	0.008258679937033801	0.0040451984746551	0.008653922692968101	0.111658118640401	0.0048117651856137995	0.0044051790653558	0.0058455715048297005	0.003075997733769		0.005653154806836	0.0149328154700219	0.0240691753510371	0.0516165019297146	0.0029776812555146	0.0118966931588175	0.0015826588014518		0.0215946763558367		0.0073814564146812		0.0115778483982628	0.01483647410488	0.0212281243501439	0.0333333333333333	0.0097634424282282	0.0141276581791145
Lachnospira	Lachnospiraceae	Clostridiales	Clostridia	Firmicutes	Bacteria		0.0017198261190845999	0.0012234392978345	0.0003986772318833			0.0009567457999321	0.0007603980424044	0.0002141463535381			0.00095641305927		0.0013424620438225	0.0017414887120552	0.0003386100179303	0.0009450148302909		0.0012555585483151	0.0006081101851574	0.0002256906488636						0.0003071041378735	0.0009677562377654	0.0006147591673845	0.0046849940009917	0.0001766541457385		0.0002081757422016	0.0009628152662399		0.0008450194351366	0.0009574042371099001	0.0007991812354079	0.0016883782090670002	0.0002724059551731	0.0005610847025772	0.0011428571428571		0.000301101680782	0.0020677459468526	0.0018699639176145	0.0018888224313438			0.0008904208784208	0.0002756664503189	0.0009670677659671	0.000222716291748	0.000424900497518	0.0006533891504184		0.0049515613371752	0.0018820605595108	0.0003076484761318	0.002127659574468	0.0007614437508775		0.000430137542978				0.0014038487775352	0.0011244825288411	0.0001801612049322		0.0003405548216972	0.000259062282347	0.0005073993559343	0.0013529637974069	0.0009117904205841	0.0006945185342274			0.0001616028423986	0.0002035272892985				0.0002705676739312					0.000364560806737			0.0003918004522573			0.0003199383201826	
Lacrimispora	Lachnospiraceae	Clostridiales	Clostridia	Firmicutes	Bacteria		0.0262550656236735	0.0145160847779614	0.017004350235825298	0.0050797081641027		0.0205338468201248	0.0154569568624751	0.0088037647642078	0.0102613171764856		0.0176546384016631	0.1030007359733788	0.0181212428528768	0.025822857659659998	0.0134338522641164	0.0161735942422095		0.0209435134942252	0.0127432120020323	0.013382806308708	0.0196892470376665		0.0107687026974835	0.014942103998155	0.0163702187893691	0.0084631743496181	0.0230787375469883	0.0228987105427094	0.0333887453160088	0.013998703017696401	0.013375317378313701	0.0160807726199032	0.0316539875029144	0.0087152971877824	0.0119328941091302	0.030708617873550198	0.012415560088676	0.015406703915159201	0.014484194785158	0.0236257393563224	0.0122077306957788		0.0121121485046294	0.023858057193828996	0.0292207958266875	0.0180898665084601		0.013249078812874002	0.0315732494921697	0.0208598518080354	0.0834234846970616	0.016085595317098498	0.0187525614381808	0.0267067606384823		0.0309409667785551	0.0180716572592953	0.0155517450059099	0.03381958939414861	0.021661538163005298		0.0177838129155592	0.0178688404108082	0.0181580739166148	0.0074214484381989005	0.0259293119688994	0.0131689671528629	0.018716018944323298	0.0056530009417254	0.0150432426632112	0.0129502573253921	0.0217057661710683	0.0170732964879755	0.0160091926562024	0.023594067814131998	0.0131764343432132	0.071348570502996	0.010609045328805501	0.0198994631922312	0.0096026485805792	0.0132263756524706	0.0066460946177378	0.0121964866792415	0.009007364863028		0.017937556746228902		0.017227595736238402		0.0491833643220628	0.0164175832372618	0.0116550104943572		0.013848349995215099	0.0165201836228402
Lactobacillus	Lactobacillaceae	Lactobacillales	Bacilli	Firmicutes	Bacteria		0.0001492112153072	0.000542311606628	0.0290319612661414	0.2786554839978374		0.0006541563470613	0.0005171085945516001	0.0561494652606657	0.0574409010081835		0.0001668251505597	0.0176565129524195	0.0005412122926579	0.0049811158078371	0.0008644766590311	0.0006583278472679		0.0030442179069494002	0.0069337464722249		0.0230582468461094				0.1477368272723153	0.0604444458448948	0.07326737118159429	0.004582195479316599	0.0008022865165855	0.0035913005548200002	0.0008642419877565	0.0110704631594754			0.002097755733199			0.0001799896589437	0.0002184773861744	0.0018658359858751	0.33828633310319556	0.0350584307178631	0.0137180808172406	0.0005373469905481	0.0116401669483341	0.0066649992171599	0.0583333529901419	0.0444740286821453		0.1388395674526426	0.0069094669413648	0.0027780768758915	0.0021820543393743			0.0095748857441459	0.0014319014837754001	0.0081758162646465		0.0161448508728808	0.0558174150334904		0.0233333333333333		0.2488767832801197	0.0009593505862613	0.22114773709152608	0.0115955536617105	0.0347654397543929	0.0039753741109698	0.0813314273519351	0.022851507563205697		0.0063914725595006				0.0560988636828685	0.0435088167479966	0.0372395599744569	0.1602161646397518	0.07704910148617039	0.0435482172817839	0.0014970059880239	0.0116504854368932			0.029747283336961		0.0055865921787709	0.0235392906714448	0.0513098674158483	0.0333333333333333	0.0062426421530812	0.0389145933479953
Lactonifactor	Clostridiaceae	Clostridiales	Clostridia	Firmicutes	Bacteria																																																				0.0002177837051988															0.0001623700463586																													
Lentimicrobium	Lentimicrobiaceae	Bacteroidales	Bacteroidia	Bacteroidetes	Bacteria																																										0.0011428571428571																																																						
Leptolyngbya	Leptolyngbyaceae	Synechococcales		Cyanobacteria	Bacteria											0.0019417475728155																																																																																					
Limosilactobacillus	Lactobacillaceae	Lactobacillales	Bacilli	Firmicutes	Bacteria																																	0.0001405467838326																		0.0002125007979563																																	0.0002080168773523												
Longibaculum	Erysipelotrichaceae	Erysipelotrichales	Erysipelotrichia	Firmicutes	Bacteria				0.0007221790056539	0.0005376783783485			0.0007551211118943	0.0002785940026927			0.0004504279078751							0.0007903042611783									0.0006175008774271		0.0011843764922462															0.001099052973085	0.0006528894556082					0.0006841591398607						0.0010355781567222	0.0005362267750777			0.0003207988827795					0.0002687147228662	0.001433209489354						0.0005699555371377		0.0003098853424232									0.0002508403150564												0.0002528912442211
Loriellopsis	Symphyonemataceae	Nostocales		Cyanobacteria	Bacteria	0.0126353790613718					0.0218085975921234					0.032836875425427																																																					0.0578821147094595																																
Lysinibacillus	Bacillaceae	Bacillales	Bacilli	Firmicutes	Bacteria			0.0005059368103588													0.0005098195682131																																																																						0.0097087378640776										
Macellibacteroides	Porphyromonadaceae	Bacteroidales	Bacteroidia	Bacteroidetes	Bacteria																																								0.0004076052930277																										0.0003622989655749																														0.0002548944810713
Mageeibacillus	Hungateiclostridiaceae	Clostridiales	Clostridia	Firmicutes	Bacteria																																																																																					0.0014970059880239											
Mahella	Thermoanaerobacterales Family IV. Incertae Sedis	Thermoanaerobacterales	Clostridia	Firmicutes	Bacteria									0.0001629697035684																		0.0001983492903756	0.0002090482507388	0.000215915426435				0.0003045562988158				0.0001812429768599												0.0002209184984328			0.0003134896289607	0.0001735744798975	0.0001742305978635												0.0001861952086275	0.0002714449339693		0.000256293293629	0.0002470400780552		0.0002546190415429							0.0002065941348621					0.0003173760038479		0.0073758616134686						0.0001864894796841				
Maribellus	Prolixibacteraceae	Marinilabiliales	Bacteroidia	Bacteroidetes	Bacteria																													0.000196140736715				0.0002148514737083																																																															
Marseilla	Prevotellaceae	Bacteroidales	Bacteroidia	Bacteroidetes	Bacteria																																																																						0.0003290328739596																										
Marvinbryantia	Lachnospiraceae	Clostridiales	Clostridia	Firmicutes	Bacteria																																																																																					0.0014970059880239											
Massiliprevotella	Prevotellaceae	Bacteroidales	Bacteroidia	Bacteroidetes	Bacteria		0.0001521002220982	0.0003040644903229												0.0002532790459255												0.0001688575098399		0.0002329210381359		0.0001483677936175		0.0002973472514981	0.0002703219928328			0.000236304836196								0.0002879337782346								0.0001415050953988	0.0001147390424948					0.0002033063245025										0.000269480928101	0.0002288793725598														0.0003739540548417					0.0003728978045852			0.0002702038605386				
Massilistercora		Clostridiales	Clostridia	Firmicutes	Bacteria		0.0006338289970466	0.0006352894393781	0.0009119945358131	0.0005525052248936		0.000849501470347	0.0006462564085313	0.0007642563192754	0.000787070485085		0.0004154725965751		0.0010875673799363	0.0009234194885274	0.000709559065165	0.0007809772244708		0.0004883582345035	0.0008529657097606	0.0006830362486013			0.0005102041595612		0.0011483765744526	0.0011866755091855	0.0011876406543945	0.0008582176909855	0.0006252370445381	0.000498747560423		0.0007469100842668	0.0012683445450282	0.0005674605109269	0.000628247751314	0.0008885054061016	0.000698327865439	0.0005748848496971	0.000550503190921	0.0005413158638066			0.0011511008081435	0.0005149640926118	0.0011100093242068			0.0004487251301276	0.0009387231273737	0.001459513844674	0.0009012529953696	0.0011030363557328	0.000946899042598	0.0005313354568354		0.0007985978149199	0.0004475131942668	0.0008196985224343		0.0008751912286145		0.0008522617901668		0.0006244277479152	0.0007423523625762	0.0009725123493734	0.0019879637954186	0.0005720289960875	0.0004312271408067	0.0006557296117162	0.0013366049779599	0.0010102783696652		0.0006093999013899	0.0007756615913279			0.0008049633263614	0.00131311788702		0.0010081530832301		0.0007904491784687			0.0011216652936536		0.000806964514206			0.0012667031882884	0.0016309279584784		0.0006824059710482	0.0006012679111906
Mediterranea	Bacteroidaceae	Bacteroidales	Bacteroidia	Bacteroidetes	Bacteria		0.0002381412146821	0.000617684824678				0.0011391477670982		0.0003217408213067						0.0004510383122672	0.0007094696459555	0.001985916850941			0.0008765498964604							0.0004570813815287	0.0003410290734655	0.0007784661780827	0.0004344534905612	0.0002982096288676		0.0003642356983958	0.0006418372188826	0.0013615587136173		0.000806309761917			0.0004644599405627	0.0002838437184536	0.0011428571428571		0.00036461521124	0.0003270397798638								0.000172080860736	0.0001440740004249	0.0009620135383111				0.0005175698545385				0.0010918218291515						0.0003766885598514	0.0006236401412988		0.0004369232581048							0.0004787019797809					0.0002487731654231					0.0004964498674876			0.0002326086982527			0.0005824705008528	
Mediterraneibacter	Lachnospiraceae	Clostridiales	Clostridia	Firmicutes	Bacteria	0.0145849204633519	0.0337361175364625	0.0234948760444607	0.0420501433420521	0.007213003160691501		0.0253457110395805	0.0320475364318151	0.0232788604006815	0.010133953339248901		0.0286046970893131	0.07193184387286841	0.0236575786788946	0.044417548530197797	0.0232260458823823	0.0307592783811665		0.0353413118105128	0.0260157965091261	0.0154719349492301	0.06873755720458219	0.0322175308604664	0.0109558589567737	0.0193951685530835	0.0307898817086493	0.0220114371474748	0.046413129732257696	0.0380518341129577	0.0351748719221585	0.017314670571355398	0.028215500076738998	0.0213898762588582	0.0363970746018741	0.0174803682854505	0.0138252532840819	0.035382287166536	0.0316801137761396	0.0259321383953683	0.0161122894891894	0.0170870600091238	0.0380045993030055	0.01669449081803	0.0358367741722374	0.027461636323216	0.0486138675869034	0.0370406812401137	0.1032387020269407	0.0194627722870363	0.0279138373643261	0.03771653727324	0.0810757811676037	0.030837986776361202	0.027623304183391303	0.029329043322553598		0.0323488262066336	0.020911239265339603	0.023132341241613	0.0143771897725391	0.035199748238652	0.0407905767628274	0.0206925143492063	0.0257591841549117	0.019836622315232397	0.0132231173860157	0.049464276483396	0.0415111286095633	0.0262154500491941	0.0152342659733192	0.0145813283515702	0.0341054548976535	0.0584466644932397	0.0232438456941678	0.0187008679310573	0.0276436724350229	0.0244628715608754	0.0953180961636706	0.0225113396904502	0.0382942987757682	0.0215441340685426	0.0310093735072395	0.0110027538584579	0.0462354050031171	0.0163022310933106	0.07537869949777609	0.0343843313743774		0.0250438887219413		0.0188281119196438	0.0467682386127186	0.031576251970473		0.023328259515545402	0.015831214580476302
Megasphaera	Veillonellaceae	Veillonellales	Negativicutes	Firmicutes	Bacteria		0.0003119870864475	0.0006101217545593					0.000934767537227	0.0008497123514834	0.0008617832283725		0.00055029179855		0.0017485429120215	0.0076759714317307	0.0007309654358956			0.0003681643163792	0.0003901135470468	0.0007659323085218			0.0005783689994216					0.0010750754700907	0.0007521436092859	0.0033289265447286		0.00012575294577	0.0004959191454699		0.0085946094301832	0.0003007817269121	0.0019614469055074	0.001030933887011	0.0015817684126914	0.0011351892604674			0.0002077784703726	0.0002805587549072	0.006177764363172	0.0036880289950628		0.0013405021010667		0.0021063815749374		0.0011446972458158	0.0029753787919057			0.0018220459571788	0.0010148870240417	0.007107698661575	0.002127659574468	0.0012427399962611		0.000501543209866			0.0012026687983277	0.0010507256155081		0.007919440417247299	0.0006279877693422	0.002984539552904		0.003049909858306	0.0027562567351898	0.0019637322753692	0.0007313378258371			0.0002521487011371		0.0026323775605623		0.0047992714881715				0.0022331009737326		0.0003081708845626			0.0006306807642381	0.0064697902536719		0.0025526461425682	0.003390509524654
Meiothermus	Thermaceae	Thermales	Deinococci	Deinococcus-Thermus	Bacteria						0.0410628019323671																																																								0.0044653932026792		0.0055555555555555																																
Melghirimyces	Thermoactinomycetaceae	Bacillales	Bacilli	Firmicutes	Bacteria																																																																																					0.0014970059880239											
Methylobacterium	Methylobacteriaceae	Rhizobiales	Alphaproteobacteria	Proteobacteria	Bacteria	0.033393501805053905																																										0.0108514190317195																																																					
Microbacter	Porphyromonadaceae	Bacteroidales	Bacteroidia	Bacteroidetes	Bacteria															0.0002812073890179	0.0003208802249526													0.0002746264904838						0.000493107373181		0.0002180771141099							0.0003376817748606																								0.0003912900979362											0.0002225890964414	0.0003039155687516									0.0003487812617503							
Millionella	Rikenellaceae	Bacteroidales	Bacteroidia	Bacteroidetes	Bacteria		0.0004331577205166	0.0011175144257522	0.0010077371985348	0.0011523620154587		0.0047094682273869	0.0005246602654946	0.0015484233997043	0.002606224136162		0.0006318730451317		0.0006660655689194	0.0022398542596697	0.003005280093364	0.0045647278630837		0.0006413215534155	0.0023073205555525	0.0002954504325397					0.0011240393161513	0.0020670822605194	0.0016933411923016	0.0058063259059422	0.0005797542615926	0.0004005487559349	0.0033026729184372	0.0028698090756692	0.0008006089896165	0.0044628849304626	0.0004408271015277	0.0025857744894637	0.0005662576188264	0.000340728959382	0.0010300272215969	0.0010600541402148	0.0019880265933633		0.001687646489376	0.0005812881830697	0.0016125442394796	0.0021201071318369		0.001897356953941	0.0045913512582009	0.0009531728196075	0.0010948635221258	0.001609208358437	0.000971404516705	0.003400853981824		0.0005992170613889	0.0004043471025992	0.0013443232479432	0.0064566554349034	0.0006418709212382		0.0017130031187668		0.000799168705746	0.0018011806659391	0.0008100238705767	0.0043582431347255	0.0016404993822534	0.0041211571519004	0.001639899532128	0.0032741324528852		0.0008394283748022	0.0002825597305493		0.0027684644236624		0.0019096909382177	0.0031247332903743	0.0037953811023142	0.0019609823677926	0.0023966987770824	0.0027992031932454					0.0029767955721018			0.0011727490384377	0.0011684246804693		0.0021181528985657	0.0027326162140924
Mitsuokella	Selenomonadaceae	Selenomonadales	Negativicutes	Firmicutes	Bacteria		0.0020472875110431	0.0022416041749199					0.0019113320908148	0.0006964855107794	0.0023862696107211		0.0008712595563629		0.0061823580974627	0.0216563774311213	0.0039115500673518			0.0005175001026804	0.0005133472377512	0.004616123385125801			0.0027087106300195			0.0004636202949882		0.0011376791064639	0.002653266975225	0.006380157839699799	0.0007922218221106	0.0002012061403928	0.0009889817702142		0.014649302302686	0.0004465932753786	0.0055680273119269	0.0047586273759678	0.0035152840239916	0.005305027598144401			0.0013411163321924	0.0009001134320293	0.005640698197172099	0.0031288248567506		0.0028094443475456		0.0005230186116699		0.0032179848522158	0.010201019698447101	0.0003233004873801		0.0062397680643972	0.0039225823240357	0.0095428574252161	0.0148936170212765	0.0024656084265641	0.0066980898040188	0.0018518710475226		0.0023753402138075	0.0002546833437093	0.0005330094938303		0.006864793133536	0.0018841305706655	0.0018338525752062		0.009647275007013	0.0126281598733457	0.0065608385201289	0.0019850598129842	0.0012145751943083	0.0238095238095238		0.0002879959422453	0.0072174955969518		0.0030302188904576	0.0001755870683333	0.0014970059880239		0.0058021470008715		0.0010769887010017			0.0005938765424224	0.0079307106341033		0.0052991161547951	0.0009923350784952
Mobilisporobacter	Lachnospiraceae	Clostridiales	Clostridia	Firmicutes	Bacteria																																	0.0002722590512048																																																															
Mobilitalea	Lachnospiraceae	Clostridiales	Clostridia	Firmicutes	Bacteria																																	0.0001615901060303				0.0002617263958729																																																											
Mogibacterium	Clostridiales Family XIII. Incertae Sedis	Clostridiales	Clostridia	Firmicutes	Bacteria		0.0014516060759043	0.0025531729091534	0.0036070918936982003	0.0005777312402067		0.0110476344939224	0.0019049206895934	0.0023542856910911	0.001293096739489		0.0018372973125236002		0.0036354758666714	0.0031973266825738	0.0029988927096934	0.0052951724404296		0.0038824355237719998	0.006024496049769	0.0005871175202883	0.0093044835486186		0.0004703687394107		0.0022033015345924	0.0017865513988804	0.0022940377897173	0.005158554426161499	0.0023594528557041	0.0011665324567687	0.0055187255155639	0.00407043834964	0.0018003160176131	0.007793210277922201	0.0008635146174445	0.0065211018104276	0.0026701062360547	0.0018145221938108999	0.0024687929930813	0.0040104646342113	0.0022305459615964		0.0024583617990614997	0.0013683970589005998	0.0030700510141226	0.0021426227815337		0.0015083496574384999	0.010978000809560299	0.0058924238333203	0.009370066040007001	0.0030618168144435002	0.0028695721965915	0.009252162631674301		0.0016351515807397	0.0013585636614718	0.0019146426324542		0.0035683579271523	0.0049615480029769	0.0043088229212438	0.012222222222246101	0.0035167368288869	0.0007661226233172	0.007107230668963901	0.0030827000359477004	0.0072682657155087	0.0014083957821178	0.0023309373822256	0.0017146880355559	0.0096079422115264	0.0040975311816441	0.0019048321543203	0.0017248617526852	0.004943962728087		0.0043778751348842	0.0049849876154445	0.0023157944793271	0.0033038862136265		0.008406201368121601	0.0029940119760478		0.008634797728495701		0.0018600598065202		0.0223463687150838	0.0033877961067672003	0.0049527570477696		0.0017771600393478	0.000478739752159
Monoglobus		Clostridiales	Clostridia	Firmicutes	Bacteria		0.0013229400058871	0.0024050710756607	0.0028552984563581	0.0017592466445092		0.0021886883530062	0.0020115807484029	0.0014405011827227	0.0023442829041551		0.0023503299870512		0.0020129835487234	0.0029473672856602	0.0026639428046033	0.0037785174914551	0.015625	0.0038613701196346	0.0031673055960766	0.0007096046435145			0.0007316200940055		0.0023937609871499	0.0030660645209734	0.0035046955514226	0.003185375395831	0.0024838132928766	0.0010500676867063	0.0035692700806183	0.0022600383481466	0.0020152066620467	0.0028325283279204	0.0012597077974773	0.0034447934547234	0.0008465265733151	0.0010126422789373	0.0018906821837322	0.0013799230543477	0.0034285698329862		0.003445172789475	0.0018509983345551	0.0046060169641043	0.0034221032606694		0.004786032892069	0.0015937615876651	0.0024820032251361	0.0013707810136717	0.0028195487426781	0.003937681684205	0.0039547744324956		0.0017924926462557	0.001612476599406	0.0019547637013372	0.0021276595744694	0.0031446751721854	0.0074423844559224	0.0024847373003311	0.0111111111111111	0.0018319310929989	0.0035460880403492	0.0049916829844185	0.0044930941514142	0.0015098852533756	0.0030195959170006	0.0020387854234755	0.0049635304270405	0.0014852360627748	0.0024168634600475	0.0008678524630929	0.0010650848263024	0.0039554742431342		0.0019815944929523	0.0052880761057168	0.0081145295543323	0.0035524542424486	0.0024856346126617	0.0055807765149472	0.0014970059880324		0.0024151401866523		0.0021216263634228			0.0054713211340898	0.0086965718832535		0.0030520568687254	0.0040840306866328
Mordavella	Clostridiaceae	Clostridiales	Clostridia	Firmicutes	Bacteria												0.0002382176268323																																0.0001961231595726							0.0003714313886717	0.0004741143159708									0.0001699666178043					0.0001600807222846	0.0001719067508511						0.0002298452403505																							
Mucinivorans	Rikenellaceae	Bacteroidales	Bacteroidia	Bacteroidetes	Bacteria									0.0002244250710195																				0.0004141188767307				0.0003474363544853		0.0003625401756977		0.0002530968338498																																0.0002032927843012										0.0002817706782903					0.0001978365114679					0.0006011308436517							
Muribaculum	Muribaculaceae	Bacteroidales	Bacteroidia	Bacteroidetes	Bacteria		0.0006273473337288	0.0015793903679331	0.0059905879077585	0.0023548113384804		0.0026548918383995	0.0003903879016445	0.0020117758662933	0.0051095831026637		0.0005297971570801		0.0008070330811041	0.0026262012313445	0.0019508835716101	0.0026042308382566		0.0015977192489388	0.0029304998150662	0.0015502508787036	0.0068944926876166		0.0018148518432564	0.0062270303594389	0.0022779310353192	0.0020556360367941	0.0033887777222703	0.0033068315697914	0.0018601190932749	0.0046401495409429	0.0021050380120914	0.0022476231464487	0.0013243904847963	0.0013859630246209	0.0061787308392598	0.0020081141222011	0.0006805476335322	0.0005134939032003	0.0098595481033837	0.0040621211426155	0.0022857231039026		0.001457996153196	0.0023816491783817	0.0039094874863526	0.0038423960943284		0.002627646378106	0.0042934431829142	0.0035296361419767	0.0025913845551016	0.0034846787507572	0.0047832740608771	0.0069211026062815		0.0007446355797225	0.0006151948496353	0.003526646157058	0.0021278318437301	0.0024207789023839	0.0054107512140125	0.0007304657752089	0.0099999999697552	0.004758490116551	0.0046911630532372	0.0028844622069897	0.0017072626008756	0.0020815807849425	0.0047877353132595	0.004000115143588	0.0023808951224695	0.0014769544886534		0.0033227191008237	0.0014282359563258	0.0014338666903808		0.0024203782998326	0.002887120599529	0.0048251199999725	0.0029582276086596	0.0105605229781722	0.0054797384863542			0.0014665939023497		0.0023133311711252			0.0037939673948581	0.0061867774922374		0.0035520385629986	0.0067621444643268
Murimonas	Lachnospiraceae	Clostridiales	Clostridia	Firmicutes	Bacteria					0.0001853299809392																								0.0001620361988283		0.0002156239631453										0.00016109265263								0.0001883592994684		0.0001773707433513		0.0002782305567571	0.0002377644967882					0.0002350724002769		0.0001707113898155					0.0002427623768993			0.0002976500428531				0.0003401175084159						0.0001725359245385					0.0002377341972169								0.0002129153543749				
Natranaerovirga		Clostridiales	Clostridia	Firmicutes	Bacteria												0.0002076629392063																					0.0001822067389162																											0.002127659574468	0.0001652525567461								0.0001438451353048				0.0002956661213608							0.0003278846578664				0.0002415886883998												
Negativibacillus	Ruminococcaceae	Clostridiales	Clostridia	Firmicutes	Bacteria		0.0014614641865208	0.0008196925694423	0.0040197515669567	0.0018459034339199		0.0028016339714854	0.0011435185488941	0.004327845712731	0.0041132202851914		0.0008041699994193		0.0007122660339603	0.0020836997308574	0.0019114075584444	0.0025829324709292		0.002097863775496	0.0016538002296234	0.000305187675093					0.0033303815863628	0.0042537369863019	0.004605968271936	0.0040287185778375	0.001365347361658	0.0004957532004935	0.0020930713240105	0.0046345566194885	0.0007959841038372	0.0016356256604578	0.0005819919593995	0.00254408013209	0.0009047468793597	0.0008658733509392	0.0009241711868741	0.0010395203396311	0.0045713432533658		0.0059747484730462	0.001300664860609	0.0021584849397955	0.0027641796010878		0.00345366117431	0.0057031026857333	0.0011521360573566	0.0016953556147745	0.001075583770284	0.0014673530584829	0.0031549096547481		0.0019075190647366	0.0012147026168613	0.0020627339806405	0.0063214200061359	0.001756576167048		0.001708277946953		0.0018036629467535	0.0057484703153123	0.0024556727472905	0.0048831387956144	0.0033412639764945	0.0045143427269223	0.0017077501497601	0.0031629910573336	0.0004778204432265	0.0008072847904892	0.0003536376337389		0.0022670511795146		0.0072845317545818	0.0049369129296725	0.0039447123952278	0.0027711189972987	0.0037936029022183	0.0046458783172907	0.0049426607829668		0.0008076421571216		0.0052772638702015			0.0049107213208777	0.0084186558484607		0.002573654618096	0.0072296319740243
Neglecta	Ruminococcaceae	Clostridiales	Clostridia	Firmicutes	Bacteria	0.0306859205776173	0.0013486907085139	0.0011791477993918	0.0049376140802904	0.002469750314056		0.0048739408570163	0.001065384335122	0.0053308537011543	0.0059558200860416		0.0009203687363303		0.0005977176557139	0.0024229134250897	0.002484927527746	0.0044767396175965		0.0021304099946918	0.0028331522937476	0.0011954768390939			0.0012907386495991		0.0041255983695684	0.008803388442836	0.0066273718378248	0.0042073745855633	0.0010811438162738	0.0006901987991432	0.0027980248475335	0.0062164951956053	0.0012367626073086	0.0047213382686763	0.0017519518310059	0.0022142089869648	0.0013734593432669	0.0011211470319894	0.0027986514145398	0.0069716310882977	0.0045623307337228		0.0051581785977631	0.0009230234092906	0.0028888496629244	0.0016917824277201	0.0166666470099645	0.0080590971937272	0.0038916447179567	0.0031593497559533	0.0024510215506295	0.0027596573205507	0.0022925720153988	0.0069846039125638		0.0010274725714342	0.0008419524574827	0.0020880838833024		0.0018493825995064	0.0330011061617682	0.0030637236761352	0.0011547873651709	0.0035308255840369	0.0080260737138634	0.0021725892013177	0.0107638744628466	0.0035780513088351	0.0055201566592556	0.0028358632528926	0.0047322001668574	0.0012798248957454	0.0011909314410361	0.0015424469779703	0.0015396990709286	0.0044127993262423		0.0068021337360486	0.008883950600262	0.0045062516883604	0.0043841163891861	0.0059651627187783	0.005177909945263	0.0030205410958963	0.0150988113684562	0.0015858701986874		0.006776815257572			0.0025126337603403	0.0081945078405665		0.0032621284177903	0.0074819796516859
Nitrosospira	Nitrosomonadaceae	Nitrosomonadales	Betaproteobacteria	Proteobacteria	Bacteria											0.011650485437849																																																					0.0055555572598278																								0.0160748867011485								
Niveispirillum	Rhodospirillaceae	Rhodospirillales	Alphaproteobacteria	Proteobacteria	Bacteria																																																																0.0022222222222222																								0.0132978723404255								
Nocardioides	Nocardioidaceae	Propionibacteriales	Actinobacteria	Actinobacteria	Bacteria																																																														0.0029769288017861		0.0011111111111111																																
Noviherbaspirillum	Oxalobacteraceae	Burkholderiales	Betaproteobacteria	Proteobacteria	Bacteria																																	0.0002116029588682																																																															
Odoribacter	Odoribacteraceae	Bacteroidales	Bacteroidia	Bacteroidetes	Bacteria																																																																																					0.0014970059880239				0.0002658784641364							
Oligosphaera	Oligosphaeraceae	Oligosphaerales	Oligosphaeria	Lentisphaerae	Bacteria																																																																															0.0001990657182291																	
Olsenella	Atopobiaceae	Coriobacteriales	Coriobacteriia	Actinobacteria	Bacteria			0.0002731971482816					0.0002783909005944						0.0005620316402997	0.0003533271599052				0.0011429203491948	0.0005133470225872	0.0005813022375626			0.0004206319995669							0.001237004838516					0.0022816027383389			0.0003100781448475		0.0021678526473069								0.0013825634074406		0.0007040532513514		0.0006697187677439	0.0031948085034332				0.0002916756970476	0.005123522419593	0.0063829787234042	0.0010182113422508	0.0069461672041677	0.0006172839506172		0.0005770756690471		0.0018882577680477998		0.0003105254630789		0.0005597188967318		0.0143699263831583		0.0005577936163661			0.0238095238095238																	0.0018572766444067	
Ornithinibacillus	Bacillaceae	Bacillales	Bacilli	Firmicutes	Bacteria																																																																																						0.0110032362459546										
Oscillibacter	Oscillospiraceae	Clostridiales	Clostridia	Firmicutes	Bacteria		0.0100333586458564	0.0076958381425554	0.035716352033607804	0.0176724053726231		0.0295818509276673	0.0071580742624736	0.0626022512886766	0.0606326739608868		0.0080670491469603	0.0460417829723789	0.0085651960420552	0.0230477914973704	0.0197565019973105	0.030266171480784	0.0345523491940095	0.0133135980091346	0.019373852091643003	0.0045922200402955	0.0321153177175119	0.0203672586487786	0.0039935548510368	0.0093636910983066	0.0186895833212834	0.026003816829398202	0.0534806740933831	0.0340611378506154	0.0108747694039989	0.0034960519484984	0.020512015336217798	0.0328017979994684	0.0111854038607727	0.0214377715867737	0.0045365429743234	0.0189104273467724	0.0058160492249521	0.004095621205279	0.0144130726698959	0.0143578492275697	0.0143705707908156		0.0415486785715264	0.0129473571452147	0.0234891357724632	0.0175591723000272	0.0416817766657973	0.0568900080450889	0.0263377071075413	0.014545916803346201	0.0325819168773777	0.0276861248445952	0.021992296383437998	0.035074614445639404		0.019629714329164202	0.009848635024354799	0.0273799921587616	0.0299672524979302	0.0188070557672807	0.0237978502897215	0.0199541827765495		0.018858583024832	0.035367394601680605	0.013839061676950199	0.028911955596434002	0.0354812875523152	0.039980831188966295	0.013179147283535898	0.0305445538561844	0.0107464734773352	0.0083790622203456	0.0046663018395863	0.0066864710618138	0.019682808188171898		0.0576181824053539	0.0411477277837108	0.0341657393269846	0.04382363975804571	0.0347173767985199	0.021142270528103198	0.0347491213537848		0.011183953927687		0.0656542880157576		0.0536696844349947	0.028651235707335798	0.0560949368921832	0.0494565609513254	0.027967324365735402	0.0512259577346864
Oxalobacter	Oxalobacteraceae	Burkholderiales	Betaproteobacteria	Proteobacteria	Bacteria																																	0.000718968839776																																																															
Paenibacillus	Paenibacillaceae	Bacillales	Bacilli	Firmicutes	Bacteria		0.0003452101809878	0.0003387695855949	0.0007016540388913	0.0003754174646383		0.0008647369002925	0.0006139607917046	0.0004667591306044			0.0009295168749404				0.0003539059953448			0.0003870351389865	0.0005289740697798							0.0008277937419494				0.0002581205372306		0.0002920583548198	0.0002778822409725			0.0003221466113463								0.0003353205285412									0.0002244977681907							0.0003636490092172		0.0008210630067203				0.0003926851686701		0.0004201211414604			0.000498763866016												0.0006972442441221												
Paeniclostridium	Peptostreptococcaceae	Clostridiales	Clostridia	Firmicutes	Bacteria		0.0017225879540239	0.0013472994478243	0.0009806473562201001	0.0027232112639283		0.0031533165163478	0.0010416995981665	0.005967755357300699	0.0083763994485747		0.0009851580990041		0.0022808694923922	0.0016353202959858999	0.0041164873308321	0.0016451359443428		0.0009333174815889999	0.0018230581805576	0.001337929538583			0.0003379270582288		0.001099074448334	0.0009134771761275	0.0027516161553532	0.0014463661394787	0.0006620186389638	0.0002983216344196	0.0033788560063845	0.0042229400062037	0.0039096039511754	0.0082874886544004	0.0009329687926820001	0.0015521834073847999	0.0009025398161216	0.0011026980898365	0.001256952387918	0.0018592757549992	0.002283354926379		0.0066149295426592	0.0018833803565983	0.0008655264817901		0.024999938284219897	0.006869697142009	0.0042926606679849	0.0007461740106472	0.0003049527728259	0.0058409926492807	0.0044807164876253	0.0023575204460725			0.0005816533959967	0.005706474416296		0.0018026909356372001		0.0040881890166311		0.0027670653148458	0.0042537407888189	0.0026716318784257	0.000711900461789	0.0013010267149896	0.0061972253946233	0.002610278016821	0.0030104374603773	0.00143970849895	0.0008860029333359	0.0011703729241794	0.002143007561935	0.0046713174560434004		0.0046002750749035	0.0027925004379017997	0.007943138647241	0.0038911201731125	0.0055761989836507	0.002202427503266	0.0014970391283255		0.0011911542081985		0.0034667390295659			0.0052248176762232	0.003861049758761		0.005828348111219199	0.0047571272898643
Paludibacter	Paludibacteraceae	Bacteroidales	Bacteroidia	Bacteroidetes	Bacteria		0.0009640653522898	0.0010972961795886	0.0035145088189604	0.0003796020310901		0.0039190484214475	0.0005372756034826	0.0016712312350727998			0.0005789060611618		0.0006513599388313	0.001962328643733	0.0015916249497023	0.0036561794996594		0.0004095489061563	0.0016300952966429	0.0004721950582604			0.0005373808209393			0.0011055216544184	0.0011947200934396	0.0040336836610631	0.0014190279734042	0.0005577301911827	0.0023099643529234	0.0010744662597361	0.0014175240014434	0.0020961278158794	0.0006756270245235	0.0031223371919876	0.0004400744014247	0.000420064533916	0.0028103971634835	0.0015963595501756	0.0059057521189345		0.002478686706002	0.002588774286401	0.0014925096596922	0.0014716655040877			0.0047402368163681	0.0004780796929997	0.000845670138033	0.0012348100199041	0.0008431695602679	0.0027906464360689		0.0009401887944651	0.0006258088920161	0.0009999057924937	0.0061415144448814	0.0006373292980841		0.0017101881773842		0.0019883770993124	0.0005836919333702	0.00065610044728	0.0028348136947617	0.0010548794921597	0.0008791063116337	0.0017760121241668	0.0026904266728205			0.000667299890815	0.0009966027273273			0.0009798863781994	0.0017155308865558	0.001616755299352	0.0011959318762497		0.0012900673127201		0.0113158008301166	0.0008186108662902		0.0027836599792778			0.0011159477821454			0.0024073228434665	0.0005717095506981
Paludicola	Ruminococcaceae	Clostridiales	Clostridia	Firmicutes	Bacteria		0.0005638913907609	0.0004357228700607	0.0019364182899885	0.0006024802811302		0.0012745383554528	0.0005520552787238	0.0020078641313258	0.0012837484043321		0.0007477699188946		0.0005183279853164	0.0008594332263757	0.0013924998695946	0.0012665957306888		0.0011657012324069	0.0008066936851315						0.0011777888939687	0.001370143567999	0.0015566590218502	0.0010461586087943	0.0005942222734516		0.0011055379730546	0.0027123561136395	0.0002763526021444	0.0012240274573592	0.000444942717754	0.0007961948113459	0.0004225435761347	0.0003432842896004	0.0006190841589844	0.0008821825474594	0.0023142687999672		0.0031372864787855	0.000557547114043	0.0011101295207525		0.0083333333333333	0.0014291243136702	0.0011088552168846	0.0007297530917937	0.0004563772652571	0.0007439123098801	0.0008663299204255	0.0008304053756902		0.0009535599643635	0.0005027015487551	0.0009607416856969	0.0064387511364707	0.0016078773767271		0.0008341859687032		0.0007449406450373	0.0010596200665375	0.0012648408212795	0.002396698027196	0.0013264486358949	0.0010525605678243	0.0011404863121129	0.0014571667640097	0.0004798634113895		0.0004355966840103				0.0022617892516206	0.0015806665255413	0.0011597967828709	0.0033637698915889	0.0010942210851261	0.0018189960673136	0.0044910164773611				0.0024397560277676			0.0016170029291067	0.0020407144464291		0.0014786550971828	0.0019047698186407
Papillibacter	Ruminococcaceae	Clostridiales	Clostridia	Firmicutes	Bacteria	0.0168270030183044	0.0128064061901859	0.0109240668202862	0.0231512766592791	0.0230053043032174		0.0481256103256423	0.0259202456012329	0.0355811231007086	0.0085173555334805		0.0267775574579709	0.0468444964062399	0.0148384513062969	0.0287126092247065	0.0351301222366658	0.0537359921271878		0.0474349634606893	0.0321311701774091	0.0152422579880897	0.079921344222656	0.017821147199958	0.0142485021847742	0.0170907093463542	0.0183976356436217	0.0179669934617589	0.0366333324764143	0.0387775588144421	0.02331069034078	0.012341350766982	0.0360425959453278	0.0112982180394928	0.0286615925277227	0.0390164262607473	0.0085207863354482	0.0382918654707249	0.0065810093323017	0.0038838693810279	0.0350623379861541	0.0323518449787115	0.0323280891353233	0.0502545750351157	0.0251862036157191	0.0195919637208382	0.0447569045685994	0.0290312432856255	0.0583113885461621	0.0049028055910663	0.0416550525716886	0.0377487965077278	0.0444699703260196	0.0759342803937301	0.0575251000456805	0.0474162853570102	0.0869565217391304	0.032230821946228	0.0226734102134051	0.0629149067692581	0.0515642415614048	0.0495338046980755	0.0194250791747791	0.0422378300893822	0.0665065510564735	0.0603040843160393	0.0321467997334389	0.0471693563027009	0.0299681606572438	0.0428714861009201	0.0246156950289239	0.0274054800298987	0.0245423923295201	0.019150236233963	0.0121403148728844	0.0176626416191802	0.0204718303447739	0.0444516498831526		0.0405208174508651	0.0325630591253047	0.0234657598276686	0.0193368487400735	0.0243242714842946	0.0446589271688756	0.0189963248753764	0.0213770630982061	0.0291638664612449		0.0438593228496262		0.0932654703839828	0.0445626862536925	0.0360592083221679	0.0833333338655648	0.0585348727602223	0.0373979214596687
Parabacteroides	Tannerellaceae	Bacteroidales	Bacteroidia	Bacteroidetes	Bacteria		0.0082535617493785	0.011133612795075201	0.0044448757212733	0.0013410227852339		0.0176488161124041	0.0049862535346265995	0.0040790418653384	0.0019058890510428		0.0051337543025423		0.004982923466363601	0.0144886857773465	0.0210478144962873	0.0189520216285333		0.0033366081692442	0.012572386451443	0.0025488665027259003	0.0165751534678409	0.0111167257329357	0.0023831166790194		0.0024371585960115	0.0037793397325178004	0.0101310167987584	0.0265792923852507	0.0090516839265162	0.0080630182674931	0.011321806532634801	0.008565759922619199	0.0148372856216951	0.0167834431969813	0.0036550079826697997	0.027623004321360303	0.0039587833995957	0.0035959658073318	0.012934892098624301	0.0089373815573925	0.0058204624978541		0.0117397598771149	0.010772977832588099	0.0106654391022685	0.010092227125972601		0.0017173411875032	0.023802183082620998	0.0028706351621387	0.0029152195854186	0.012163459096886601	0.0045124922888356	0.032782540451873		0.0063066682621557	0.003885147228358	0.0073405099284292	0.008510638309719	0.0051563169178784	0.0066980898040187	0.016357094898470998	0.0122222222222189	0.0081157091654436	0.0027553013402018003	0.0048793197374866	0.009881570581021	0.0074783988413734005	0.0062562606550304	0.0073755765605257	0.005792944679372	0.0036611182194243998	0.0066015919725891	0.0021787953576475	0.0075876672655993	0.01723996733663		0.0033249854804610003	0.0284630172963997	0.0028813843081576	0.0048120653239937	0.0041885139938647	0.0053736542581327	0.0029943603752179	0.0171631635711778	0.0058015490737008		0.0211950793449703			0.0054588915408538	0.0112047891632898		0.009945903014385601	0.0055985729403974
Paraclostridium	Peptostreptococcaceae	Clostridiales	Clostridia	Firmicutes	Bacteria																0.0002811322770512																																						0.0001234377029076																														0.0001531817005898												
Paracoccus	Rhodobacteraceae	Rhodobacterales	Alphaproteobacteria	Proteobacteria	Bacteria																0.001529456001919																											0.0108514190317195																																																					
Paraprevotella	Prevotellaceae	Bacteroidales	Bacteroidia	Bacteroidetes	Bacteria		0.0016601255439194001	0.003433278387114	0.0012047796779038	0.0006509311837238		0.0059183944896528	0.0026424796156142	0.001193141864226	0.0019614289917106		0.0015475682639903001		0.0020538244347888	0.0056793471706671	0.0034616377490616	0.0040416647739271		0.0016463055227212	0.0031984649845769996	0.0006333352593687					0.0010848005273008	0.0010370375843043	0.0019133871640669002	0.0083357926764244	0.0020969419249298	0.0019455672249394998	0.0038094593886047997	0.0016967112597416	0.0029642262406315003	0.0037862595644209	0.0007968984853738001	0.0061955153682882996	0.001399947670605	0.0016365483046848	0.0028926702730075	0.0012035729903758			0.0024083250224852	0.0026513138661193	0.0024808288443184	0.0045691328645333		0.0011678355351059	0.005367644529694	0.0013583213735228	0.0009407056068492	0.0029228046451721	0.0021245752479209998	0.0047373794886793		0.0031804129904691	0.001583693054831	0.004010580631568	0.0103333427235006	0.0017496474203461	0.0051893427495249	0.0038824003675947	0.0011111111111143	0.0024990497373758	0.0009385826370124999	0.0023258702524298997	0.0019591285016785	0.0035900764386936996	0.0031850501615085	0.0026965660482601	0.0009558293510859	0.0007692338756587	0.0030661715139947	0.0009670904554037	0.0021932230104628	0.0044134808236683		0.0019202424176172	0.0051744558061682005	0.0027523025201129		0.0032184109104	0.0013732644655874001			0.0015545898817637		0.0042311009894969		0.0111731843575419	0.0017686607159272999	0.0019836922133925		0.0048687734916128	0.0022289038433263002
Pedobacter	Sphingobacteriaceae	Sphingobacteriales	Sphingobacteriia	Bacteroidetes	Bacteria							0.000483191890733									0.0003546444185671	0.0012568075376839			0.0009768270145524													0.0006159687170718		0.000428194968883									0.0004172758860196		0.0002934015060434																								0.0003846500770149									0.000158733569343																	
Pelomonas	Comamonadaceae	Burkholderiales	Betaproteobacteria	Proteobacteria	Bacteria	0.2463898916967509					0.2012882447665056					0.4077669902912621																															0.0011428571428571	0.1352253756260434																			0.0409327710245596		0.0566666666666666														0.0476190476190476								0.0990291262135922		0.3484042553191489								
Peptacetobacter	Peptostreptococcaceae	Clostridiales	Clostridia	Firmicutes	Bacteria		0.000296710786541	0.000276303973279	0.0005622138747337	0.0006657373966053		0.0009155889017396	0.0003477185832665	0.0013376950893144	0.0022866801314868		0.0003473309232516		0.0005972168257669	0.0004165986911258	0.0010255333415408			0.0003134913769262	0.0004001554917212	0.0003062152303174						0.0004048333871925	0.0005375864351949	0.0005140853914253			0.0011558129278587	0.0011996542480318	0.0004886905135131	0.0017279188705345		0.0005954612712012		0.0002554238460266	0.0002413211124301	0.0005186743619663			0.00191989024812	0.000512101393616	0.0003472769436746			0.0017625894737378	0.0010620806198003	0.0003596871263693	0.0002605754020322	0.0011396493788346	0.0011403911618397	0.0006488418706948				0.0013692485209265		0.0004593442798795		0.0009651576010184		0.0005391094214473	0.0009539186898765	0.0007680372018808	0.0003307802706973	0.000576816842085	0.0011528931231392	0.0005875292880087	0.0011005303457229	0.0004298120364389				0.0020623239591285		0.0008888930013983	0.0011420960402885	0.0014905592586287	0.0013082663260774	0.0012184630294807	0.0005594193281915			0.0006167558967994		0.0007351931687179			0.0008315865811475			0.0009919224657884	0.0009366512764431
Peptococcus	Peptococcaceae	Clostridiales	Clostridia	Firmicutes	Bacteria																																																																																				0.0002132142678658								0.0001978606319174				
Petrimonas	Dysgonomonadaceae	Bacteroidales	Bacteroidia	Bacteroidetes	Bacteria																																										0.0011428571428571																																																						
Petrocella	Vallitaleaceae	Clostridiales	Clostridia	Firmicutes	Bacteria		0.0002371777158203		0.0003758365843613	0.0002681528709435				0.0002703039416883			0.0002670329948306				0.0004174193286152		0.03125	0.0002981553390839	0.0007151547048829							0.0002596964156893	0.0002062220387213	0.0003589763714018				0.0004616003120514				0.0004408987648037							0.00043170399415					0.0001867110938127			0.0006237861011486	0.00021055657917	0.0002611118778664							0.000209866041069						0.0003813849602267	0.0005782755079264	0.0001425774257194			0.0006336992182189	0.0003074119754332						0.0002501647927137	0.0004318357121119				0.0004179364118942					0.000266062527886			0.0004184753168279				
Phascolarctobacterium	Acidaminococcaceae	Acidaminococcales	Negativicutes	Firmicutes	Bacteria		0.0047576427083887	0.004110353493575	0.0011403508737442	0.0002121721532218		0.0053422021822009	0.0012716985722047	0.0017272841245134	0.0019224395094464		0.0019018072598564		0.0032674433647981	0.0076562388869983	0.0034582319467243	0.008839843638715199	0.03125	0.0007189337674948	0.0079247869924926	0.0007333409383504			0.000446921499553			0.0035344514589486	0.0027778772541763998	0.0131270511655589	0.0047023793051763005	0.000882645331475	0.0049615411692891	0.0053865468050396	0.0025777356484465996	0.005270082443381	0.0031033438427769	0.0047471189030389	0.0028002456317765	0.0026798099452143	0.0062520216687914	0.0050560507847196	0.0045714285714285		0.0015835323590808	0.006541943783561901	0.0075317189655266	0.0053800049066442		0.003349885167113	0.0111304211373642	0.0004506816560047	0.0004443127962085	0.0042482647224431	0.0036847643114348	0.0180910174945418		0.0041837441011265	0.0043944361394574	0.0064570492145380005	0.0085106382978723	0.0019260244821288		0.0060185182484935		0.0012610324239967	0.0003913263799604	0.000914451743883	0.0049913645005032	0.006500236741250501	0.0022683738299511	0.0035958895568529	0.002446707633642	0.0010239064546311	0.0043160891582215	0.0006817477533312	0.0019850598129863	0.005060728744806		0.0019484758409503001	0.004551608956938	0.0026060046690916	0.0024985722403824	0.0015448011424224	0.0025215578642671	0.0029940119760479		0.0017579703628583		0.0024595902733625			0.0023495945396702	0.0019660053598149	0.0166666666666666	0.0086923346356037	0.0040234347755998
Phocaeicola		Bacteroidales	Bacteroidia	Bacteroidetes	Bacteria		0.0008804558490176999	0.0010289397095725001				0.0018034053608957002		0.0005026639249143001						0.0009678984401382	0.0013284251403663											0.0003904870487485	0.0004464367133726	0.0019586101168168	0.0003903396015391	0.0002081427118467		0.0004778413687937	0.0012260063083577			0.0013449858730263			0.0005750588065904	0.0005666075501809			0.0004657520463963	0.0009459037031106	0.0005323248020096			0.0004997717411517	0.0015272574882409			0.0005308740576447	0.0002886263418794	0.0034370314590722		0.0004998781199247	0.0002703035839724	0.0003236631933107										0.0005022895497601	0.0004568432948372		0.0005925440265754				0.0007818098404883			0.0003023499307239	0.0013964376735408001				0.0006443957385211					0.0008998522940232001		0.0055865921787709					0.0005093741392811
Phocea	Ruminococcaceae	Clostridiales	Clostridia	Firmicutes	Bacteria		0.0035283729692927	0.0015278975521386	0.0047511065044271	0.0016789500377824		0.0046205736413274	0.0033656162008175	0.0050243960260371	0.0027600965611078		0.0041261522963959		0.0013191948972462	0.005054051972412	0.0048494986153732	0.004792862794757	0.015625	0.004632046312193	0.0046690264563589	0.0005402729053256			0.000450767455898		0.0023629843201292	0.003977388198478	0.0043589385979765	0.0050038249055916	0.0029070951683387	0.0005675399403806	0.0042877926292369	0.0021136434651248	0.0028039542995402	0.0035078691168143	0.000757084058843	0.0072500183552765	0.0022894034476544	0.0012746908746324	0.0019215191510762	0.0026098821574477			0.0036182879470629	0.0029900667145817	0.0049057678884628	0.0057948212536878		0.0021370085228161	0.0059163454108017	0.0014099396122119	0.0020767613181429	0.0019607900417494	0.0023161732654846	0.0038567588200828		0.0026621337924842	0.0018336087343401	0.0028432176837238	0.002127659574468	0.0040139915312702		0.0043898701925957		0.0009248406481482	0.0024725823223348	0.0040238690522017	0.0050933331613884	0.0055984260144459	0.0031868849686182	0.0017937739584115	0.0036762777585197	0.0013868968843058	0.0019178072569455	0.001185515219447	0.0026446221994072	0.0055600004619393		0.0058205438817669	0.005600652291359	0.0015173622354078	0.0019915866360218	0.002368222082631	0.0064412763431026			0.0031943183851318		0.0085712442352903		0.0055865921787709	0.0068261049464221	0.0071961755497169		0.0038579799929037	0.0037434239604281
Phreatobacter			Alphaproteobacteria	Proteobacteria	Bacteria																																																																0.0011111111111111																						0.0064724919093851										
Planktothrix	Microcoleaceae	Oscillatoriales		Cyanobacteria	Bacteria																																																																0.0011111111395647																																
Porphyromonas	Porphyromonadaceae	Bacteroidales	Bacteroidia	Bacteroidetes	Bacteria							0.0004428645490093																						0.0003135959735151							0.0003516534069541	0.0001983265477194			0.0004449857026874	0.0002228147209699												0.0001387047725145		0.0004414080363867												0.0002084660048948													0.0005541253687164				0.0001658931333968					0.0003382786738804							
Prevotella	Prevotellaceae	Bacteroidales	Bacteroidia	Bacteroidetes	Bacteria		0.0355184300717992	0.0489953709073901	0.0202148985824429	0.0178940171475532		0.0391967485818838	0.0075654889741227	0.015609556415112899	0.0570557682684553		0.0110250340632308		0.023011585535363602	0.0361666608124935	0.027771458096427	0.0268193854808311	0.0781249999999999	0.008962159975658501	0.030228146263886098	0.0087869938092404	0.0145625936939704		0.0072415419045411995		0.0084640862849932	0.0141051683327946	0.0180434805478474	0.049627368869424204	0.0335290822612879	0.058558321604278	0.0155211566985782	0.0278374368030986	0.0277035476918571	0.0167986756618419	0.0238039532496921	0.0385173218360388	0.0228611749927785	0.0240494206461075	0.0322020352086806	0.0356384376006181	0.0125714285714282	0.0559265442404006	0.0257506456050889	0.0396428856785608	0.0225014376189391	0.024628200429049202	0.0416666669713721	0.0395031935575903	0.0308184723443715	0.0080631754021623	0.0057937306399518	0.0492465182987444	0.0491532938593531	0.0373775787325223	0.0434782608695652	0.0385177064297281	0.02165959729713	0.0709375861146186	0.0534328378039337	0.0145487209855546	0.0357434282750345	0.0250737151623503	0.01	0.0257308224021478	0.0162425327126018	0.0111959291366008	0.0184237113877815	0.025790471639758398	0.0817479897797912	0.0198807377071714	0.0229116213383269	0.008985119481706	0.038354996476840604	0.0144774569191048	0.0184620024121108	0.0212843755052224		0.0278069669757437	0.0377610524072641	0.0599766753682873	0.020254791023621	0.0352961913369037	0.0254813240995304	0.0134730538922154	0.0459546925566342	0.0099111407807221		0.0366183011612555	0.5	0.0167597765363128	0.0272885479858571	0.024015705271207603	0.0333333333333333	0.0548255253361451	0.0262123282021814
Prevotellamassilia	Prevotellaceae	Bacteroidales	Bacteroidia	Bacteroidetes	Bacteria		0.0018695051469659	0.0024032905866927	0.0002850878249203			0.001164312962681	0.0007307518877822	0.0007121456618747			0.0008026981828812		0.0014171376422897	0.0017629843472403	0.0009285593970562	0.0008242633293261		0.0003331224112653	0.0007653496529082	0.0011407960488858			0.000499500499499				0.000366970653697	0.0021183106711295	0.0021925887064803	0.0015391437380513		0.0008759738169479	0.0010698554909851	0.0012374369789512	0.0013936881476081	0.0014435287357467	0.0030902545880395	0.0026543774012182	0.0019186576520334	0.0036644400237217	0.0011428571428571		0.0004491480472842	0.0020434395962582	0.0013015081953356			0.0011541602636264	0.0019733591516331	0.0003402621625195	0.0004728221877192	0.0005800722284559	0.0006716563180736	0.0043966358464201		0.0053653298070994	0.0022268655300159	0.0008517865364617	0.0024327317698854	0.0009489327859272		0.0010537753519775	0.0011111111111111	0.0015447954586275		0.0003825828189111		0.0008177304785878	0.0004995434232029	0.0012553536926508	0.0004498328165946	0.0004097905539521	0.0016367175207566	0.0011983238912479	0.0017596385773532			0.0004374416705239	0.0004787818939997				0.0001533135009802					0.0004867664541701		0.0055865921787709	0.0001972620614596			0.0010161157182508	0.0003072360008328
Propionispira	Selenomonadaceae	Selenomonadales	Negativicutes	Firmicutes	Bacteria																													0.0002460061732462																																																			0.0003260897592116																
Propionivibrio	Rhodocyclaceae	Rhodocyclales	Betaproteobacteria	Proteobacteria	Bacteria																																																																0.003503024904235																																
Pseudobacteroides	Hungateiclostridiaceae	Clostridiales	Clostridia	Firmicutes	Bacteria																																										0.0011428571428797											0.0001644218494549	0.0001342543164339					0.0001852607235443																									0.0001496781977403												
Pseudobutyrivibrio	Lachnospiraceae	Clostridiales	Clostridia	Firmicutes	Bacteria		0.0027362549857502	0.0020962881959561	0.0023590326304759	0.000502393425332		0.0027007301265363	0.0017647188222146	0.0017629190613862	0.001399024969032		0.0013437914281378		0.0020447131788656	0.0043125526194711	0.002675469144892	0.0032627812381832		0.002863968392345	0.0025707769732773	0.0007009267775445	0.0069066739197459		0.0007427989171794		0.0011704822546437	0.0023880252183367	0.003384775905728	0.0049908129812295	0.0011582092827586	0.0008887409809939	0.0024630097877389	0.001457613983941	0.0028020736496181	0.0015240308424001	0.0014509640979762	0.0043208084253749	0.0023157117797856	0.0017307037008592	0.0012087288702333	0.0019164362408499	0.0029762186331878		0.0023587497180169	0.0016993954542178	0.0031238256490176	0.0030157145979364		0.002100564480424	0.003752349936525	0.0021488540417112	0.0025062469616064	0.0037455427316103003	0.0026605054967762	0.0019786536591132		0.0017911519553589	0.0011125189920141	0.0025889094793141	0.0063829747565191	0.0029385554608288		0.0013196193731324		0.0013835009705216	0.0004180004834719	0.0033063428235767	0.0033923569253722	0.0024746504782783	0.0023007333170303	0.0010832022219167	0.0026636945368596	0.0020905173081262	0.0025097109323012	0.0004312797962784	0.0019821248761816	0.0020190866222946		0.0018753929428427	0.0044719488289124	0.0025215389248975	0.00195582349977		0.0032129695340724			0.0024873046615683		0.0015870510519033			0.0044046312064373	0.0033841463431217		0.0025431588999013	0.0008048716731088
Pseudoclostridium	Hungateiclostridiaceae	Clostridiales	Clostridia	Firmicutes	Bacteria	0.0180505415162454	0.0004746785033078										0.0005819697358557			0.0004490873001335				0.0003455262173797		0.0003149364496235			0.0007623954992616						0.00032137708617				0.0004452957214474			0.0003469182288597	0.0007381439531387		0.0003079009405423	0.0003051908262276				0.0004703047875008						0.0003424646719088		0.0002522475700665	0.0002935272638741					0.0006091580824855		0.0002929418019372						0.0003058631410613								0.0003907234570938	0.0010653863085884	0.001515533217852								0.0029940119760479										0.0010616155020948	
Pseudoflavonifractor	Ruminococcaceae	Clostridiales	Clostridia	Firmicutes	Bacteria	0.009221060153638	0.0031989189891569996	0.0024461773931911	0.011272544008292699	0.0062754810408858		0.0116124154857425	0.0042028430340614	0.0105911879634167	0.0048220218454205		0.0041187213408595	0.0193068225907108	0.00316730142538	0.0078737426666326	0.006880816577082	0.010316523293478	0.0624994831720158	0.0055768979274628	0.0069209515783064	0.0020731672775169	0.0113368268343198	0.0123240028936168	0.0015995308549871		0.0067581702949258	0.0064063963080088	0.012212034772919699	0.0094105978555539	0.0030097671582344	0.0018627973025853	0.0087555760514755	0.005863646322425	0.0040904634860835	0.0117872495451295	0.0015777915247845	0.008710572888283901	0.0017111934404178	0.0010697510814203	0.004498086037511	0.0053669312677715	0.0062965469704221		0.0084070513932213	0.0028040839929304	0.0074736390858472	0.0045063706992497		0.0049825889688752	0.010609343918109599	0.010849388291876599	0.0166550565555701	0.0105525732464758	0.0073066124198707	0.0086444058964205		0.0063622880499212	0.0035763050829286	0.0076188899549369	0.0090002893324751	0.007390248007229	0.0069892498155232	0.0088817674015212	0.0022105266702102	0.006771217235389901	0.0100851735940165	0.0072801282902508	0.007064573896346101	0.0107864300682439	0.0058835922159009	0.0061761229782776005	0.006896202931227001	0.0047218342767792	0.0022801306637416	0.0021286205071899	0.0034942230076168	0.010098305300144		0.013514547317671901	0.0101334709684061	0.0091459832937048	0.0090073128226118	0.0065453487674847	0.008953504334903401	0.0072315724923414		0.0059146170044997		0.0106081568469624		0.0111711782526287	0.010160142902867401	0.0112874954919424		0.006936263725157699	0.0103440821499791
Pseudoramibacter	Eubacteriaceae	Clostridiales	Clostridia	Firmicutes	Bacteria															0.0002354374360815																										0.0002643554838365	0.0011428571428571									0.0001877666072039		0.0002622412268893	0.0003071914453518					0.0003605679775448										0.0001350117036754				0.0005462614900104																							
Pseudoscardovia	Bifidobacteriaceae	Bifidobacteriales	Actinobacteria	Actinobacteria	Bacteria																																																																											0.0002685672967668																					
Raoultibacter	Eggerthellaceae	Eggerthellales	Coriobacteriia	Actinobacteria	Bacteria																													0.000172773220944						0.0006809060715811																0.0003181877301154	0.0007381715573091		0.0001543839565432	0.0008874487695102												0.0003826917499951																													
Reyranella		Rhodospirillales	Alphaproteobacteria	Proteobacteria	Bacteria						0.0104669887278582																																																										0.011111111111111101																																
Rhabdanaerobium	Eubacteriaceae	Clostridiales	Clostridia	Firmicutes	Bacteria					0.0001835242566984															0.0005544736685703							0.0002852315927463										0.0002114690787075															0.0002549848492029	0.0001581860499284	0.0001435486371107		0.0434782608695652													0.0001997244132306											0.0004352311248702									0.0003067888936575			0.0001973085887				
Rhodopila	Acetobacteraceae	Rhodospirillales	Alphaproteobacteria	Proteobacteria	Bacteria																																																																0.0099999940382703																																
Rhodoplanes	Hyphomicrobiaceae	Rhizobiales	Alphaproteobacteria	Proteobacteria	Bacteria	0.0388086642599278					0.0402576489533011					0.029126213592233																																																			0.0029769288017861		0.021111111111110997																						0.0349514563106796		0.0274822695035461								
Rhodovastum	Acetobacteraceae	Rhodospirillales	Alphaproteobacteria	Proteobacteria	Bacteria																																																																0.0033334509354071																																
Rickettsia	Rickettsiaceae	Rickettsiales	Alphaproteobacteria	Proteobacteria	Bacteria	0.0153429602888086																																																																																															
Robinsoniella	Lachnospiraceae	Clostridiales	Clostridia	Firmicutes	Bacteria		0.004592492075224	0.0032948118374782	0.0040304473556799	0.0012570764658719		0.0048065552157191	0.0041799311742768	0.00091157480621	0.0049623604685951		0.004967471047994		0.0032670068369923	0.006945797719849	0.0024370918746674	0.0033547368833254		0.0056246558944019	0.0037539117596602	0.0017602121713969	0.0097778851667604		0.001432729416861		0.0036452623836089	0.0018155948013536	0.0034486513063035	0.0051588079583729	0.0050213162475818	0.0024202913581653	0.003158744220846	0.0086434909485992	0.0072975149228215	0.0013168111355575	0.0018921302432115	0.0101535051721473	0.0024645436337782	0.0029061360115355	0.0022968473413791	0.0035597233765881			0.0027680937852455	0.0050059782018668	0.0080356067890096	0.0060712061353372		0.0038941476288038	0.0109160338485372	0.0024001703814925	0.0047947419101265	0.005756559539259	0.0041815719129111	0.0050110100372028		0.0063141462063873	0.0036129505198741	0.0033302410003115	0.0042129003205397	0.007787992555118		0.0045615308535702		0.003248378918556	0.0017217421846871	0.0076021264290607	0.0031372929580784	0.0032879265910735	0.0023280994028162	0.0021144902484619	0.0034597276191501	0.0125978489914234	0.0025800257173505	0.0022430060592995	0.0050668660531132	0.0029325711914297		0.0012696980930946	0.002682180295993	0.0031189079310111	0.0029255346604645	0.0022652131755768	0.0035257618711621			0.0058090256136677		0.0027897482586105		0.0111730892505503	0.0046473580420172	0.0029684481914689		0.0034392627778903	0.0039072589095626
Romboutsia	Peptostreptococcaceae	Clostridiales	Clostridia	Firmicutes	Bacteria		0.0119441488216228	0.020450476360980702	0.0059332617907331	0.0215342932484282		0.0281309874611786	0.0080848709740752	0.041137923099029	0.0794007625750837		0.0065141595315412		0.0310425985145584	0.0111737429301676	0.051578164980782805	0.0142697997438468	0.0251377706196173	0.0091377830667079	0.0104043773602546	0.0242658167796331	0.0272251532601886	0.0373890775909608	0.0191090467085272	0.0260920724766262	0.0059629847012702	0.0055044236811623995	0.0137153074020757	0.009369855808383799	0.0077567226526732	0.0098108747311757	0.0374155746680987	0.0508298825095765	0.0347935796733412	0.0690570277495344	0.0178517009147962	0.0130208744668612	0.0107102653163961	0.0191449537828304	0.015333400714228201	0.0199679742306585	0.004576171726598801		0.0624478481835758	0.0201390384143988	0.0042797359913171	0.0041723947515436	0.0233801945720977	0.15322073519983329	0.0311136041965406	0.008840465587394401	0.0026999643904232003	0.0901787434645285	0.0821605152425383	0.0149084569520306	0.0639891804332909	0.0038549538753117	0.005414990290294	0.0672928638160649	0.0288417632410067	0.017784552484110903	0.0297837114304502	0.0338146341832995	0.0022222222208002	0.045640686476694496	0.0329120172742758	0.0208280974134637	0.003650982431209	0.0111874708386011	0.0518964846440591	0.0432287499987206	0.022376752519572902	0.009810226745260501	0.0155409030419751	0.0202899518837271	0.0287610922182091	0.039781866477855796		0.046278727915723794	0.0173735726890798	0.08439547082489521	0.029083184590453802	0.057958003842310694	0.0147036976938414	0.052190888061804996		0.0151926821943465		0.0296021881057277			0.0318106022953001	0.0155671747339748	0.0189384308469611	0.0769261379305507	0.0636541263926198
Roseburia	Lachnospiraceae	Clostridiales	Clostridia	Firmicutes	Bacteria		0.0187485830212436	0.0125930389226168	0.0156198398545362	0.0027754837391377003		0.0085652936928395	0.017642927119895402	0.0101197519056366	0.0036988094402244		0.013268476517896598	0.0271059509916068	0.015450090455073201	0.0251827156447798	0.0087060571210696	0.0125341702633407		0.018215292514270003	0.010529295093431201	0.0074006097050702	0.0207449112473599		0.0057920213301669	0.0122469517352528	0.0090296422280583	0.007314031563546399	0.0154070404309217	0.0177107353207535	0.019688094137881	0.0078619233345026	0.0093502311005246	0.0052203272952231	0.022171582550745	0.0054612113478649995	0.0115984442130634	0.0175644793152192	0.0175726402956621	0.0149298965959617	0.0086281011960327	0.0106027044253749	0.015299609318104198		0.009820188066390501	0.0168092056561146	0.0259673240763519	0.0222563541170297	0.0723124571576228	0.0048581234645242	0.0142009716636281	0.013474321198607201	0.0189504745868854	0.0110980558453409	0.011575487797091999	0.0141525062766434		0.0233308645513069	0.0154860990311952	0.010806065583785199	0.030055865783023702	0.016147263819625002		0.010954771590471101		0.0092615979890191	0.0042669336054661	0.0194662160200698	0.015018028612447502	0.013403759969300901	0.0061195862843643	0.005408683955243	0.012106817890338	0.0269090458591824	0.0132585590284462	0.010542286592645	0.015792246218879	0.0098543780705123		0.0086120542941152	0.0107492026187311	0.0086486134244227	0.0121736507561448	0.0030806605145296	0.0356711871211599			0.015009882887104		0.0068349259278473		0.0165676804433745	0.028633062210399	0.009819951302451599		0.0125656217530847	0.0036114441801467995
Roseimaritima	Pirellulaceae	Pirellulales	Planctomycetia	Planctomycetes	Bacteria				0.0011821762865644	0.00046693551506				0.0008881294799532	0.0016579942764406		0.000517157966735				0.0003989892272908												0.0004350164269821	0.0002305437344528				0.0011023593431613		0.0030047954355442		0.0009841792553905				0.0003462781186792			0.0017262359555327					0.0017717650480711			0.0015872867835947	0.0004090966307221	0.0003012964204053	0.0008876163206871				0.0005972495088408							0.0007116076758624			0.000720316513702	0.0012305683150609									0.0013754712580308	0.0006273273807863	0.0017916282100005			0.0005618922781152					0.0012985103420572			0.0005812156062573			0.0008304458635205	0.000775823148856
Roseisolibacter	Gemmatimonadaceae	Gemmatimonadales	Gemmatimonadetes	Gemmatimonadetes	Bacteria																																																																0.0022222222222222																																
Ruminiclostridium	Hungateiclostridiaceae	Clostridiales	Clostridia	Firmicutes	Bacteria		0.0007896414154647999		0.0011397629940629	0.0002980138364718		0.0009953122038541	0.0006040781161825	0.0006705796816624			0.0006647175775721999		0.000283051889344	0.0008886170498367		0.0014197012691258		0.0012447205040404998		0.0002130048782319					0.000885871510108	0.0011485881987294	0.00192363497945	0.0006591951159441	0.0007842829787001			0.000288086910261	0.0008187066180821	0.0007367711979427		0.0004797169040173			0.0007438051371950001	0.0003418400498603			0.0007309416383532001	0.0006141205549460001	0.0015634285979469	0.0013063067195442		0.0004761779892388	0.0008922962409902	0.0006174038493807999	0.0005026070958981999	0.0009584833661651	0.0009360816220204001	0.0008388426044152				0.0014363184445725999		0.0013226711643778998		0.0009463366994229		0.0006234566429578	0.0004113997173583	0.0013914050705638998	0.0013138068504147	0.00035137692570269996	0.000909478186844		0.0006295370527199			0.0003110147965408				0.0004503233024326	0.0010026955048656		0.0010683319321913		0.0012877020023180001					0.0009556481409968999			0.0008655036563321			0.0018014627071061	0.0005497172859864
Ruminococcus	Ruminococcaceae	Clostridiales	Clostridia	Firmicutes	Bacteria	0.0162454873646209	0.06349412575710531	0.0426116980649495	0.032785388535840496	0.019358629519317303		0.0386938151258175	0.0237942892515696	0.0486538771062565	0.0326427339688526		0.021839252572820697	0.0064205457438654	0.0253525585146188	0.032498949956447996	0.0385088350917981	0.0285814791727355	0.0468732426621071	0.11387111611094801	0.027187457390445497	0.0387765499726939	0.0234634169226677	0.0112143474124668	0.0455408532611843	0.0180281203806398	0.023766411868266498	0.01145157869378	0.039290548286410897	0.0424855390465779	0.0642025784825228	0.0194669161039907	0.0261348208197309	0.0247746509802053	0.0397356028311583	0.0179922677563091	0.15558373437922168	0.05794421841704749	0.029023057213041596	0.0426545428575036	0.10733186515292599	0.1252734161203726	0.016688726955395		0.0134146856288919	0.06616963959021191	0.0246454737724346	0.029028940632874603	0.0083333333333333	0.0130109075448827	0.0539327031361992	0.08289955777937309	0.0122202680441096	0.0317706430826705	0.0351737879878245	0.091678798022124		0.0715821050107027	0.0703389529821836	0.0631290210064294	0.1525894281814961	0.0680143097195642	0.0034730836020838	0.027185177955296798	0.010000001053129402	0.0948092984539829	0.0178092843875426	0.0839034889254363	0.017131063565744502	0.0576985347895592	0.0448940995031914	0.0825653454527194	0.0132149924517621	0.005357334479396099	0.039149559634413	0.09693409725998131	0.0371104033822825	0.026847474232641097	0.0714285714285714	0.08752206148002731	0.0607777340533973	0.0110198723874404	0.008399048783179	0.0213611196184974	0.0478418539770283	0.010950590741982999		0.013103024416501999		0.0439198110635084		0.0055865921787709	0.0615536911907954	0.08525438607062549	0.0333333333333332	0.08288914902157679	0.059992331795936896
Ruthenibacterium	Ruminococcaceae	Clostridiales	Clostridia	Firmicutes	Bacteria		0.0005042310693844		0.0003435528617931			0.0003859460705541		0.0002524470459079			0.0001871063031568			0.0003199682693975	0.0002918348984205			0.0002819925030927	0.0004059606643327							0.0002047852431401	0.0003550811908376	0.0002702772914566	0.000260917967533			0.0003284567399145	0.0002023657255395			0.0003361503036858		0.0001993076629267		0.0001701979140161			0.0004880962960912	0.0003044789516784	0.0002240679421859					0.0001701567308274	0.0003113955672027	0.0001421118514769	0.0002295801377054	0.0003557890998768			0.0002767999633757	0.0002771274155674		0.0002434188709261		0.0005100154209044	0.0019218231577103		0.0001949542383012		0.0003161468999535	0.0003235902823308	0.0003626983540209		0.0002610300327759							0.0002448040182449	0.0002924238786426				0.0002683715695407					0.0003923925259952			0.000184216866583				0.0004018228340692
Saccharofermentans	Hungateiclostridiaceae	Clostridiales	Clostridia	Firmicutes	Bacteria					0.0001632754071163		0.000342861285674		0.000175055248001						0.0002748747080592	0.0003010564658484											0.0003250443699874	0.0002869451780607	0.0001659269581819						0.0003660861877293									0.0002627674852975		0.000310504335248						0.0002643989674546	0.0001419624132485	0.0001509245038318					0.0002034215168862							0.0001974123274597	0.0002456384020161	0.000424726890024	0.000144323046619	0.0003357856066205									0.0003738585065779	0.0005403859274577				0.0003032694079958					0.0002031769498978			0.0002241608398559				0.0002058446779148
Salimesophilobacter	Clostridiaceae	Clostridiales	Clostridia	Firmicutes	Bacteria				0.0005381604783262			0.0005974746270715		0.0004212242426018											0.0004500795691824							0.0004456988938053	0.0003194418872903	0.0003413735158172			0.0010377759936101	0.0003257700198935				0.0002918424093782				0.0002267341874222			0.000609909625055		0.0004952533081545			0.0002683115412603			0.0006683376538115	0.0003589248031482	0.0001581569129803							0.0002301243319151					0.0002415814091676	0.0004074215717738	0.0004408657877967	0.0002419665870691	0.0003325929893937		0.000377227576364	0.000421802234941						0.0004271472390154	0.0007734324712439				0.000908114176242					0.000374521413584			0.0004328196818223				0.0002094737533999
Schwartzia	Selenomonadaceae	Selenomonadales	Negativicutes	Firmicutes	Bacteria																																																																																												0.000222405750953				
Sediminibacterium	Chitinophagaceae	Chitinophagales	Chitinophagia	Bacteroidetes	Bacteria	0.1263537906137184					0.24074074074074062					0.058252427184466																																0.0575959933222036																			0.06400396923840229		0.06555555555555549														0.0476190476190476								0.044660194174757195		0.2668439716312056								
Selenomonas	Selenomonadaceae	Selenomonadales	Negativicutes	Firmicutes	Bacteria		0.000207255219081													0.0013132471778943						0.0002403785528808															0.000444991200986			0.000245475170383	0.0002342423133828	0.0003704746096202					0.0002201374533137								0.0006445771798658				0.0001855146520511	0.0009359009105963		0.0001465641398136								0.0006686047007311				0.0008003890333284																							
Sharpea	Lactobacillaceae	Lactobacillales	Bacilli	Firmicutes	Bacteria	0.0117328519855595	0.00032555174238	0.0005649079210489				0.0010426733126494	0.0025461263951446				0.0010676724568484		0.0008326394671107	0.0060738272842401	0.0013965280750101			0.0007926705623955		0.0032639359462566			0.0014653025982075	0.0036955604278541				0.0003873073837386	0.0003804733536662	0.0018060305649358	0.0010082823594638			0.000494071146245	0.0057518878767101	0.0004619217179509	0.0005072708826513	0.0009163048734327	0.0012456183214992	0.0028667741002625			0.000944447592603	0.0004282212574962	0.0108558705704703	0.0023321467121831		0.0010972881065761		0.0005758710048996		0.0010489657198002	0.0036615725977285			0.0018924160855737	0.0013604587242957	0.0051174010105467	0.0145148724082863	0.0027618412651924		0.0037532656374974		0.0027771649723498		0.0012651810704826		0.0046741095445608		0.0022699748035712		0.0031810122101814	0.0018436892936988	0.0027720366691027	0.0013059604032805	0.0010121457489878										0.0021851199710404		0.0001921820348233						0.004630340685869	
Slackia	Eggerthellaceae	Eggerthellales	Coriobacteriia	Actinobacteria	Bacteria		0.0002483325919317					0.0004369576832453							0.0003521637733781	0.0003940264483036																			0.0004135318243611																											0.0003580059312336						0.0002252363488855																	0.0003537580705207												
Solibacillus	Planococcaceae	Bacillales	Bacilli	Firmicutes	Bacteria			0.0005794166336162																																																																																													
Solobacterium	Erysipelotrichaceae	Erysipelotrichales	Erysipelotrichia	Firmicutes	Bacteria		0.0003391133360286	0.0003389447520054											0.000395599652303	0.0003196769586608				0.0007581844700688		0.0002745921304733						0.000260786498547	0.0002327782954823	0.0002491945221322	0.0009025723311437	0.0004128523223543		0.0002023749415547	0.0003578578414997		0.0003401209764632	0.0002150768347339		0.0003272528158177	0.0002906289353732	0.0002643692460811				0.0006062652702587	0.0003999822021781					0.0004006059164486	0.0004772248556991	0.0002622414291236	0.000225273656294			0.0004998750312421	0.0003413006860332	0.0003143418467583		0.0009744081444668						0.0014672919795876	0.0005098481189287					0.001160805735746		0.0005600001615189					0.000243823146944									0.0004035822731291		0.0055865921787709					
Sphaerochaeta	Spirochaetaceae	Spirochaetales	Spirochaetia	Spirochaetes	Bacteria		0.0011571405232422	0.0022358627921246	0.0008117243797947	0.0003264570817311		0.0021095096487571997		0.0002646645029182			0.0005004755392691		0.0008950874271398	0.0011272819046128	0.0008951144909856	0.0057555048703101		0.0007373679650486	0.0025666624997841	0.0005866727505441			0.0005520794994479			0.0008112853335781	0.0017010441535667	0.0025485647229834003	0.0013538579152316001	0.0015064321937538002	0.0019445445718441	0.0007936394758546	0.0005945520573916	0.0021302470437542	0.0009045983989523	0.0024861208606818	0.0008792695299289	0.0006108133174891	0.0055040043451439	0.0031262295575682003			0.0014922278949057	0.0019510401548141001	0.0017418320476331	0.0015325159914712			0.0038826300044554002	0.0007010603534175		0.0013216890435274	0.0008499096727150001	0.0052640252758335004		0.0010354554218588	0.0007596692503594	0.0014604519604564		0.0008926578830134		0.0012345698850929		0.0018059892085335	0.0004244722395159	0.0009289009917872	0.0017710763848343002	0.0009020015004491001	0.0009967789478006	0.0023845536610666	0.0011105950770348	0.0004324570388073		0.0004213947129331		0.0029352226722618		0.0003185051491666	0.0005689206762013				0.0006394460876755					0.0010377824727131			0.0005812265255417			0.0019476007326873	
Sphingomonas	Sphingomonadaceae	Sphingomonadales	Alphaproteobacteria	Proteobacteria	Bacteria						0.057971014492753596																																					0.048414023372287104																			0.004713470602828		0.0255555555555554																																
Sporobacter	Ruminococcaceae	Clostridiales	Clostridia	Firmicutes	Bacteria	0.0208833447702957	0.0054820265011448	0.005522113513368	0.0143744588259361	0.0142425641006937		0.0281349716771314	0.0078835904328484	0.0233881453200766	0.0081997463660274		0.007565829461192	0.0255400880248535	0.0069428701762939	0.0152158429988952	0.0195786414195728	0.0231376721570646	0.0156920220165116	0.0152407493670258	0.0131830753967357	0.0043244073447218	0.0281962805476522	0.0063266885332974	0.0033300868984382	0.0047953386409285	0.0092819867880599	0.0118751704688222	0.0174664909916038	0.0186531668750272	0.0084969977417824	0.0028882030827949	0.0187498560762386	0.0086281105466615	0.0105360466498439	0.0255220285257995	0.0025812649811958	0.0196112230851746	0.0026006465298655	0.0020544309815304	0.008300575291378	0.0103281998131007	0.0057611460363458		0.0194644454386832	0.0069535443354503	0.0183383415504587	0.0104280026394839	0.0166668286497198	0.0063697104647206	0.0227149500407666	0.0157767238151609	0.0323622133646036	0.0246675972529277	0.0161671936639947	0.0211925013284293		0.0135753646565347	0.0079492216096978	0.0197893140286541	0.0220626760159944	0.015416585459531	0.0144072023789685	0.0220978315441354	0.0156368359793346	0.0128723391058821	0.0235065968699261	0.0165145269127454	0.0154367538828984	0.0229440956388578	0.0136088609826298	0.0093920349906599	0.0115998329168281	0.008185880763024	0.0061118987075454	0.0040094634312904	0.0069901793086182	0.0269274086122432	0.0476190476190476	0.0311380942053495	0.0225938101957448	0.0156183889786617	0.0114429849840976	0.0149010538136609	0.0195813823176487	0.0120690755643889	0.029281421506971	0.0119813372043719		0.0257976609385524		0.0428520096494666	0.0269283631192822	0.026418005553129	0.0653087483803199	0.0193562928390555	0.0212355986218397
Staphylococcus	Staphylococcaceae	Bacillales	Bacilli	Firmicutes	Bacteria		0.0004747661479566	0.0044211220432968									0.0002833972742694		0.004492199128769		0.0050246883675678					0.0009955403271392001			0.0008943683084391										0.0005360996873386			0.0033897026300053		0.0033340715520173				0.0158597662771285	0.0050281877155974			0.001479601648109						0.0036121515071777	0.0003275198372317	0.0007444523964569			0.0006396738825241			0.0007532311989112				0.0020044568575035		0.0027553258433093		0.0005268191790944					0.0045440774188363	0.0002894455666211	0.0019850597397507											0.0047713818750348		0.0032341535154346997							
Streptococcus	Streptococcaceae	Lactobacillales	Bacilli	Firmicutes	Bacteria	0.029783393501805	0.3622152694495871	0.41647942351491707	0.2909278692973144	0.1971002699491072	0.0450885668276971	0.1189709008224468	0.5475735211488971	0.0721551449696575	0.0514416110621347		0.5539090861771642		0.3965457207242341	0.1364459263164349	0.2143164589722122	0.1631915277374045	0.03125	0.3404417016324503	0.2868849804532478	0.6148020369376108	0.2038804449269368	0.5450830223007761	0.7000947714748053	0.734971211713916	0.3934864256505765	0.3556899626397935	0.077483055051193	0.070506146357505	0.3504933579163753	0.5971592898011626	0.2998646502661137	0.1738619929331558	0.2569587575461413	0.1700209007522481	0.4314400687963916	0.1467580623380118	0.5703550815582465	0.5290941675425103	0.3736503741276959	0.2602573853670612	0.0205714285714284	0.0584307178631051	0.09567939628680901	0.3454728484479903	0.1563480628335942	0.3399972427779003	0.1083333333333331	0.0279162145549794	0.036828013455749	0.1846741568299766	0.0088561413802149	0.0625488591498137	0.1358362415045285	0.011976848026192201	0.5217391304347825	0.265872445709671	0.4960650257999794	0.062362799523227	0.0297865881120247	0.2673402349807682	0.08781939965269149	0.28971329623263864	0.0188888888888888	0.2889479374641214	0.0488322487990323	0.1814327336192289	0.009544997047069799	0.1656334304088425	0.025845743031008898	0.3729497707583298	0.1756308906365678	0.10517959872948471	0.44648296779504015	0.500179207862839	0.4524830372708852	0.2683115040590363	0.1428571428571428	0.033268571360474695	0.0155557853002091	0.06307733964536509	0.065859083475636	0.1295549957561665	0.0415655380464476	0.3877245524528347	0.1132686084142394	0.4775379671536175		0.0342748489232828		0.0670391061452511	0.0053189581307054		0.05	0.029311216635992	0.0243401534515569
Subdoligranulum	Ruminococcaceae	Clostridiales	Clostridia	Firmicutes	Bacteria																																													0.0001587325748539																																																			
Succinivibrio	Succinivibrionaceae	Aeromonadales	Gammaproteobacteria	Proteobacteria	Bacteria			0.0003615410688057																											0.000501429071735	0.0011529079098469					0.0014859230248398				0.0002724647158193	0.0002332944406183				0.0008564420939981						0.0002754164885713							0.0003633311253027																	0.0002065902282822																					
Sulfuritalea	Sterolibacteriaceae	Nitrosomonadales	Betaproteobacteria	Proteobacteria	Bacteria																																																																0.0011111114088564																																
Sulfurivermis	Thioalkalispiraceae	Chromatiales	Gammaproteobacteria	Proteobacteria	Bacteria											0.0679611650485436																																																																			0.0238095238095238								0.0064724919093851		0.0248226950354609								
Sutterella	Sutterellaceae	Burkholderiales	Betaproteobacteria	Proteobacteria	Bacteria			0.000293735493569																										0.0004149721968628											0.0003269576589831										0.0011456940996753										0.002127659574468																																				
Synechococcus	Synechococcaceae	Synechococcales		Cyanobacteria	Bacteria																																																														0.0037211610022326																																		
Syntrophococcus	Lachnospiraceae	Clostridiales	Clostridia	Firmicutes	Bacteria		0.0001705554159873	0.0003053046263218				0.0002558600668179	0.0005062520099108				0.000204851053548		0.0003942708202737	0.0021788273535858	0.0003766542165258			0.0002565086925921	0.000415349586455	0.0005745506122146			0.0004311699553814					0.0002471165822492					0.0002772373178608		0.0012752481409362	0.0004101626362259	0.000413787255543	0.0002177372556634	0.0002914393465114	0.0008817310500792	0.0011428571430111			0.0002179887228765	0.0009225804989856			0.0004257066452594		0.0002621551799706		0.0003257023373969	0.000522202382239				0.0002085048973459	0.0024198557518876	0.0021276595744684	0.0004814598884237		0.0007167353166262	0.0013324759680546			0.0005031411861444		0.0016297085637746		0.0004403193684036		0.0007284648472637	0.0012815880900839	0.0002365435830808	0.0008287200611602											0.001254929363071					0.0001497443466178			0.0009935709093021	0.0002344500874574
Tannerella	Tannerellaceae	Bacteroidales	Bacteroidia	Bacteroidetes	Bacteria			0.000395638980587				0.0007748560620502					0.0002547967835989			0.0005040248017244	0.0006220169141072													0.0007737751735985		0.0002465257786836		0.0002385753091036	0.0003376639223425	0.00050222952381		0.0007452700946601			0.000349569695175	0.0002603570702932			0.0005059458217496	0.0003926618715461	0.000293066838555							0.0003058870659577		0.0008000691645758				0.0002316618858695		0.0002296825506515							0.000358302292801	0.0002677536261683	0.0003097184491766										0.0008598358732879				0.0002092115350635					0.000642696832458							
Tepidibaculum	Ruminococcaceae	Clostridiales	Clostridia	Firmicutes	Bacteria		0.0001757263012148	0.0002537605326319						0.0002289527465982			0.0003416049103289			0.0003361502426509	0.0003675023093751											0.0001473669339932	0.0003937443835769	0.0003182562326972	0.0003261964880484							0.0003044965756005		0.0001657307777605	0.0002025866945713					0.0006287913028078	0.0002446887936202						0.0001812858260696		0.0002046102210248				0.0003482630469851	0.0003318271588139								0.0002144880648189		0.0003671567451297	0.0004917167274779		0.0002019724926641							0.0003487564542869	0.0002999381244009				0.000289661309162								0.0001687622926355			0.0004500631512	0.000347944188639
Terrisporobacter	Peptostreptococcaceae	Clostridiales	Clostridia	Firmicutes	Bacteria		0.0517411619262342	0.054187004375474704	0.0226523169126678	0.0726000331894511	0.0169082125603864	0.050630910078306196	0.027006477118775803	0.0986958341084028	0.15691011116692652		0.024783070920681202		0.1011902223511038	0.031756439102058	0.0947669089524673	0.0342293931226348	0.0485544218376108	0.0189733373476815	0.0237703044936988	0.0764199013262578	0.0472903512413609	0.0981675110672768	0.0517785216040249	0.056323137792964904	0.0183447736652001	0.0135239758573506	0.0530430429950966	0.0224312629214799	0.0291283517076197	0.0205909217982041	0.07228967109770529	0.0771554890432754	0.0965149706337039	0.13405194293871928	0.0465781719079946	0.0262080115959773	0.039313275521849794	0.0600255908108147	0.0383930592160828	0.0421668467475342	0.0149707898101064	0.010016694490818	0.12170078097205181	0.0685767980927115	0.0114384929808248	0.0117545940085912	0.0333333948853753	0.17957096096410202	0.0578025152444427	0.011254148808543	0.0047949212631975	0.11078544354330701	0.0962840502193364	0.0369386495188413	0.1534021239145351	0.0128904492294782	0.0178879609464235	0.1130515141440067	0.0673077405521233	0.0278486138330055	0.0438952764137571	0.069791895381182	0.0255528290909773	0.0994234242686154	0.0927700962825657	0.045324520326223805	0.0073030567428552	0.026470087663205098	0.09135622292582271	0.0746014277511232	0.0636312877527233	0.0185380245462341	0.0479277665443403	0.0621726557535454	0.07412542837945339	0.0741755844760909	0.0952380952380952	0.08875109863461218	0.0402258723857783	0.1610355897531322	0.0711385919139297	0.1210524817882447	0.0271224072634371	0.0817753288218817	0.0498381877022653	0.0366792974413199		0.041287298278600996		0.027932041944667	0.067528327689592	0.048483946405297	0.0974654777698237	0.1233425186572263	0.1413020922927289
Thauera	Zoogloeaceae	Rhodocyclales	Betaproteobacteria	Proteobacteria	Bacteria																																																																0.005424563732655																																
Thermobrachium	Clostridiaceae	Clostridiales	Clostridia	Firmicutes	Bacteria																																																																																						0.0064724919093851										
Thermoclostridium	Hungateiclostridiaceae	Clostridiales	Clostridia	Firmicutes	Bacteria																0.000255050970969													0.0001928611925391																																																																			
Thermodesulfobium	Thermodesulfobiaceae	Thermoanaerobacterales	Clostridia	Firmicutes	Bacteria																																										0.0011428571428571																																																						
Thermophagus	Marinilabiliaceae	Marinilabiliales	Bacteroidia	Bacteroidetes	Bacteria																												0.0003026001272647					0.0003801788218335											0.000325217378525																																													0.0002877517041054							
Thermostilla	Thermoguttaceae	Pirellulales	Planctomycetia	Planctomycetes	Bacteria				0.0007695780994004	0.0003817530978237				0.0007416466695961	0.0014576835492139																		0.0003170248278523	0.0002535904952204				0.0008694124650222		0.0017499172955486		0.0006092575715851				0.0004779318838089			0.0015844478616143					0.0013559217572838			0.0008495449595077		0.0002618877203292												0.0004486164454799			0.0003732731606512	0.0005951371955434		0.0006461644084566							0.0008407937382532	0.000469876780462				0.0003160488245787					0.0007898521164772							
Tidjanibacter	Rikenellaceae	Bacteroidales	Bacteroidia	Bacteroidetes	Bacteria					0.0002576276627033		0.0010273526082088		0.0007631293742209						0.0003213681072032	0.0005734151012503				0.0004542121744471							0.0006013242222006	0.0005217632005031	0.0005738355692564				0.0009280885899651		0.0009563111628694		0.0003994504258903			0.000341043094137	0.000376900744874			0.0010673251819388		0.0006500557210877			0.0004490773517665		0.0003928533640738		0.0002887167018465		0.0007498259926152			0.0001875634382333	0.0004494468940426	0.0021283259252828	0.0001712182505959					0.0004659504422913		0.0005916140220135	0.0004121754526626	0.0007784895097146		0.0008307491703249							0.0006519711148125	0.0005970694202977	0.0012060693074048			0.0004612357321945					0.0014108736144465			0.000512023867147			0.0006968708802384	0.0003693163418917
Treponema	Spirochaetaceae	Spirochaetales	Spirochaetia	Spirochaetes	Bacteria	0.0288808664259927	0.013714631846531902	0.006301443898278	0.0167279912309307	0.0686743298214761		0.035389474457617205	0.003261166544312	0.009617080510388	0.0530716376409354		0.0087128074891894	0.0278223648993075	0.009468747679146	0.010236876205397599	0.0107947250380042	0.037009644491536	0.078125	0.0074852294029485004	0.079751542891649	0.0015155711278377001	0.0125404530744336	0.0202122278725694	0.0006592105184971		0.0231257890035149	0.016278906796492798	0.0501336696834728	0.0156349983278746	0.0067224548975138	0.0044288155193919	0.0213899396462534	0.0220526661837681	0.0057571625143187	0.0129117263194588	0.0023519909706243	0.022672356917064398	0.0011834407112933	0.0030761802656298996	0.0086392177867872	0.0064075875864876	0.0411428571426063	0.0125208681135225	0.0122284711747369	0.0099747893690989	0.0130765809772021	0.0165916588889723	0.0166666666666666	0.0072375823549402	0.0164217707427095	0.013879384307581701	0.0218577445137214	0.0216537640418244	0.0185124409177409	0.0041231209737561		0.0044429798965408	0.0065823188115865	0.0138848654378391	0.0212772416752089	0.0164478625244577	0.017613495410568	0.0140827354875068	0.01	0.0031018521757237	0.028478358875732298	0.0206325444895714	0.0215270263594417	0.0292501723535067	0.1178143191413057	0.0068294203003264	0.0125598297527216	0.0013428929099814	0.0104290797576386	0.0051835996617998	0.0065808791667459	0.0217212775373713	0.0238095238095238	0.0109204155969298	0.0192602265605377	0.0224514098142292	0.0053540834551695	0.0071493810589816995	0.0061708508004278	0.007485029940119599	0.0110032362459546	0.0035159415389725		0.032143229218136		0.0167597765363128	0.0182260460307715	0.0273419569051846	0.0333333333333333	0.012134416642842599	0.0096287648789983
Trichococcus	Carnobacteriaceae	Lactobacillales	Bacilli	Firmicutes	Bacteria																																																																																					0.0014970059880239											
Turicibacter	Erysipelotrichaceae	Erysipelotrichales	Erysipelotrichia	Firmicutes	Bacteria		0.0005697611015426			0.0004895998475807		0.0008392248693935		0.0015164320619822	0.001657275439089		0.0001668251505724		0.0004162214663635	0.0003196710380966	0.0014629589151886					0.0018415255020346			0.0012881854988205						0.0002757859900717	0.0010105994081162		0.0009431342199722	0.0011617187761676	0.0020750728122234	0.0012066912073496	0.0002084543107235		0.0001799886395421	0.0007084138891377	0.0015551116951231			0.0021505517443765	0.0008415854387465				0.0030474893735266003	0.0012093437706802	0.0003380112419774		0.0024544706117226	0.0025762022712899004	0.0003149606299212				0.0030791932406448		0.000223164472216	0.0084346316050607	0.0007716049428552		0.0010459496496891	0.0003820348651642	0.0002831128500068		0.0002160177134525	0.0007475102526185	0.002549833266025	0.0003028949930304			0.0010052257530433	0.0009924648048189			0.0007662617355264		0.0012487105839517		0.0009721986818713		0.0029940119760479				0.0008071647355906						0.0025647835371325	0.0013166789193893
Tyzzerella	Lachnospiraceae	Clostridiales	Clostridia	Firmicutes	Bacteria																																																																																					0.0014970059880239											
Vampirovibrio		Vampirovibrionales		Candidatus Melainabacteria	Bacteria		0.0005968471163552						0.0002982759663341	0.0007800647181276		0.0058252427184466	0.0005001060880994			0.0005887111757503						0.0003422257712302						0.0003766863540116	0.0001969631858029	0.0008153584426566	0.0003008574437145	0.0005122888136529			0.0005359264770049		0.0002466598150051	0.0003722398415747	0.0003381805884421	0.0001963647519621	0.0004359438023768				0.0009255576634296	0.0005168187518034	0.0006067104016516		0.0083333333333333				0.0004114216771798	0.0007346120080657	0.0003801921948255				0.0001431260940899	0.0002357563383624		0.0005578928803493	0.0069461672041677	0.0005015432098757	0.0055555555555555	0.0003967395224698	0.0002122361197577	0.0003197855913749	0.0006440291929888	0.0009309146288781	0.0003038651648974		0.0011149949043915	0.0009104382599047		0.0003098879066172				0.0003449221074043	0.0006544620988092		0.001284980011422		0.0002884663663792					0.0009294342598348			0.0002844237395745			0.0004581420554545	
unassigned						0.0	0.0	0.0	0.0	0.0	0.0	0.0	0.0	0.0	0.0	0.0	0.0	0.0	0.0	0.0	0.0	0.0	0.0	0.0	0.0	0.0	0.0	0.0	0.0	0.0	0.0	0.0	0.0	0.0	0.0	0.0	0.0	0.0	0.0	0.0	0.0	0.0	0.0	0.0	0.0	0.0	0.0	0.0	0.0	0.0	0.0	0.0	0.0	0.0	0.0	0.0	0.0	0.0	0.0	0.0	0.0	0.0	0.0	0.0	0.0	0.0	0.0	0.0	0.0	0.0	0.0	0.0	0.0	0.0	0.0	0.0	0.0	0.0	0.0	0.0	0.0	0.0	0.0	0.0	0.0	0.0	0.0	0.0	0.0	0.0	0.0	0.0	0.0	0.0	0.0	0.0	0.0	0.0	0.0	0.0	0.0
	Lachnospiraceae	Clostridiales	Clostridia	Firmicutes	Bacteria	0.0279783393501805	0.0506282477830245	0.0310697282016513	0.0268586148225135	0.0131319945986083		0.0428672289593262	0.0298788921359842	0.0187292663109793	0.0163824733968657		0.0301309139694549	0.0338146872195298	0.0407001150123745	0.0516014006501515	0.0392565467544676	0.0502551882983363		0.032635132101092	0.0467923149805832	0.013732369183762801	0.0390531581935888	0.0227555088439545	0.0155727137081875	0.0180981318692383	0.0249393396711425	0.036832094335780996	0.0500719139219591	0.07170027573456321	0.0448633617246817	0.0226340668285275	0.0333567213745116	0.07509454334911721	0.0560012488661358	0.027375001598210102	0.0202460835286292	0.07751204046194579	0.0367090373898383	0.03115241876326	0.0363881184426155	0.0366430208332844	0.0230825848053857		0.0342753806709575	0.041987430735344104	0.0424676847080824	0.0351643653660795	0.0083333447440267	0.0363906578634101	0.0745795539586878	0.0189093105959393	0.0407655697435432	0.0453187475965487	0.0410974714797977	0.0627514794909913		0.048973361252842997	0.028897407704402602	0.032625453559342196	0.0276318526696884	0.0362309541174604	0.0156288762096765	0.0351866779021804	0.0144444444444444	0.0189242791977513	0.0122560482956173	0.0406731546332312	0.0489103784145226	0.040602304346397	0.0185002883165329	0.0337800746952525	0.0424738818598132	0.0230687124151576	0.0383411552122847	0.018267198440404	0.040954843442923	0.0342797220920389		0.025480709570684698	0.0658328507254022	0.0141390872833104	0.021345463036223603	0.0069469066528151	0.0394102124153771	0.0225890517506884	0.0235673303919393	0.0197224197284538		0.0321919822974006		0.0223599374920462	0.0562264989080904	0.029040598413865998		0.0422817441477513	0.0280613802821484
	Clostridiales Family XIII. Incertae Sedis	Clostridiales	Clostridia	Firmicutes	Bacteria		0.0003787184868566	0.0006201707041749	0.0013338920916173	0.0004522652849371		0.0011149678233755	0.0002291256046703	0.0013388894963644			0.0003367727660996		0.0008534702155771	0.0005062561156842	0.0004357727163767	0.0010425288025493		0.0004061209344859	0.0004513991732603							0.0009556123687535	0.0009932177211066	0.0005664820055695		0.0002979457156871	0.0010255131090251	0.0012596499227079	0.000521599391309	0.0014517699522069		0.0008901549150456		0.0003026676600986	0.0004917398077345	0.0010136070232957999	0.0011428574321536		0.0014594645710697	0.0003187861264401	0.0007374317560992			0.0002974248033502	0.0027294677354387	0.0007130451043984	0.0006672696254845	0.0002988998137445	0.0013494148520343	0.0019110067725364			0.0002043857112846	0.0008202201571075999		0.0002791679443597		0.0010415370717103			0.0005344416983074	0.0008074333233770999	0.0012621537341147	0.0006654692405297	0.0004113991266585	0.0004715118546715	0.0009141446408916	0.0002491272232387	0.0009301761108589		0.0005239079891375			0.0013580927348230002	0.0015708645272917	0.0010319911450183	0.0016860137085347		0.0017141830283642			0.0005957045373341		0.0017239642177997			0.0010990677412392			0.0003969828279174	0.00030332322573
	Ruminococcaceae	Clostridiales	Clostridia	Firmicutes	Bacteria		0.0062352984939487	0.0041952418560305	0.0105792488350035	0.0050303672127684		0.007930244034067401	0.0071365824078313	0.0057811829860683	0.0027484480960115		0.007568854341477801		0.0016059387811191	0.0075524894902385	0.0060296341444163	0.0082504266482491	0.0312500000000343	0.0045815729575823	0.0081701094452277	0.0025068508403086	0.0072600693617681		0.0016890884043457		0.0056671626207207	0.0069865124178784006	0.0092865358082983	0.007339138760264799	0.004724060580781	0.0014683418909529	0.0085806166756941	0.0048524113142018	0.004005613151339699	0.0083473642467716	0.0034530595846788	0.0086788918669795	0.002006278689961	0.0022150173553444	0.0066822552190376	0.0113480164211325	0.0079737537125182		0.0104342635191013	0.0045005061893174	0.0059485720937681	0.009023995890875	0.0083333333333333	0.0036060909316363997	0.0057425495142793	0.006682870390936501	0.0059226397213068	0.0060156995216101	0.0062188896909977	0.0103514555667415		0.0045437725637143	0.0025428664557117	0.0056297567299057	0.0063893558544176	0.0061800043022618		0.0057110404523852		0.0064362133490473	0.0067733149437833005	0.0063078501332342	0.0100751764673625	0.0069203146645915	0.0079321416675396	0.0072449405410922995	0.0064388909887124	0.0030571625260827	0.0011918951132281	0.0027981323577691	0.0024887953083065	0.0071239260936212		0.0060635257702396	0.009588771432846002	0.006199771685252001	0.0040547589069776	0.0046256996385788	0.0070195016635119	0.0074916655471225		0.0032955189494680995		0.0139743073385513		0.0055865921787709	0.009301936671517701	0.0131896751191115	0.0166666666666666	0.007778188530338801	0.0054286892405565005
		Bacteroidales	Bacteroidia	Bacteroidetes	Bacteria		0.0122304035036748	0.0102312610906039	0.0097797655947458	0.0105267134330768		0.0333461865036291	0.0041181271137509	0.0179136568747464	0.019442447807182		0.0064913495815859	0.0230069555912252	0.0073681004188646	0.0109818285684246	0.0171655330369564	0.035284443259965	0.03125	0.0050962922420195	0.023095857721641	0.0049191912529973	0.0169902903413828	0.0161698041710859	0.0031283383405812	0.0042456557430235	0.0100594591015952	0.0142539258246463	0.0155628814698951	0.0301964856316493	0.0072957879157925	0.0064114606376568	0.0168893168717386	0.0343298555455234	0.0116626282743556	0.0357953002934344	0.0060620181514382	0.0250589301985635	0.0082190122012288	0.005291045947859	0.0161787507810801	0.0245595322061394	0.0102857429543087		0.022482268380439	0.0109627299262907	0.0138387822573869	0.0123797717353596	0.041666666361961	0.0079606536322155	0.0466556554683592	0.0093884233405358	0.0067973252810621	0.0133006882552467	0.0101889638580472	0.0280802882120385		0.0096420311678719	0.007693720785043	0.018821955145603	0.0297134932999439	0.0076485545746396	0.0138923344083354	0.0165187939482806		0.0106398470632131	0.0083546041908617	0.0083311837803926	0.015939738186333	0.0173634323534831	0.0296897761591514	0.0153650540957746	0.0178528170857057	0.0032107503527016	0.0090912493855397	0.0037680302252406	0.0083272662112438	0.0229484598044707		0.0222344423664013	0.0107156184975709	0.022729403689273	0.0137282821650104	0.0168733117947996	0.0138928644660579	0.026945759385261		0.0070785268284779		0.0341829644673059		0.0223327461194078	0.0116993316445084	0.0080341765777711	0.0333333333333333	0.0260187618430686	0.0126983022230518
		Clostridiales	Clostridia	Firmicutes	Bacteria		0.0048519371738421	0.0056287924761183996	0.013304439142562099	0.0042440423652016996		0.0079075487789559	0.0071100117121788	0.012981133284806	0.008492236108222199		0.005768261921467699		0.0064918393900237	0.0107989570614619	0.0052306731878185	0.0096984051232318		0.0061561092524689	0.0090240633626348	0.0026334794933133			0.0011794277050029		0.004748673015637301	0.0055128775269773	0.0127756606574604	0.013176363652103201	0.0053602799343287	0.0039325097309264	0.0060099049903846	0.006009216989845899	0.0052819773608868	0.0070093831902115	0.0019524419807418	0.0063365213039777	0.0048765567382696	0.0040075981475097	0.0051035600263708	0.0028598568012773			0.009553530770930999	0.0051045754680692	0.015003349992013502	0.013691278858249101		0.0083329242011083	0.0057178636451066	0.0064853144528182	0.0087884919972852	0.0091432025144006	0.0071172810366020006	0.013001975892913		0.009212266777881	0.0058049026157429	0.007295524446156399	0.0053190999214725	0.0089485998896267		0.0063826146071798	0.0061111105845463	0.0053186326761066	0.0095272504303646	0.0073769967525604	0.0058054299482963	0.0149623230903209	0.008290625686023	0.0038569229837165002	0.009492468952634399	0.0134775482643566	0.00530967652381	0.0029330575168067	0.0025851218490225997	0.0054255979432928		0.013035008782225901	0.0118164581085244	0.0036457379366697	0.0101618702947592	0.0078057116465306	0.0342446623051286	0.00224422858066	0.0110032362459546	0.0024486835727533		0.0098504149886928		0.0154250672211667	0.025164343872975697	0.0153774753288476		0.0073277540603312995	0.0094033932087803
	Hungateiclostridiaceae	Clostridiales	Clostridia	Firmicutes	Bacteria				0.0007166793655497	0.000241527351821		0.0006599479412263		0.0005264706534762	0.0010800261903345					0.0003306976394467	0.0002701959376026			0.0003069822199997								0.0008071314187011	0.0005086751783075	0.0008585885302467				0.0004683444931119		0.0005618892593522		0.0007594052723947		0.0001905974935457		0.0002937737872476			0.0005221606747807	0.0002510549137915	0.0009656330852305			0.001726508925368		0.0002032272058922	0.0006712825736108	0.0003349350903537	0.0006547348408884	0.0010183121102514				0.0004538342975705		0.000292456876011		0.0005641837002306			0.0005142196446438	0.000433047810696	0.0009297888341186	0.0004608426909322	0.0014001623840082		0.0005594287778363	0.0003558076748981						0.0007879783237488	0.0009945670830284	0.0012707190484441	0.0010780346297614	0.000627676998901	0.0009103077360409					0.0006752877888472			0.0009520584070193	0.0016558345585486		0.0007206950946885	0.0007463453070218
	Peptococcaceae	Clostridiales	Clostridia	Firmicutes	Bacteria					0.000390843290476				0.000146349413381																		0.0005525334499497						0.0005009844840458											0.000557439035102								0.0005204685011315														0.0003449358214225		0.0005785747929947				0.000466718926767						0.0238095238095238	0.0002951131438579	0.0004779546753035									0.0004227988778954			0.0003709886847393				
	Sterolibacteriaceae	Nitrosomonadales	Betaproteobacteria	Proteobacteria	Bacteria						0.0136876006441223					0.0388349514553543																																0.015025041736227																					0.034444442438153																					0.0014970059880239	0.0097087378640776		0.0459818508875039								
		Burkholderiales	Betaproteobacteria	Proteobacteria	Bacteria											0.0097087378640776																																																																			0.0238095238095238																		
				Planctomycetes	Bacteria																		0.015625															0.0005558618929141		0.0007459459412441		0.000312264708447							0.0014675065601731001					0.0008318248220255			0.0008213063712782999								0.002127659574468										0.0006862465193519															0.0029940119760478											
	Erysipelotrichaceae	Erysipelotrichales	Erysipelotrichia	Firmicutes	Bacteria																			0.0004632212927939											0.0003701142202497															0.0003482851160082						0.0002797982543372							0.0001463765554423									0.0005595661853312																													
			Betaproteobacteria	Proteobacteria	Bacteria																																																																0.004405744700717																																
