genus	family	order	class	phylum	superkingdom	barcode64	barcode57	barcode56	barcode20	barcode86	barcode80	barcode70	barcode91	barcode02	barcode35	barcode96	barcode75	barcode45	barcode87	barcode32	barcode23	barcode38	barcode53	barcode58	barcode69	barcode76	barcode16	barcode49	barcode31	barcode44	barcode21	barcode66	barcode07	barcode14	barcode89	barcode27	barcode39	barcode81	barcode10	barcode24	barcode74	barcode59	barcode73	barcode88	barcode26	barcode12	barcode04	barcode01	barcode82	barcode25	barcode60	barcode13	barcode52	barcode84	barcode43	barcode09	barcode93	barcode77	barcode78	barcode30	barcode29	barcode71	barcode72	barcode63	barcode47	barcode15	barcode79	barcode55	barcode33	barcode11	barcode54	barcode92	barcode36	barcode61	barcode65	barcode08	barcode03	barcode94	barcode41	barcode90	barcode42	barcode40	barcode48	barcode83	barcode05	barcode19	barcode34	barcode22	barcode06	barcode50	barcode17	barcode28	barcode95	barcode18	barcode85	barcode46	barcode67	barcode37	barcode51	barcode62	barcode68
Abyssivirga	Lachnospiraceae	Clostridiales	Clostridia	Firmicutes	Bacteria							16.077777582164245								19.635757963417507												19.32483162720781	13.225100044287256					19.39809427696476				24.06269200926891							17.52585358528079					17.772744434808683			20.91023141954401	10.962699096827617	13.170659230204702					16.62191412862464		15.391715113681382						19.55441392181168		16.742069426835197											27.01391163185372				23.94096186134099								16.884900179719715				
Acetanaerobacterium	Ruminococcaceae	Clostridiales	Clostridia	Firmicutes	Bacteria				16.099315239020083			17.935377884063797		18.57046456574536						14.10136737303035					12.999529760006322							14.488477101500845	19.2466208908948	28.78722865252092				34.620207456820474		13.124823930235191		17.979093700870532							34.18401694752439	11.223006713128028							28.367334725950005	13.143844283714824	12.54648860201353										10.281770852218154				17.202638084182855	22.57052061050488	16.81585302890987									30.209367928868154	29.082452704094774				19.412859408596464					46.23360848415316			17.809452295591043				18.658799796098872
Acetivibrio	Ruminococcaceae	Clostridiales	Clostridia	Firmicutes	Bacteria		18.6017137782809					16.053552277246393	11.152172093597263	33.83533804548715					33.357238568855664	18.763628697635045												11.938057030725949			14.861877631592966			25.555814831231874	27.62668789164793		19.08175711863929	16.82814339223711		19.1125838552573	14.99895134230793	16.465440696565018			27.31156340503526	20.127372708184005	17.427512410356876					25.672842861090487	99.98390788852544		15.823288659522628			17.546960772717025	18.57367523379996	13.77670991179376	1.0106382978723405	14.325884923420013						13.52369904513019	14.702326249866356	13.61330680187349		12.19721738458136		15.493494767306924						22.79468956711654	16.75171301356467				16.96538204520802					15.68139919844189						14.683056929873286	11.139416165696703
Acetoanaerobium	Peptostreptococcaceae	Clostridiales	Clostridia	Firmicutes	Bacteria																																																												1.0106382978723405																																				
Acidaminococcus	Acidaminococcaceae	Acidaminococcales	Negativicutes	Firmicutes	Bacteria															29.62663796729028																18.05919451048503					17.10718768400831					25.02767190004347								13.940584948186904					19.10206728388453					29.33051689496068										12.041562599466657																											
Acinetobacter	Moraxellaceae	Pseudomonadales	Gammaproteobacteria	Proteobacteria	Bacteria			953.5412296117303													130.48963285892538																					107.68432490702499																																36.1759463884309																				32.20232924626206							
Acutalibacter	Ruminococcaceae	Clostridiales	Clostridia	Firmicutes	Bacteria			35.892640872659946	53.55004673533937	12.49860666516816		80.12076602786539	25.68298592171202	35.05891033265266	18.456644654004847		18.202133504716183		13.882753948624416	68.31166725542906	44.9833428310945	32.0882878537654		23.284911607341265	30.502087903434507						14.770011470725716	70.39027380574674	47.927317264172544	106.752530460528			22.783266587596003	33.554592946969926		27.938211220538264		48.05997773826088		21.06396826218837	19.185143645049884	45.25480486700472			24.06142387783582	15.083123333464226	49.13962077801844	30.12197225941137		67.4210439088762	19.11963110829464		18.707360819866317	39.52645710383735	32.37448766205876	50.97026530399368				34.16010845948548		49.068501734244144		23.053863749354267		15.176377727934502	39.36556547314059	29.4514321377192	35.79003044733364	51.70706430696134	34.84391959749551		18.83087239037528			26.051753400907632				48.60507084858468	50.78026045609905			10.968360284188158	35.53792213388868			15.095803224303054		26.54859613852101			27.968987270875637	10.728289332188936		15.836876525227758	37.80311199280096
Adlercreutzia	Eggerthellaceae	Eggerthellales	Coriobacteriia	Actinobacteria	Bacteria														16.084197131443485	13.755440150444873													12.080743305225562	15.12433685604272				16.035442790147076								12.122201202652606			24.15566575217297							19.06062664224345	17.205845346494577	26.060970278770107	15.224875099052378					16.064964827660123		20.946961239730435						14.206332661291029		17.080264949364704				32.02389122311168						15.05040822249986	12.256214723237193									14.705411365703414			20.003597696388773				
Aerococcus	Aerococcaceae	Lactobacillales	Bacilli	Firmicutes	Bacteria																																					25.135866681307537																11.582824880835837																																											
Agathobacter	Lachnospiraceae	Clostridiales	Clostridia	Firmicutes	Bacteria																																				11.710953882695875																																																												
Agathobaculum	Ruminococcaceae	Clostridiales	Clostridia	Firmicutes	Bacteria		16.72834720069593			11.540727968429564				28.401581781620525							11.884445781541574											12.672247757171656						16.13160691325133											18.990955388265107	11.76108463569157	15.38053551477593					27.52208120601692							13.93686399083555								13.230516988316127													21.5527843477254	14.023918570602024				17.935799940510545					13.656457114040956							
Akkermansia	Akkermansiaceae	Verrucomicrobiales	Verrucomicrobiae	Verrucomicrobia	Bacteria		430.40153333560045	156.19441139245495	12.76156494453742	61.20708002154364		128.5757691961608	22.106305553898466	483.3049239294203	81.88765278515262		65.24940330580334		54.28663613655919	166.6967762714822	13.150130781922185	15.291413824514809	1.0625	55.247409059700246	20.19507186867176	30.132490262861985	24.91666696287973		28.18442600866613			31.12845179797745	39.15448851994199	690.8768177426472	68.33901363748403	59.16714202811549	13.274324810947066	83.27444506162146	24.107661770543867	35.31582110606932		141.7668570730428	43.319817322802	59.4580713620237	150.40794447286393	1114.2861663889012	4.0			129.02628623073642	68.41909606730582	30.51572498273894		166.82810247215204	92.98303329168814	227.4837277946762	37.13760531858873	982.434160488549	474.9552606137326	2241.575539233116		13.107687363873318	13.037069658369024	273.30876141344237	12.127659574468085	278.53933564507844		54.4937499999907	6.006666666666667	113.91784853621793	476.4833013434804	249.1082371892195	191.11044011420563	409.02405831276974	738.004328076634	89.73011802246349	30.12903095531369	357.8804609302383	91.70292014304218	44.19382900628665				705.4171891042654	14.092449609882964	53.576365136747754	147.05989460716762	56.66942011402911	59.1374018336277		12.231715210355988			89.56273146889453		1.005586592178771	117.32972707275066	21.350280882056182		142.05383580169882	528.9136138234891
Alistipes	Rikenellaceae	Bacteroidales	Bacteroidia	Bacteroidetes	Bacteria				19.811842482336548	41.11352425578444		38.83699101984914		43.34705777053177						18.672580562698748	17.81795358483938											58.84376965490558	27.554433736959272	87.74296799520032				127.66723221091829		24.516124461315517		40.82058309320531				14.92768595055502			63.97726748796978					45.37085482196019		25.56630073985468		25.38283639900081	20.791781790778355					46.688757994967546		14.526375857920453		12.44093731560678			28.117705461440217		44.63209112869086	28.782468394948847	103.85197208417662		35.15433230777858							79.58330351620648	32.28240878030811	30.3544376299536			40.3846328663663					93.39567944871588			49.74349256682369			20.415665994624497	24.78443025095904
Alkaliphilus	Clostridiaceae	Clostridiales	Clostridia	Firmicutes	Bacteria				16.575712135988642			17.05886807768995		20.503452422993664																			13.031023020717123	20.45522624434451				10.756773897459205				15.029305353580758							32.69456276676487								14.367471590754688	25.88539926244961	17.252353375226576							14.076664177200565					12.710920054144186			13.702102144757555										19.710913340237852	15.745718447111456				24.721402980929295					16.136532912788915			17.926370798309197				
Alkalitalea	Marinilabiliaceae	Marinilabiliales	Bacteroidia	Bacteroidetes	Bacteria									18.48269489229752						16.175305806994285	16.48532282346259				19.769907559583263									30.714473242256886				42.38945323404655				19.027511070785884				14.109411718532243	1.0		17.006527380218724		17.874938984587093							15.320269120464816	14.204229502909069							18.374420835368696								16.98813401894147															22.791368251986214					17.7184178547947			14.648959403936631				
Allisonella	Veillonellaceae	Veillonellales	Negativicutes	Firmicutes	Bacteria																															29.095368933559214																																																																	
Alloprevotella	Prevotellaceae	Bacteroidales	Bacteroidia	Bacteroidetes	Bacteria		45.289091697756206	10.75629921645166				43.66228584233358		22.089859909491484							28.519260524347537	20.0711643981848												32.87008538984213				60.04446183249296		28.44325282065282		38.65761199110663								22.705082086944827	12.074011572326713			69.4730523634584	19.642674336606262					11.543905754004795								11.15612729771201						29.63955436643038	60.05092780356125	13.719587132681898								68.8630972468202																	
Alterileibacterium	Clostridiales Family XIII. Incertae Sedis	Clostridiales	Clostridia	Firmicutes	Bacteria									16.134472507760282																			12.673201924575825	12.915169049811938				11.710822390585964																11.225487974457526			26.74127155578952	14.540018670454652	14.713037823387424												13.368805016224613			15.377480875486048											16.846463627337855				21.379068854919275					15.103525516086355			12.281728050333228				
Aminicella	Eubacteriaceae	Clostridiales	Clostridia	Firmicutes	Bacteria															12.098209286298074																18.67850226573056					52.43521444236536					17.562946285278116								10.027229129168967		15.268093548041575		17.957420408110668	51.06408743140341					29.69601468105408								15.346700834703348						16.417973404619982																							
Aminipila	Clostridiales Family XIII. Incertae Sedis	Clostridiales	Clostridia	Firmicutes	Bacteria		71.63860554397661	71.8381001913036	153.48905833222838	74.10811962926593		130.41928168636383	108.19672816231372	249.8169355154851			103.41999968717056		153.7629860678656	168.69192005850743	108.65984058449922	65.76273347750869		93.02690175665244	115.73666075766404	14.911753429104053					22.779907996043853	158.61267767502198	118.6635869810462	217.2009230449341	45.907283164928245	120.42503189661173	57.75725852398259	185.40892385259647	99.45847015340236	138.64177739379073	33.662030490582765	254.7051088319478	34.42145119510994	74.264667814816	97.09782151332931	155.96181480363379	1.7508949107109455		200.07191739559426	77.15957762178459	180.27051137621916	36.150184162144825		66.7501517927438	115.28737050969183	307.5853848921091	263.4076523525266	213.30923635469847	227.3355483207234	196.09654987500974		25.48193889569512	70.97428981076435	140.31790425891407		154.62265788396257		72.44469903835244	1.736905754157973	49.00853373236605	126.5121273133697	210.45101519083	96.3369246518741	236.0450101948059	69.37722591590945	85.35773625666536	138.21053799931093	167.69800067445817	17.972432187091997	54.33542253878192	26.279824637634796	26.44191225311488		294.3735670301213	193.97803783267412	52.951978663722656	56.56651458274526	13.93812322875229	385.62045185766794	4.007401745877187		77.90981620882941		248.74967907856805			336.73960951517586	65.71983477923952	1.1166666666763414	80.69059565849619	76.71686369073832
Anabaena	Nostocaceae	Nostocales		Cyanobacteria	Bacteria											1.8896232408065416																																																																																					
Anaerobutyricum	Lachnospiraceae	Clostridiales	Clostridia	Firmicutes	Bacteria		463.2059964967861	203.95900084579097	1304.1882922917323	357.1024435540344		479.0037927229971	488.49415737963216	722.1815958581881	92.76956014740269		517.3518819377017	28.77493436202932	409.0003943958175	954.051625461968	422.34331655257967	272.3841674757058		819.2325820161743	503.987514444789	332.61536303895946	70.21362601075577	21.611419909205768	131.23046575792446	22.422850437224472	228.09605429510623	1217.3204584936875	1326.0617015427808	849.9855325278594	472.9120770884803	583.494498004958	181.2286427285564	468.2206185084804	540.4518154021341	218.853808805338	161.6527250840131	516.8744344822736	156.57078155236897	416.5753804567575	341.3740228456987	453.0314180606613	13.849466393906589		1008.2350785060268	543.6868885048966	959.5911207130888	266.290568164544	2.1000000000855983	597.518245173219	121.13862077469936	1272.436688464348	1141.8442186465918	1323.8138431999928	1353.5583381088447	319.34970853558843		259.76230128866507	824.2022598307277	761.3496426572651	2.0212758214278197	1482.807890840785	70.67725130239772	251.5589008465186	7.007777777777777	286.2526536771412	485.0971552976702	1856.3368510435453	683.8095697684496	632.3283044914244	414.3869459331247	191.51870770414345	1339.969973859835	1750.1666395826933	90.70568311782344	336.4196101747753	114.01503275988009	117.19666165226188		736.2669451476374	1068.618191599366	318.8666370095045	259.5419283073384	47.24558687507402	1928.9757384348875	12.29992569030431		207.12687146799456		488.59908697925033		7.039106098162733	2177.887112446034	177.82797581526083		362.8171922156565	169.4305207563757
Anaerocella	Rikenellaceae	Bacteroidales	Bacteroidia	Bacteroidetes	Bacteria		305.82586074944874	1455.279375050658	202.94564089680807	829.8887424121132		730.2100474188385	190.6942155341156	434.0113012879103	415.2812911812321		224.8503667840581		594.2025500290869	1527.992055322755	996.6687965395738	280.2911010999869		39.175367429052926	411.1644470984013			100.0949489271952			182.27635591829747	3289.7349861881216	201.47629551676067	3943.993360719227	31.145361699986303	36.231156771152605	216.1488335207256	1841.1542289917256	65.08836547109595	190.45948119509416	54.27988709510289	45.40439232727201	217.8796569873877	375.6745588024627	50.33697735746069	103.20966053736664	37.000045216415614	64.72954924874792	185.3162860789361	95.30051893945549	708.5275956368492	311.8280438198578	6.300000000000001	4746.857024793173	555.0904625654445	277.77449529886	35.0687288445385	625.4065854580075	744.702370997267	69.58498063810777		58.47985190896908	331.71995560933595	589.2870034670871	5.053191489361702	68.44733900731929	202.9446787397668	284.78256680025487			2605.8330882292307	24.89779298983571	2956.758618756908	593.7904418113098	2557.8404167825997	323.7119131713191	2870.185425551324	37.19369541198836	291.8387400423326	49.206421561039626	39.38708465755846	71.83543665919426		800.7447092856722	1183.2505620897837	632.1280165120511	637.8483356193201	1667.0934850588872	3503.578300091508	16.07185628742515	24.463430420711976			509.4519447862396			883.0953728372493	74.47945879234034		554.1446586227743	3773.2855147785376
Anaerococcus	Peptoniphilaceae	Tissierellales	Tissierellia	Firmicutes	Bacteria																																											23.436560934891485																																																					
Anaerocolumna	Lachnospiraceae	Clostridiales	Clostridia	Firmicutes	Bacteria		143.50385623425672	51.549823588419166	37.66163847307381	21.25531398475753		106.74553705850848	44.21172408257996	70.8536523445981	40.3574618514541		56.99609600687165	21.39317600280426	66.3238035982445	151.1743642431573	41.39814954568263	34.71775647545812		56.77458067983496	75.74764925583075	28.241493482402436			19.009424898046472		19.792549118234778	77.93176387940831	72.6679035980799	166.81433870322022	82.24859507977851	74.10084294973241	23.990847427035437	491.5875654543092	84.38890822607048	42.61657033144121	37.69676837015879	118.85794968657788	66.02419067262083	104.51516391490014	94.60672611827236	74.03707655374191	2.4538058240170355		124.68499468219446	135.10492420885927	64.49203748783803	45.84431801891453		130.95892009037823	43.91772538862679	69.23156217169367	236.5994009026887	129.60875748159646	161.59510315955634	45.687349349580444		52.97567550418739	109.27083953975898	98.33136838714599	1.0819768212945828	105.92057027932668		48.35615645759928		15.61130633775013	14.80202918473582	74.72569570315098	51.76394465711663	154.71973626667193	44.161756419460914	59.18770138080566	88.16201515415898	55.68510086445864	22.8776534576931	46.69037122644845	37.86304597494143	16.593463800716897		207.71868795369056	142.13072566961478	22.35526363933131	30.42986284651784		104.09801204807069			27.262301940785797		48.74982950102306		5.027932960893855	105.88930942774026	16.479699175418475		82.55624677423543	485.1438019121245
Anaerofustis	Eubacteriaceae	Clostridiales	Clostridia	Firmicutes	Bacteria									15.052445349443618																																																																																							
Anaeromassilibacillus	Ruminococcaceae	Clostridiales	Clostridia	Firmicutes	Bacteria		166.33374777627358	106.56986075392008	510.3657556145387	287.4307176276648		307.5025399197006	171.77556178053368	398.3802058239802	68.95531468649921		193.4726385489556	18.774918764480272	101.529963691528	211.74952383023924	217.8318933856862	137.25785317707206		226.05921430089504	155.68964127254526	294.5198437305082	28.99122060804988		151.75516177584768		92.9119172446424	424.5081588254388	422.4162705331221	361.828862547589	76.80919516559756	166.3720922234027	69.24597196513302	362.7911865526557	117.25283948291258	232.59214122256844	432.9901399130436	280.99269794466863	51.99328582673144	99.4619270792342	517.1169568451198	1192.9506299917011	6.396252116884122		468.6980159447539	161.12246573714924	290.0400373321814	74.71177394839313		193.07470274053125	104.74631864446066	702.5621154937863	284.95748955157933	359.8098546013512	353.1218075982577	541.4582519206995		55.77804605938959	172.4318085554781	269.4927117484324	5.05318195017362	252.03909095431777	20.66914620345524	146.68071991520992		376.6761681038197	499.130516230721	364.5519571556335	293.2064946600819	327.3490579551766	207.8826549680963	260.46434362057687	227.549089120124	126.50851783137948	45.42619675795618	335.5161806444636	43.54549993773318	61.97396741257894	1.0476190476190474	397.6720561091771	335.54681494868	79.34512036752706	49.8815684871573	93.54530877735708	783.6876446502235	3.3965023476855487		58.36544377761855		410.16325100205125		3.110555708843177	591.4575094354301	89.45380634939737		204.3719377388139	185.20643252028717
Anaerostipes	Lachnospiraceae	Clostridiales	Clostridia	Firmicutes	Bacteria		453.3848096538603	98.90405056318507	122.28899089296078	44.338633586351705		175.81168697375927	134.27307518322002	260.7496582294716	32.308503262922784		217.95310762646108		203.12138601099775	190.1064149266351	133.8356029084765	68.92045537011626		166.7827339643377	78.37527698484428	67.4216036659536			16.87554070762613		22.865499039087567	196.5882683722583	184.48273265093673	186.0449466289935	227.0724437550046	43.610266767810586	54.024772810419016	472.79550463496776	353.94119590488276	63.96408343910758	76.15257393846024	313.8342371887984	79.07912578356039	230.19064062271968	91.72207155775837	198.19012148902146	3.0609032394468665		273.2214713062792	235.47711472105706	183.01101576069135	48.441022286252725	2.14207892648109	264.4308187856201	52.073705425800526	158.40048277641833	202.17936799734326	207.9908693240049	222.60854901013693	138.22618761040204		194.90454478621467	329.05463220561336	156.96967060746792	1.0106382978723405	221.56339097448938		83.73503433428056		38.0046611918053	92.81518189680324	321.78828043511015	125.1319207799088	145.9939294605938	80.67021712271324	70.08598085443846	192.45322534797384	212.92271860957968	41.923998677114426	64.64178803425592	74.97600274790453	41.56769108435894		212.9092992893831	259.2383201472172	55.34854989749492	33.71837124102052	41.9955012621665	256.50230711586306			61.38512186641813		144.75522543727166			270.77875833721095	20.44855161881854		121.81252334330381	211.33305905751936
Anaerotaenia	Lachnospiraceae	Clostridiales	Clostridia	Firmicutes	Bacteria		117.33556559402132	33.79402467628051	57.97384455469186	27.189845378714622		64.70868551005138	46.247782517384685	59.08462709400024	32.62501292550282		36.85724997130468		37.08367552883428	79.54581509041343	41.19020818553259	27.74461796143948		30.715118626707525	42.14879959936362	28.570070007279494						51.11643407334675	51.043039151724585	65.74181830676982	49.572004589828936	22.840463815089937	18.672251283860035	212.40411499533343	87.0970425758215	33.093389113862784	56.15234196764288	121.35723276998462	28.820036419085795	83.804209152714	73.0787117655346	106.90678765439304			52.49183541496439	83.68672811968702	87.48494742234783	20.13001827086452		72.81930146317374	32.12719253565692	150.3900819553737	336.2947100083811	50.64711202270354	54.366086233225744	57.7540775539802		33.64949878559865	90.199478571677	57.90840530171206		70.0750338935524		72.438683897885		17.01127264474258	37.466694777510725	49.64485524485283	23.218406701048654	82.35283216844776	38.63624719137811	29.253227530027004	69.2882856245195	74.79706573317576	13.771446836595164	27.16949760475817	31.255866275682614	13.232628653094537		98.99405446370412	49.88131081535329		23.38154348836081	23.39700928822574	122.29061299409976			20.898820563341868		62.12288984076561			139.08713903558166	21.03265067567035		58.24465418197612	99.04521320919903
Anaerotignum	Lachnospiraceae	Clostridiales	Clostridia	Firmicutes	Bacteria		46.279479842570325	63.53491803401474	18.8446859879561			26.03154464798088	63.153816867125045	18.071761597830523			86.64568933972579		28.55649623076041	154.21115723547103	48.16612616366537			55.438065695498054	21.203257639723137	12.140525179139876						45.795605897269056	53.12195291438753	197.8098337647968	28.16687142154202	34.70511555675336		51.798133436237805	132.0877150180559	17.966627941298782	17.088032031533974	389.3637824486814	21.033685079345695	51.13980850906356	54.01763259080456	62.22333351624584			38.06356936173033	53.52392593714825	152.76526683860607	19.32662579804189			18.373496275906174	23.00015312627816	20.077244349754025	39.318519999852455	61.0381008459149	119.49587016086029			39.12645512532387	38.2715455406595	2.021276595744681	65.44255390313961	16.15480029769288	35.22287520198741				48.33407782808204	22.55088926941877	133.49902884538406			44.01153396623161	27.43372187026216			32.337126634147424			16.05349377600828	43.75968985129708				96.15195066570948			55.40177354482943		34.63276774056764			67.99213845016966			20.18608145831607	
Anaerotruncus	Ruminococcaceae	Clostridiales	Clostridia	Firmicutes	Bacteria		36.706822958041926	12.13900787806446	87.08645110778974	40.40908588836124		26.546552684876072	21.304080331603917	137.55177846331583	13.33221198061842		27.338333084009147		13.4835024785618	44.11351214932427	36.72703295058289	13.141512426911722		80.88922108236402	35.4795919833406						18.502627281233902	165.2891749277618	111.52115711257714	53.8007663717223	16.77178078284015			149.1116195007358	17.314412145980743	26.72047163517125		46.31695660689695		13.423638794108715	12.45107296354706	15.432308601304516	1.3853976823837664		121.30679493845004	31.00019906970173	37.59640055440198	12.216323987711997		89.72280808197968		28.630681790187083	45.81748504219004	41.09279129230084	40.30981090449718	29.966349677092232		11.670212141466452	22.162499160308982	23.425681152671675		58.347014784796215		11.904329839615665			166.6071328606471	58.7831087238208	97.86936333604832	68.77431683091619	65.67346903720343		48.95709575572938					18.618642331178417		157.6535420480801	114.95569556782044	15.124524126012282	31.368812620066	40.18472396582698	96.22777281777776					189.40039459144464			112.32081166677447	20.329710449076696		24.626060770757917	117.79675409873283
Anaerovibrio	Selenomonadaceae	Selenomonadales	Negativicutes	Firmicutes	Bacteria		142.21884418301744	56.93165378617966				32.19368292559614	17.98748121378354	12.04189510790708			26.652606340932515		27.14329727567831	57.03477932069416	30.346456397712057	14.271470024058011		23.02372253435346	38.37063658773558	41.142737582855695			12.078868499921132			18.074584914962365		94.78076608712836	51.257121358873135	201.3468204008093	12.253222902412675	66.6396111534889	87.01073000387117	16.150724637687137	45.338933823265286	121.69978890335848	35.29246494729452	133.0953103955252	53.69308340843886	72.2796083699244			27.15555036790838	69.09056430983986	25.122814235632895			13.03539948488337		32.10135231237996	50.18595582997103	46.08923154989001	77.35188652364302	30.29168611743399		12.099570672583146	24.72249423688463	45.195002067760846		43.11635236523897		23.210300925925928		16.10405344449756	25.07640524978118	34.93897642687133		31.152664049937428			25.44274322744484	27.11715048426958	15.771794416289934	20.60647748923875	25.248140426011307	15.444838056654625		15.050363626712729	130.27357221481026		16.227298686464877		95.56590809697974			28.23146544308099		50.435278086493305			55.1541820755786	10.187832620265052		19.142006242661864	36.136400541272
Anaerovorax	Clostridiales Family XIII. Incertae Sedis	Clostridiales	Clostridia	Firmicutes	Bacteria		11.082036046861193		24.677241625237777	13.942250371415843		27.892758582737336		23.888696717964752			21.463965569923023		16.428850003626177	21.01282012065532	20.57693756684091	16.530537335725658	1.0625	15.367413413869931	17.19426197759067							37.46247153904773	25.47502935550601	46.25286626644797				41.5556493490641	12.801811435405869	30.17053978100803		44.1028731474718			19.45944327012485	21.7955591195838			33.69717834630549	14.39151192558308	19.909819483329848			12.33783503440321		28.60518560815892	15.131969733549056	35.25058014925265	29.626665728068737	37.274451054403656			11.40351162866128	19.088747787738413		31.764036548903263		13.472998700098817			19.45884613753149	28.46866728049018	10.532312182381382	30.182636799051185			26.578564561223818	20.17295104329701						27.88744331797258	37.68828120987585		10.476576093370236		37.16808002088755			14.006089207550431		33.66034838037208			27.284003656551292				14.87159167672327
Ancylothrix		Oscillatoriales		Cyanobacteria	Bacteria											1.1107524866544074																																																					2.002222222222221																																
Aquipuribacter	Intrasporangiaceae	Micrococcales	Actinobacteria	Actinobacteria	Bacteria																																																																1.001111111111111																																
Asaccharospora	Peptostreptococcaceae	Clostridiales	Clostridia	Firmicutes	Bacteria		62.31255488454799	25.770387974279085	17.233573815577806	72.77674885641056		32.347210761853496	28.28730395544084	201.5882133675825	29.172224256845197		33.00772257110776		51.58909053786762	43.1114469791322	90.73745426992568			14.730269875630464	20.531055666001315	42.70819309385885			16.747122413213333			15.10806756218987	50.61350309175294	35.34503925671099	27.040918181733044	21.580959520971348	12.225150631142531	105.56883486236607	76.1606677656107	75.74867683974004	41.29379038380044	42.06055278509794	23.57533090088623	47.63600912278298	38.83866902071416	67.94299173285764			109.83039955238664	78.27964515268323	15.0655297291557			99.77698122027992	16.607470279952402	22.85680958235668		172.17701155318045	180.34160130128757	22.668050321813			28.06452032588922	141.8493373385513		42.62529114090558		34.54936456276526		53.58223313164909	135.12592789865693	70.75261179615501		50.8637946529609	91.05966523032848	43.328934547134985	70.79426311599808	21.198304758310737	11.127359310125396	38.46922764856892	19.5156493791283	12.815538155277263		135.52165021651751	34.169769573544265	38.27782041179173		40.61178902184936	44.35433896692174	1.2263227673223522				69.14375743020332			82.63103140220653			81.01490567569476	117.04183401208697
Azonexus	Azonexaceae	Rhodocyclales	Betaproteobacteria	Proteobacteria	Bacteria											2.004028358976714																																																																																					
Bacillus	Bacillaceae	Bacillales	Bacilli	Firmicutes	Bacteria																																																																																						16.679611650485434										
Bacteroides	Bacteroidaceae	Bacteroidales	Bacteroidia	Bacteroidetes	Bacteria		98.69719588953156	112.43302964099234	17.074650539171525			140.23340406508348	18.69589125550628	41.38322278227088			41.50052437605801		61.962626366122436	201.02231516034806	124.83229907246732	58.328762724414744		23.759038602339697	66.20271099030154							28.119166050472405	75.89679937104135	485.61565942021065	57.56660484210403	46.82506807934186	18.37983435360041	131.98271749844267	105.21435792442901	71.82212061574741		326.941829723181			105.66554581907839	99.00033256881832	1.0		82.55321903751839	163.94726015485395	130.5569823337318	23.203395461358284		75.53961860596709	42.61414351511471			144.5546158279363	105.65024369444751	191.06649015290333		14.068857027241128	99.6161086512164	76.4728966536506	1.0106382978723405	73.30089460731391		61.31557305161756		31.10051964895718		75.09187855649652	67.94514590198649	102.15665293820973	159.12312761030086		77.26194037249189						1.0476190476190474	29.176469298544603	202.48097438241737			21.10391043609449	128.1769196824487					131.96317005340526			40.693226422781834			79.26177639667756	33.845424438463986
Bariatricus	Lachnospiraceae	Clostridiales	Clostridia	Firmicutes	Bacteria		241.20508425024065	117.41129702300172	226.34195927944648	63.620892356045445		104.8153681557162	191.19750345738856	153.8674147820554			233.40276616269605	48.91939209764361	169.9574814047619	268.18290215116525	188.64235160495844	113.53664972923087		257.29542294069654	172.11511298515163	84.17989855980376			34.55215416848758		73.88715248660071	202.19909281378267	357.4467008864174	287.10239826337914	200.5319569001583	92.06949219429076	49.734157938067845	156.60282848210784	159.3504751974637	66.40322663474554	43.84293597470453	214.07274688099807	101.3998434897988	129.71101525808982	79.88585618268904	133.1533646131076	1.0907816188681274		264.8103621652811	237.52711424442896	330.5314854087964	69.6303929643455		155.7012801743964	61.24653255455587	348.4609858314024	598.8649107750142	301.1800526745929	283.6491109113276	180.1185194398947		159.17858228277498	311.15493054549194	117.59549287987323		254.35461145427732		65.96598064619042		57.65545038397546	79.72372846592448	350.50163708086	251.65885535012933	203.23123229393804	84.84552390415135	48.41722737354944	194.59396191091045	483.1396624126976	54.55660916663928	59.40789359517029	60.21843450385456	41.47434811156516		144.2574495939618	171.94932564679937	29.986181840914824	85.49948725232527		319.6264035967652	1.1003384709422694		64.05889424408015		145.48806493740938		1.0814966303668363	355.3500945353475	22.048369260247025		73.46397797356344	32.94238538763893
Barnesiella	Barnesiellaceae	Bacteroidales	Bacteroidia	Bacteroidetes	Bacteria		47.72010269519565	46.73874675552717	89.61316206789601	48.63497242405754		126.78000778657731	34.381040129017606	122.1995959654847	41.241659928375405		24.5827005715971		47.182965273375125	87.48908486306297	86.80958136136192	64.66113309015239	1.0625	48.61264741681053	60.10085187518722	24.123860441366094					20.95123470148648	114.80364701958064	162.40712231495624	220.75573897251343	24.505416428793133	66.26854574314606		177.64484440861386	59.66379102115121	100.04242503832177	27.806931064481752	186.92377572384265	22.358800046258956	17.06916616270947	74.11683027457438	94.89719738199685	3.999974365863981		101.55602063529368	74.63075399525903	95.60953706731632	29.20850169319563		128.6230190199927	51.45184507216252	108.12487927539918	74.2027823853096	149.4726874586049	150.4356850439998	106.548609595706		42.13306030486947	57.533551585329526	113.87789230033844	2.0209595042214668	75.55331684113601		37.82478253543103		44.5467787736634	91.39057092403316	57.48944958136276	97.62771826543374	152.08493868521654	160.51146384221607	37.33247540393994	100.30155716745624	30.28318114521229		36.71825759583583	22.71517307356146	31.73701982120356		168.51107072458782	164.236889213122	54.36622701808604	32.11701611017817	29.552399750188933	324.7135606377575			35.01080361483679		145.8795517445538			215.8598066458065	64.2244321627882		69.3038789968336	83.70874066397201
Bauldia		Rhizobiales	Alphaproteobacteria	Proteobacteria	Bacteria																																																														20.19426712868476																																		
Bifidobacterium	Bifidobacteriaceae	Bifidobacteriales	Actinobacteria	Actinobacteria	Bacteria		20.066194598672585	21.151372726245626		159.53398939303298				79.27566238578848	14.128074245939692					103.55797262717448	35.41378162962546		1.0625	32.144165272226324								27.11187737243198	21.09362913701682	30.12532160345257							18.09155764080512	11.0597817185569		26.86626914326213					51.29384055449923		57.98460029823482			158.40490269727496		38.120357035661065		69.62323484660294	209.7297475121085			14.11597100724819	27.07699133477331	136.55516349467		41.11094063825039					97.29268135494364	38.17023781268851		53.25903223905873	65.10441716105238		21.090321668719582	48.2206052749152		44.18544234092425				32.199767476851086	27.17829567620286			26.27774304586605	167.3474111840511			19.34123628070511		44.27831582936289			56.15721433378443	27.507148074715644		54.40359958102214	15.056833587013154
Blastochloris	Hyphomicrobiaceae	Rhizobiales	Alphaproteobacteria	Proteobacteria	Bacteria																																																														12.115333466700998																																		
Blautia	Lachnospiraceae	Clostridiales	Clostridia	Firmicutes	Bacteria		3861.19243337854	943.216985543354	1196.1497485081675	705.8244539672538		640.0694410268935	1308.5613696864173	848.1035437005618	266.63279261554305		1437.5070482355281	166.65839396570306	1421.3507517930427	2753.1089494767944	1310.4703087373296	456.6479583526682		2312.791567561544	570.9941098923803	1666.9607371142968	95.56202391374485	24.729624938830156	753.3824211390465	70.37822977046073	562.1879378604438	867.4008491687731	1904.1825753624503	1718.3652471504063	2920.617277552968	1523.6964646976614	271.2050901233914	716.3273491329533	1880.0150132915392	442.76269001350613	2288.1868316594564	2078.1635228828354	885.8798971273279	1801.4710571951211	1233.453472486618	1671.5729820705026	33.44470847710093		1130.757922523269	2792.161638145532	2926.2475091926563	648.7017338222919	3.0805539537946975	628.4218660549848	422.36477244431484	5240.338508544608	3691.2428305050166	2411.394376974815	2789.9901438707425	893.958856185449		2610.503346133755	5002.388057680195	1322.337745061605	17.188971811667127	3233.786038401504	29.8348899748538	563.0847698876349	10.011111111111113	883.0801140787194	1728.5292040676532	3529.653660275865	1062.5111782045208	1835.9344309262542	743.6909162909932	579.0240765324764	1351.5032247008949	2223.073484273591	365.95259794294634	1927.2287533170756	500.24588493405736	215.81209377224877		907.3755309417413	915.5267280170223	532.5573194620591	242.5342357928667	317.0971442792619	2677.1209298361964	2.0276151886439817		593.0948360824276		1144.2551095524673		3.641959123907342	2401.0354117576185	249.723037764359		704.1012520517036	877.746066950009
Bradyrhizobium	Bradyrhizobiaceae	Rhizobiales	Alphaproteobacteria	Proteobacteria	Bacteria	231.79061371841158					125.33323488901912					160.31067961165047																																137.27128547579298																			278.67030513520217		82.09111111111109														1.0476190476190474								58.93462783171521		218.28723404255302								
Bremerella	Planctomycetaceae	Planctomycetales	Planctomycetia	Planctomycetes	Bacteria																																																1.05	12.620022171915428																													1.0476190476190474																		
Breznakibacter	Marinilabiliaceae	Marinilabiliales	Bacteroidia	Bacteroidetes	Bacteria																													17.702654222680085																																																																			
Butyricicoccus	Clostridiaceae	Clostridiales	Clostridia	Firmicutes	Bacteria		306.06512283175994	121.00260220335748	100.7213082250822	139.74112931944555		134.89473122171907	102.18886257855534	916.3097602203693	24.56226867217425		170.94306184103894		115.77737369812584	214.49710341125345	294.19497434566824	106.69198102943868	1.0625	137.39165780764966	120.33291944524844	47.59986000980848		25.969618406813456	11.66114025273162		30.957577112242348	299.57542499362165	98.39626834573752	251.5766888442608	172.44812388676985	35.497542996539764	70.16990548350424	352.1261919413617	239.214973377588	150.6681816390905	76.70880273707779	169.1820652110682	91.66478650431816	139.47555505929498	98.78542159403642	93.78894651038378	2.999994335365744		423.3179749674208	97.92209308041322	218.2255568978645	56.67529281492028		66.23894551962306	50.61580315569477	608.6433016100069	262.8289626801397	196.0981674140312	180.24535805423216	159.81774984732922		156.0845500453982	316.1163072506603	184.9777724697284		134.28517330013486		109.56491259936732		60.84681701446379	308.79382882967366	161.98216388121196	237.8941257603831	246.4054338238184	180.73010300583027	71.3240841263326	348.62031462211206	45.92880894906626	35.2447901299964	31.26117452335605	66.67736911320021	52.0334863853897		599.5378257182181	287.7965960876192	56.70088496595901	104.20140001504464	137.9546072297319	832.576142646016	1.004502009130059		34.937914310518		687.0650700043981		1.0064511406938352	363.7906460555269	51.70556209318256		78.69390327033678	173.58090238845384
Butyricimonas	Odoribacteraceae	Bacteroidales	Bacteroidia	Bacteroidetes	Bacteria																																																												1.0106382978723405																																				
Butyrivibrio	Lachnospiraceae	Clostridiales	Clostridia	Firmicutes	Bacteria		239.74186027165305	81.43495692978864	59.14903577030795	23.419325144032904		168.35439037016306	75.83877115724724	85.08253509285201	17.641504461642715		117.93705825104271		82.67161076359265	244.2315236876081	176.04171892181935	67.44102769239763		134.91191321662785	119.69508967350345	75.7419550136796	12.962636928445116		26.464782740469985		18.452906495530264	178.8082683221498	198.3346786061512	294.5901784686348	200.3825489647994	111.1530787718341	58.48701521803968	257.0279919098527	250.80329096983056	95.51942091500976	192.1109819988253	329.50378936478296	48.498200387543584	146.9438123888373	349.3953538474862	227.41743038113563	3.983849006137922		133.2472477514122	243.42458975918825	175.72391851179532	38.618156864378655		79.37974426623768	111.25972840622742	163.3106172119743	167.9880509445037	297.4031012038885	258.90718288803794	504.6945733913197		117.05120435402516	241.74755839577293	220.70206268503048	2.0000543063094103	255.0773591175061		74.16179051586751		40.29602807408363	53.41360446913741	192.335408723608	251.85908675917932	212.25764280253128	34.29354881258559	128.33341809627004	103.36916570359676	80.92445561444023	27.89950546344387	90.80796988974264	78.17132751657913	30.84072711789497		125.27434534666288	183.83324326424145	18.21859032948863	30.25689037489368		146.8733422909634			29.58210300986928		126.76376131702445			247.0149258032598	16.404465696898466		133.0166642508741	133.02437023525815
Caldicoprobacter	Caldicoprobacteraceae	Clostridiales	Clostridia	Firmicutes	Bacteria					20.777980690267448		21.24502577321387	17.321484273738648	27.183772105394123					14.040566369573805		22.30336837029922			18.01921434297001	16.15936155235029							55.14724731578253	18.277516284518075	18.14408882107344				34.820627988615534		18.817230918008047		26.89383406323228							27.10751820384517		15.4603436294896		1.05	26.84766789851207			13.12963233972306	36.473092619539344	34.60217191047312					22.58387681514269	2.021276595744681	19.049738855385517					43.09852366708117	24.945270676001737	22.904228714533254	32.338101394968874	18.102875064383323		25.785139129948007	30.155095097212065						27.72753580580097	31.480645954779096		21.220453324351567		40.02991424340821					27.22503104814665			14.68699211622448				37.77035529511904
Caloramator	Clostridiaceae	Clostridiales	Clostridia	Firmicutes	Bacteria																																																																															15.104011921110637													17.93570448464619		1.1166666666666667		
Calothrix	Calotrichaceae	Nostocales		Cyanobacteria	Bacteria											2.009333010403027																																																																																					
Campylobacter	Campylobacteraceae	Campylobacterales	Epsilonproteobacteria	Proteobacteria	Bacteria				31.14752192982456			44.24081850061986		25.08740893451643																			12.05350236355823					62.21652985164246																		13.041174776849989	21.098071419802576							14.047748526522591											37.18813305242687		30.12903095531369																								
Candidatus Babela	Candidatus Babeliaceae	Candidatus Babeliales	Candidatus Babeliae		Bacteria						43.15629812225302																																					40.17696160267112																			21.203175390721903																								24.463430420711976										
Candidatus Nucleicultrix	Caedimonadaceae	Holosporales	Alphaproteobacteria	Proteobacteria	Bacteria	13.950361010830326					38.012882447665056																																					15.624373956594324																			18.17415033490449																																		
Candidatus Paracaedibacter	Candidatus Paracaedibacteraceae	Holosporales	Alphaproteobacteria	Proteobacteria	Bacteria		11.031035932773804	14.100915150830415	14.342227012523994	72.20638336309383	17.465378421900162		26.125622791902224				18.06968475421776		20.10616153205596												19.205946113347785	15.06215481618567	40.17834065677966	15.06266111874304				11.036380327209164				39.09481832096346							33.19011746400963		11.067794952064176						19.07066219062665	33.11873242982416	16.036455471135877	14.137093772369363				11.037516699410624		26.07035307439772				12.113395369337422	43.13141660535457	33.47667216354177						15.0785250938887							22.14527795838752								22.470744680851062								
Caproiciproducens	Ruminococcaceae	Clostridiales	Clostridia	Firmicutes	Bacteria		53.922041826298525	29.05509599980339	238.751799815816	255.44464854808544		249.4505201137713	120.95283360596505	435.3520850389585	100.78153039433438		113.49169894158892	13.328202281905524	41.57312299588519	194.40238857201746	198.59159969376404	92.48515341498756	2.125119498976716	161.74829814873888	139.51130213987946	132.5028916801443	16.773714662816268		45.32779508342468		98.25753498012801	332.90834997025394	249.4558727309987	323.7558188227082	44.26856089541352	52.722451465321726	78.3830907974556	275.46295020641804	53.874125882722446	232.08546122341602	132.6572258458203	211.04089252890282	23.04682349906919	49.35559050325809	243.8759569591963	536.3100210225939	5.238919020424396		228.29773534780642	68.32393701890916	141.30538309035364	44.04221729680807		435.5833290890623	43.89859025609828	368.3157698146723	284.46469055296916	358.4509641011015	362.69579149103345	292.99510460619456		34.38189650125134	64.59518673230686	247.46487457126034	3.2472235490918586	226.33584613956023		94.9270879222268	1.962869733332447	137.59231896584123	613.5525575631716	349.41532632685886	324.81875254958953	355.17979603080653	241.70743984012148	152.76824401806093	235.90344824672496	58.8125476632856		91.56532576681732	18.738496719449277	54.95827286840429		369.1972427157889	498.29030931078984	90.67319336767208	57.65174099488756	107.06366678065655	897.6188523676005	4.652810179837356	22.28321867965257	53.67123614693399		383.6941773780497			461.64205902704697	111.5887526246045	1.1166666666666667	187.21484161359214	305.3064928020875
Casaltella	Clostridiales Family XIII. Incertae Sedis	Clostridiales	Clostridia	Firmicutes	Bacteria				78.9901146117407	26.456843886801057		94.02254294000052		96.93324378906924	13.90248331152842				15.187418356659595	37.60283989114168	35.897205197853374	27.796311259158152		20.201482786123865	29.627532162409125						23.12482017384728	76.54363598484048	89.16667851779388	91.1181363317356			12.48216761250557	118.01691996826862		49.74745015775248		36.32376345499876				20.46335962854818			113.28705050590214		25.97658361445068			67.83801107150185	26.610756808870693	30.748884312333217	194.6796806597194	143.63137991720978	80.62165761260216	40.42716429322342				17.796545405926523		38.49539474187007		22.54029936249517			58.52543563990027	42.344135585717865	52.13769684768441	126.9483240501638	42.626179367892405		49.0708825610514	58.062641770270375				13.362226919926655		169.66554848433674	149.04376068182614	19.277807171068748	27.26074055150079	16.81246948227857	140.23431495570873	2.0089820358282		11.065039976926332		110.57655724875572		1.005586592178771	109.9029092435869	27.69981873052552		16.122704072309958	34.94462209406055
Catabacter	Catabacteriaceae	Clostridiales	Clostridia	Firmicutes	Bacteria		22.322141685452177	14.817525885084205	49.7747905424052	57.46544468154743		44.86274962828849	26.6531992781555	52.004123861441634	37.179874132266896		23.26347115475339		14.560055121510567	18.90584195071849	26.76555250835424	21.65726275654482		24.697677515484926	28.64055195554988						29.39007123412784	100.14337003875016	42.5289681529978	58.693052657324685		20.959095461894663	24.803826247878863	99.75117445773115	17.081382623193633	30.08535942321097		57.04199939197725		15.426711780300783		23.121273045618047	3.666188474149625		78.5043247217378	21.06926949464376	41.71449007608492	13.227220438487029		55.009117313293686	12.20022473148727	39.18869060661867	61.11273768585964	58.30653806772713	53.384219088513966	17.1578344090033				50.22788546383685		52.42484402407271		17.784532467361686	2.0022222222255293	16.25903737738819	92.18713035781124	45.189823875954175	46.65409224789356	41.09018239597737	67.7581448066217	14.076365966026732	54.32831346165008	35.77637053873492						65.19260691969613	39.84450641778728	30.383220571090288	28.304441755069643	18.23281769348704	26.034736868284043		11.9763650906315	15.21406693190803		70.94024643462465			24.84945731898355			16.169207353365184	47.49051249065948
Cellulosilyticum	Lachnospiraceae	Clostridiales	Clostridia	Firmicutes	Bacteria	20.38898916967509		34.24528373006422	27.12848856757201			171.18484536891114	67.43003734310744	126.44996212477831	79.89350693799584		43.47585889879729		78.45868583674593	55.2650746205087	70.61246165389558	15.105015199806752			27.25327789836249								27.59148239874339	597.715376712576		308.4575091618392	35.78053566064818	1772.6121951106234	644.054965557683	103.96407673293915	75.31715653541208	912.2927074069858	21.161491762169177	25.31327124184194	169.6178388153709	125.2562470843834			384.40825352864897	103.59981502854471	64.45815861775476			903.53091640731	165.24694697436766	88.889043165967		552.6274989947781	341.1607199160811					178.15938450075095	1.8122590894587756	133.3580050587859	27.261225502356737	60.40383123903217			230.27618476650346	42.18700135670839		67.76990778353304	200.65128702539593	260.40253583055295	66.27780397846229	178.19385638141938		16.067434084569612	101.59019000554814	20.59311729081672		181.2822638708153	51.15319968991148	67.6009236584224			30.06866843892395	2.0089820359432955	11.119741100323624	151.94003720757502		116.71635619607166			186.53169473762517		1.1166666666666667	78.79332961405352	827.4415479373849
Chishuiella	Weeksellaceae	Flavobacteriales	Flavobacteriia	Bacteroidetes	Bacteria			23.432671917340453																																																																																													
Christensenella	Christensenellaceae	Clostridiales	Clostridia	Firmicutes	Bacteria		623.5907774809294	432.86267344929087	1032.0306281077378	989.4748929624386		1081.5932647413456	840.509008629878	1922.5283705922	548.5614440079383		1089.0181946904918	51.069450182877965	391.8877626536922	620.8419142240781	749.1126380350516	427.73337130686957	2.125	961.3748761733522	664.7031737390884	315.31231042605657	55.26679207135131	23.88630621526023	142.81973827234577	24.692612510614207	256.2082723106541	2519.4162036578655	948.0999613010227	1080.0033529488048	186.58870162837735	394.21495707591794	358.98963383998455	1985.6441530833627	509.4295066081198	913.8450293029564	96.3196270269616	1300.7490193702183	180.71098031277202	355.2265137379076	422.92381344832097	705.1372126312032	23.33374975146966	94.86227045075125	1777.0887368624783	619.0514626186068	1260.2405140117467	279.1114921883393	5.24999998353522	1226.6139287034935	346.60569108541404	628.1171900943108	1383.8377494759723	1268.9614841933376	1152.2297034950723	455.5591502148763		190.1619177645036	417.5173179946585	799.2291769187921	4.042553191489321	1076.2169735250175	153.47060282806956	505.0828586076235	30.033333333330024	331.85369452855906	1429.937490027356	1557.8572315397032	1244.1966992201935	1227.9029625210073	1410.4487972960776	261.9684820437792	1303.4261827215846	778.6043090225909	139.9843093500662	201.5209515057499	182.75455658220977	217.6775203174024		1820.5576393991419	1319.6789969889942	297.97753179019634	657.9451332009924	417.36842000563473	2153.9448052842204	24.1077844311379	163.27552925289854	312.784335248735		1547.0306676973444		2.011173184357542	1803.940059090863	192.4007004913092	2.2333333333333334	458.10798913277904	856.7992975292642
Chthonomonas	Chthonomonadaceae	Chthonomonadales	Chthonomonadetes	Armatimonadetes	Bacteria																													16.665616359129682											29.077955689132605						26.159967016014424																																																		
Clostridioides	Peptostreptococcaceae	Clostridiales	Clostridia	Firmicutes	Bacteria		224.5080767384109	143.29726918382494	112.371979730128	337.61068156174053		161.90218355562573	108.952717742188	611.899578838307	130.96665198929796		126.5843560837839		278.32242247055683	161.14193459941004	316.9248409205055	83.68408000689728		212.0497670140527	160.9880320959091	220.42846955533685	26.15582986839572		103.42878735893818		65.76885939931682	257.4484699024457	250.6589587373932	249.9622715963885	94.09221387538489	181.10804668675308	81.2942619386348	370.0681370063606	241.8668564913769	248.9118966945928	114.18080186498672	170.59481234047033	62.11872572815411	157.15951541650753	169.5673315715803	256.6851927173652	5.395294216625381		393.8312733249974	268.97834643983896	102.02983033585048	32.93544287833714	2.304089185650338	685.9731519619264	67.29935973805915	587.583299365346	168.25983939568476	1018.5043108975142	1254.2431035029815	135.5837758577301		78.11604692539221	196.02140703921336	744.4055399367909	1.012969269943148	391.5416487545425		122.0112838018331		165.33323004563724	546.5522150709738	479.1234014017503	143.74167177398752	343.5131826233317	322.19425137433456	197.8654665692064	305.93502706193334	311.13802449915835	47.91895721586688	170.0520111636438	81.89987778807239	57.1765944532798		584.097816474747	335.92389734752913	208.51297779945295	123.99834516737138	133.63810488488605	837.7749409962468	2.969648829258487		73.08183718448633		249.3507550269375			913.3081218694925	112.68402524240724		361.8795468528335	458.805589469973
Clostridium	Clostridiaceae	Clostridiales	Clostridia	Firmicutes	Bacteria		498.6583797259867	289.5977833729108	745.7091201338227	2036.05587631409		468.95069229240687	397.22397704635625	5224.526991294545	198.50217741964488		302.71874913807517		395.20010275494036	461.9666164396463	577.1468523652505	275.987427893616		641.8491977458727	264.9390304077083	430.49726324895	15.95018614904232		195.99794304444313		208.98177663669196	1041.3754453167048	639.8254092729073	650.3200074226158	166.86690692368538	278.95868790435355	145.89400904369177	976.973264230086	354.3390736273227	603.8876610950379	262.1662850451638	595.3249596728276	146.08740850439213	282.5490211251416	443.254815608444	922.5920038733964	23.380464234113674	34.59682804674458	1200.9705657046907	787.8117374414884	1518.3785085510895	357.05716354695136		842.7728774897114	147.9825713230364	442.76406484144456	333.41850197408183	1292.50250860162	1296.4477618492533	431.1264637585086	1.1739130434782608	182.95030267925472	515.0241146704461	957.5435061255015	1.0106382978723405	741.4867170726666	12.11610022326966	306.21418270868196		243.2544185224024	2347.2928152872	714.8085172295885	561.0302346336948	610.8935835563153	489.6851646241002	269.81208091614576	898.7815314710139	594.724697951425	30.56269118798232	241.96725791635953	133.11023637930774	90.81560968148011	1.0476190476190474	1493.73807370874	443.6537842876568	273.0850440068188	226.97962877329525	934.1699552928293	830.3516267319412	17.6722881557589		140.38067727423052		716.2887502722406	1.0	2.018947758068	1118.7487165843063	70.91361288556048	2.2333333333333334	590.5021400343603	1200.201562572543
Colidextribacter		Clostridiales	Clostridia	Firmicutes	Bacteria		145.58445969044	71.03938126983788	203.24252410219552	210.30496860850764		205.87113920841796	73.1589800566367	630.319582464866	85.9149519601641		111.64387282437686		90.0026399629877	203.29305265122775	189.8627645744676	94.92971861876494		153.09919468429442	130.28904951323457	34.20539954811867			21.611108919354216		76.35250993759881	381.3588674433183	294.4459597959384	269.2056563264581	94.6047393595729	33.46544313226531	53.23722493105981	332.0115504701906	108.65384176292878	165.26233603246618	42.81194156444912	252.30191635152545	27.5309209676752	60.11919649155394	130.17033504990448	163.33708507360595	2.99938790544237		335.3210373086952	141.57480772096457	194.18108540081107	38.1042941875596		256.3451183537125	67.07438643237703	264.0577417984722	290.43409816738057	324.3985068287041	301.7679117175659	163.74056557261284		71.78136991372193	203.17571210552285	291.5233876077953		241.1309932194171		113.071507741701		56.059473975288135	384.4946433818192	195.4633499538687	210.83076881078324	335.996893171101	197.64735524748352	76.15774763803427	227.98686320798024	57.55085328071969	21.821265066273597	48.5719348077853	35.81791330982998	51.23632255214734		571.2968802613658	361.4890114395213	94.60754933441176	70.0476854767411	70.25607872373432	436.84850893636144	5.022614033943854		36.24676783982813		589.1981701582752			395.2454019233434	77.37285968297938		158.89404382508212	287.5268965719382
Coprobacter	Barnesiellaceae	Bacteroidales	Bacteroidia	Bacteroidetes	Bacteria			13.284888340867074		18.433643902280373										19.44459795381457	18.882280385434605											26.49744144340075		44.89421570733607				20.95197010629217				15.936758999896991			14.560188590794509	11.81361708446668			21.46167440245561		21.7775647970426			21.55375304581307				19.81433185945754	15.321587854447372	16.403808419080654				21.50270523718633							21.72290444548933	13.317269465421887			24.165865951790156		14.270182990307754							21.410151133957328	23.22145037784308				36.85824113506058					22.35241074580449			22.095715101016257			13.63359983205642	26.36420016974832
Coprococcus	Lachnospiraceae	Clostridiales	Clostridia	Firmicutes	Bacteria		263.10227857297997	165.40940947565372	70.49359730804082	116.03143331599823		24.69009020602817	173.42696131809805	266.7610232029857	12.109777925091151		175.59255970742254	15.44365378939458	419.1973743306893	360.2729866842968	129.5966371511585	52.21718771387555	2.420874923534786	89.93658452723542	168.52882613394482	88.02432169849726			25.048649478651807		36.13815224867768	441.5052102301891	102.74087165555329	35.96843830935386	160.0177152920438	37.066062286765174	36.10463721595684	87.21170006300841	520.5306505960375	21.83379002469836	191.2032443117703	173.66180497773706	85.46238839827181	826.496842193521	80.74149246843194	187.62334745893725	6.000000000000788	42.40901502504173	65.92537174658088	313.2672158989544	116.44587470599183	48.76329581663707		36.33039174323916	38.39840638689195	102.43651652284817	91.80388251831229	347.14060486323604	280.11611551733586	72.37832113401781		89.07363246640347	443.16026572156665	120.59819129348624		236.786686779494	15.145125279087074	49.29201341356753		34.47318099669005	218.08494427432555	151.1924780856524	196.75868985767323	64.93657113749968	62.36891863241429	51.004959918284776	87.82531207567197	90.86664690358225	32.938472043903694	129.8337066450868	144.8809781861606	15.135434510839092		565.59786597771	299.2297137405603	52.686455717730325	34.916344586484044	36.18418394351468	1963.2852182696074			42.414553057554585		120.01333458241373			2110.6962536062165	67.70744812219985		59.31701881307133	116.39840231911936
Crassaminicella	Clostridiaceae	Clostridiales	Clostridia	Firmicutes	Bacteria				32.327384048268605	16.258362514991617		43.49616848770236		74.3649649931125	19.35017053398804		17.15220754442042		22.85128719595622	19.106273438159292	28.15594718463365				19.91214717633368							46.263015149592846	32.48961206818288	32.965494312611106				61.29309781996128		28.363592962291506		27.00192895921253				21.189334791741985			61.76572187789093		29.19828182209872			45.99505992319303		20.42304307297125	48.25091666867802	43.338734064938805	48.455957005037774	16.36365262073992				22.19029789391462		26.5798904250701		23.77374048023879			34.22680125771484	39.171198793869856	35.096036001818185	31.76751383109261	33.366469364125074		47.12567008094569	31.475407940170573						74.49612608993128	50.353679229415526		24.600923132654103		56.869154135340025					44.630508946003125			55.61965333837546			12.839331199452646	26.63061938572701
Crateriforma	Planctomycetaceae	Planctomycetales	Planctomycetia	Planctomycetes	Bacteria																																																	20.83605429581888																																															
Crinalium	Gomontiellaceae	Oscillatoriales		Cyanobacteria	Bacteria						57.44437117937485					2.0930654843472785																																																			18.17415033490449		27.836024292039323																						20.015533980582525										
Cryptanaerobacter	Peptococcaceae	Clostridiales	Clostridia	Firmicutes	Bacteria															37.44441444502461	61.59050398436899											20.12149357349888		36.45773862684827						10.095333417918006		26.14664356556404			43.10869328637558	13.070223264020866			19.110705527521883	15.51700576584315	42.314586115391485					29.091851425280737		26.093546762891386			1.1739130434782608							19.173729409719797								15.891139248494664							1.0476190476190474																		
Cuneatibacter	Lachnospiraceae	Clostridiales	Clostridia	Firmicutes	Bacteria			10.664408720441314	17.429757641155888	16.767718781656583			15.78940515875607	70.02398009832466			18.58684303030589		20.037058891076043	61.22790622202784	20.22819487815928			44.27410421211536	25.115112120876837	17.670499415605224							42.92874737575791	54.76691801406887	48.655418227948346	13.57375382527789			21.54577224542653			15.002326026308229		24.145257980624155	12.505761109708384	30.160060142669288			35.216516903419304	44.674983937656656	45.36363443161786	12.488728707417934				23.972515404759697	36.26983608925763	27.331652967642416	25.544796191730452	25.46873716161954		26.677235547690977	46.894663469212624	50.54157142158553		56.1429952264032				15.217007162345954	16.83069250839235	33.628835736229206		38.16775123046428			12.125633649368742	71.6901011148108		20.18390663347697				137.13762511907512	13.43260684348338				18.3099489542543					47.2837135035201			12.555069248868095			25.53841442199885	
Curvibacter	Comamonadaceae	Burkholderiales	Betaproteobacteria	Proteobacteria	Bacteria	46.14350180505416					115.0660225442834																																					53.56928213689483																			13.125775241875465		15.016666666666666																								69.552304964539								
Cutibacterium	Propionibacteriaceae	Propionibacteriales	Actinobacteria	Actinobacteria	Bacteria																																											40.17696160267112																			31.299925576779955																																		
Dehalobacter	Peptococcaceae	Clostridiales	Clostridia	Firmicutes	Bacteria																											16.06993595574057																																																																					
Dehalobacterium	Peptococcaceae	Clostridiales	Clostridia	Firmicutes	Bacteria									10.53084406595156																		34.919634299656934						24.10019807547538									2.0		13.556756838777046								44.52091364857365														11.676772083975782		19.39801411309922				12.05663416594983								30.655937765527163				18.04199498313097												
Deinococcus	Deinococcaceae	Deinococcales	Deinococci	Deinococcus-Thermus	Bacteria																																																																39.04333333333333																																
Denitrobacterium	Eggerthellaceae	Eggerthellales	Coriobacteriia	Actinobacteria	Bacteria																													16.14205267225276												22.76937639325605										16.410113493292123		18.132213299342347	15.30043889307684													14.406142404842251								15.06805005601819				23.85618621576801																	
Desulfallas	Peptococcaceae	Clostridiales	Clostridia	Firmicutes	Bacteria																											11.614390655469876						20.755544989322768				10.658834016364205																10.79671245843318								17.586008137632227									17.062140613308856		13.0558109499344								17.59119751241182				13.179943101700344					17.720184015700017							
Desulfovibrio	Desulfovibrionaceae	Desulfovibrionales	Deltaproteobacteria	Proteobacteria	Bacteria		21.059250417304003	16.11533501837914				20.1210518571607								24.129867966824836					15.14630390143737									27.112789443107317		16.05261734265336		44.14551683926807				19.10325933205283				17.065563481536284								14.038120767238416		18.0570075400871			34.08355604708737	39.53734651677383				23.08007386354596				21.595254295875986								19.16188314313256	25.107570376349383												23.05392196612759												
Dialister	Veillonellaceae	Veillonellales	Negativicutes	Firmicutes	Bacteria														19.100853455459667	63.33857017586515						26.11482489448006										17.936323214915447					42.21755398254542			14.05871869841364		30.113431295229645								45.122531196560764		50.0917482416205		24.08635085805396	58.14253646182927					49.35551970807354	2.021276595744681	29.0680560534769	28.27090052096254											102.60874768351955	11.208134684147796																						
Dorea	Lachnospiraceae	Clostridiales	Clostridia	Firmicutes	Bacteria																																																									12.09940372238067																																							
Drancourtella	Ruminococcaceae	Clostridiales	Clostridia	Firmicutes	Bacteria																																																																																				15.760134877861402												
Duncaniella	Muribaculaceae	Bacteroidales	Bacteroidia	Bacteroidetes	Bacteria	17.169675090252706	106.29053780983278	142.02703165093936	478.3434541033795	274.2457385554698		253.86322482957425	80.38715729494743	353.8997985046564	147.28726577969266		140.42799770448957		119.02611705518414	233.07608231208607	278.2501726415956	75.13089095053323		120.6928055671854	200.08159161082983	68.57902331402292	22.73299748233894		42.59348704465701		84.01561083565657	334.0952347586692	468.40416481112806	386.6035996164324	80.11960296177175	392.8041627587186	77.41435473314016	279.74060687814745	166.39275790079918	109.93702100861408	152.80307455400097	500.438386643325	44.03771480019486	70.02584707930525	317.53988135484525	274.9041217311647	4.000000000000004		168.23388804407156	196.1379729429756	355.31191734492984	71.59689527174467	1.05	405.0768056559323	96.98820931143705	471.1153628068488	407.71336526693193	424.6028385641732	499.8387059035217	209.4490360096268		82.19479805542609	134.51676105741112	337.27845589829013	2.0212797860579066	287.7007265825296	14.32654322877851	65.9072607272445	4.004444471694974	119.31361139874504	343.2573372329928	220.49569871834763	169.36282215419095	363.34617765508574	402.3949090234692	121.27618130935068	182.04838291732983	126.57751945933192	33.57162257341987	104.1376434941472	35.588972549372016	33.43852258628808		386.0927744475663	463.4250934265202	141.31859230611454	65.40315483053463	158.28860944728046	938.0521606643832	5.022455089820359	12.23171521035601	129.85788846115733		346.4127704667171		4.022346368715084	781.8131149014272	164.4865480301913	3.35	221.0158914809596	350.2236806664046
Dysgonomonas	Dysgonomonadaceae	Bacteroidales	Bacteroidia	Bacteroidetes	Bacteria																													33.60396922123681				15.061351825333398				29.61827140449458			15.455534941184144	20.717774507486293	1.0			15.486870675054089																																												16.831572798876458							
Dysosmobacter	Oscillospiraceae	Clostridiales	Clostridia	Firmicutes	Bacteria		1281.7627276450496	775.4392846735548	1888.4885985958745	1080.042841007344		1773.063282674525	655.3558740836716	4114.352288470918	804.7689819981031		802.5481898641278	226.15151902193443	817.5209132117582	1937.1532081516743	1209.3148845390758	657.3049160207773	4.020917901985148	1744.2015572347934	726.5329158400378	539.3444181694242	112.68273506658554	53.75047078139678	265.9314383016819	34.1880672676195	406.4450020223164	2134.99696403578	3025.2828051198026	2878.674474809091	979.1665456870091	530.0386047044645	361.8272714740996	2242.1196523619974	825.8516856056265	918.957619810189	319.1753550704993	1944.834445427634	324.5630958466621	395.281027524745	1047.3558141309045	1155.6586365556243	6.700643479981606	26.55587691761621	1935.913044233132	1800.083833117011	1486.3963773193034	361.9324912319836	3.1508407898931887	2646.9609513404416	422.7619399082184	2209.578423675161	3932.013621095704	2949.324204874286	2482.44600734382	1094.3614280021816		791.351707423022	1740.7308456860085	2293.8791746624265	4.914068363030537	1967.439036801094	163.1853617017416	844.5891738056522	3.084901528655185	745.2545389553433	1990.786383990148	1750.602331507347	1048.0416820166406	4117.717217092072	1697.845731193472	635.2478746105644	1182.966445533416	786.4953179666845	265.3000255539521	592.1393356558209	205.5623794598858	340.41125417874656		4259.82205936254	2031.0319503492567	666.6402126241943	529.17949616739	661.4545245973368	2434.7285092438024	12.604217915601255	50.85351309231841	426.4277697525318		2792.7895548219203		13.73897234676773	3810.671158430869	635.9254075572195		1148.8544594975272	2625.60684031154
Eggerthella	Eggerthellaceae	Eggerthellales	Coriobacteriia	Actinobacteria	Bacteria		69.28765069875058	25.180205627470613				22.968304867552053	37.178775656773105				28.01203974188625		27.02247098342996	45.40412261274906	27.31179488703376			43.20506751734046									23.101989003672585	34.50383878087801		40.131546335244536		24.11171801888742	35.907695024496746	40.75349009938421		60.32606989997292	20.15421033955021	55.231285281845715	23.117395963889344	25.43620656464928	1.0		32.8169052064538	34.12631189588185	21.12942668384543							38.10127085191526	30.49363945190929				49.55941139561074	20.0576407943369		45.2781505149651						79.67608439696363						53.4612760150321		23.092098688946265					31.591026151288837				43.56539190631965			20.35917984386101		19.548148436945105			22.001263210149684				
Eisenbergiella	Lachnospiraceae	Clostridiales	Clostridia	Firmicutes	Bacteria		67.11135144852415	17.710765425718044	29.81210826459664	17.25675342384465		75.10058066308865	25.953298476961663	47.83644033096702			31.762396674788803		24.580676527619204	79.17800553275991	62.5093284458047	15.29847005938929	1.0625000042671644	54.81111129330768	47.37640122380799	18.23714005455642						41.17852767188759	77.29111021085882	210.37595713451108	42.42022941734064	38.25311205557055	11.660003667587798	114.37764375853574	78.83819907389513	26.265669545888997	36.72586238734242	273.63621571758165	15.518373454106856	59.77588410300002	44.05897215817799	65.01656963725479			49.05015172160737	55.80863794337054	69.21847922628646			32.571739538101404	48.64396196544806	34.554048207858095	40.39776031927717	115.09519071528106	96.17847809866323	42.93622386515281		23.984502186271783	40.93017527125468	99.09746295315765		95.44893131466108		22.19118178991224			18.30677869740869	101.00680536170788	33.89462685790157	67.88877934074803	12.593654884222923	31.42395283165966	60.76477313375327	23.486709806354185	11.458846873384998	25.40420760277992	20.78266655684293	17.208791231887467		79.1050573397768	97.6240682113228				53.90361327750688	1.004491017964088	13.998057778316172	14.376194423074278		28.88245239305324			161.99200829906877			40.712477782070366	80.76779114905037
Emergencia	Clostridiales Family XIII. Incertae Sedis	Clostridiales	Clostridia	Firmicutes	Bacteria		115.63222748633656	111.6290627712866	333.2108008343275	93.12021132456734		275.2105904026133	95.46934452877612	452.8822688172481	52.01686862885397		97.11812990560048		224.76594391574832	301.3508647633357	193.24633979271096	76.6753134823164		154.8050460047482	138.91555858804634	34.59130854363091	25.330998323742616		17.220683003194836		58.02724299199623	268.80887096000004	250.53531291823663	500.0025166878486	64.85345063947965	126.95329100538704	87.3270906938909	471.1388488081987	108.2073257660919	232.98129490373915	52.08606906153281	389.5279082437829	59.34353174477842	125.79734034927448	176.19134514060408	294.48054078357296	6.127745971976236	30.674534624068663	406.4694644508031	96.65836911700887	245.37329296901248	60.149290206224045		211.82333141292577	144.31489753479843	283.12258903613576	420.1225724760952	356.4976261907163	341.7341457923464	434.93891874802887		50.92688412976024	110.4510344939603	255.41505379990227	3.036953399551913	227.00859871681712		136.15844236863128	3.004750776340237	46.50959625343777	234.5459285093412	284.0277049380835	216.13596167276063	523.1524024366054	159.8547575302191	107.28957549313157	253.51067853995156	307.30422803104034	43.61337063270287	70.54617672545501	31.22907050692914	57.04625664492157		594.4668192027673	445.8151149370112	113.37048435511534	118.41564244534968	46.95647197051245	1050.8929416794178	3.152565012668589		73.0757530891404		382.6951653265875			696.4217695318821	154.12322266773475		121.89077445431604	146.8423612734082
Empedobacter	Weeksellaceae	Flavobacteriales	Flavobacteriia	Bacteroidetes	Bacteria			13.8900027598967																																																																																													
Endobacter	Acetobacteraceae	Rhodospirillales	Alphaproteobacteria	Proteobacteria	Bacteria																																																																2.00212163427212																																
Enterocloster	Lachnospiraceae	Clostridiales	Clostridia	Firmicutes	Bacteria		191.700820895304	52.03682002083188	60.81166553066716	18.273706684343534		43.85908967073758	85.2730719419634	54.65550238170866			83.45329661144969	14.08737090832466	88.15779973298541	126.6752408634956	43.21418594977747	21.292450958239925		116.46597510263985	26.92386033042516	86.47962633747254			43.41071800715012		12.514502029963998	60.66664995506577	84.32948459377003	118.15673479752137	95.0642302871106	66.05010482400301	16.67061543036314	40.49836156022143	105.70126464645818	21.459685470556963	52.07516035203153	99.18251823018996	60.63339671635224	115.11294486298527	57.88028743568147	99.8016256622376	3.97327044834216		36.17488288568616	84.85713256048275	117.63168984884584	20.790982345403144		27.251297185643168	32.36275914255281	125.96828290430736	255.6833843070728	118.74322210554104	139.2154313005284	36.27898618004609		113.40124141402303	175.61668110021236	96.53502331281024		136.44593761813195		44.84178065936883	1.001549807039696	36.4825226326793	48.25311020371103	126.63078970266484	47.85621757162321	120.04324476836705	16.107370410886666	35.283373584005496	65.61986418453108	100.71587508855217	25.62036079381873	48.45187818126656	27.6807403155359			66.93176268650367	61.48445028558571			20.487558279290827	138.3863863607546			22.741147355163424		62.57675075412171			140.4532866741435	16.249850061022965		43.697260544222665	27.370322736694103
Enterococcus	Enterococcaceae	Lactobacillales	Bacilli	Firmicutes	Bacteria			21.104013848810933									24.095437320173904																		16.080629794918586	18.05919451056393						32.092801799568385																														26.112378291246504																													
Escherichia	Enterobacteriaceae	Enterobacterales	Gammaproteobacteria	Proteobacteria	Bacteria																																																																								13.055913413969266																								
Ethanoligenens	Ruminococcaceae	Clostridiales	Clostridia	Firmicutes	Bacteria				24.221122492111952	48.48717575134292		16.503102035581783		85.43316314301664	29.81921416931388		14.386630747544784			18.51698499914638	12.216494000785373	17.099149530720197		24.287948442711137	15.541647513144127						16.661613911395197	94.768302253984	57.069811710363865	47.96394956922025	10.260630362352623			77.58345326589237	17.086230428797556	20.70934055777372		34.452988565115355				26.15244876985749			78.2915795192379		19.11757951057709			135.01708803903946	17.61028738319025	23.18193414009868	14.060706296838518	42.0660445201988	39.72693033539385	26.70992808446152				41.71701674681782		19.78865570108933	38.29281382664151				107.19322367639396	30.166592503818947	57.64311465577767	61.12535935499367	114.38455036958942		35.86202784586801							110.4411351022256	79.82815788554146	19.23998120594073	20.612562878220267	20.779819722385994	105.78899715563924	1.706324498101751				80.91662737401616			35.951248465962955	15.973064383272026		29.10043495844371	111.26442452540634
Eubacterium	Eubacteriaceae	Clostridiales	Clostridia	Firmicutes	Bacteria		569.6775892996569	330.016727721236	304.6699522058564	197.60241353276484		194.7804955241415	282.0456231143967	284.91302341266413	133.62792081096882		317.93965334794024		452.0569885164265	647.7473311777039	237.06858296729035	121.45247115305781	1.8291250721980497	417.84581816017516	213.14148238545997	170.64398727394558		22.748863061537158	64.98990816019077		94.92911327503327	404.8778710303323	407.61391796006046	605.6254327140354	357.03695489198583	190.0777524077951	95.92990097979977	726.5408554750227	713.9862721985389	111.69901893437111	325.7686884087436	1033.4329493923487	189.81455660193907	552.7718452945312	248.24144742688037	453.36576821098726	3.0006421431675196		432.1950192095528	566.4114209132772	513.5128358610752	126.66322694288786		725.166157010132	194.3513782495811	378.54304469550215	319.6755314033274	478.38159336628394	520.0290916964072	423.878520197082		319.2731917496464	785.5628950471854	368.59407710147053	1.0106382978723405	565.9921825689711	81.79854140641295	126.12090151868414	10.734985236522464	134.2662594078721	326.3825923165215	593.3800698512683	299.72339844467217	485.6175680400244	222.13906839862008	149.46272667996632	356.116836807076	293.4439293186042	137.47404098522122	246.30667638625945	153.2574636314867	56.55389891683035		368.72172120642415	559.7580020188931	107.00299155576596	112.20064281602211	39.05890688638884	905.1395444004615	2.0076216360122614	31.839159311669725	146.59813106510472		383.3340377253997			883.0532495300678	95.43468414156771		237.54936312134058	360.7595676704359
Faecalibacterium	Ruminococcaceae	Clostridiales	Clostridia	Firmicutes	Bacteria		234.38684935828348	56.07707009310525	26.200722899376327			37.401195864571534	21.91290309592802	50.225601225595646			44.21946921148928		63.18342839391131	105.19410581436664	20.40111938780504	22.907763181086864		60.20084914362737	18.213998215407138	16.524222261459514			13.970472143102423			42.47190940528278	31.135806319295117	92.41521508973284	160.8888683967855	81.45021492638365		29.61280798207175	63.67282440853352	23.741538082063883	254.0026530167845	66.7230647161659	58.65289147241938	179.86802917422	92.49657232951697	49.36616174229576	1.0000000001077936		37.30972143047902	138.49469156025464	108.93273471609682	14.357111785424255		11.030004681237456	25.374821740258053	41.00218788439549	37.1510802572846	103.57731226083555	76.59290185380512	63.16661037334328		486.6493679938188	177.67514753840962	80.79951549682534	4.042552670916035	159.25629566238285	14.989364758930332	23.58602236178725		27.273100650310127	30.313808363306556	121.24436445104146	34.24918838669804	59.47305083017823	14.421114476093974	29.34334539757802	24.72030730040408	36.89317833406008	38.77779695421803	65.31297063070338	21.620772137510563			110.7215318555202	22.234566924757328			11.1283814250247	54.76678236749098	2.0089704596206426				30.74782966156392		1.005586592178771	35.12940131535175			42.139538540088	27.198530582266685
Faecalicatena	Lachnospiraceae	Clostridiales	Clostridia	Firmicutes	Bacteria		954.6401577913714	421.71235299856863	730.9060050304241	259.2983550482225		628.2457218380504	440.3449364393364	696.9837247812122	52.724895130915876		536.1573224792788	152.7689119458326	567.3804672616029	875.2988245437091	453.7346137204089	195.49861337161204		855.7492002865941	268.99335689134136	339.0502006177319	34.1103385150643		153.7755015167792		208.59382127422626	550.0517068559	877.6307429368028	892.359897376019	585.9077246728194	440.27105975017923	173.48022258046606	737.9525487600772	899.0100622580248	291.8126181998434	325.33249097765906	827.2483476539933	248.37516031530288	500.5348806712364	336.01682017432034	582.5341741657128	12.757822773850886		863.685478643951	794.2840552283933	957.5716903449221	161.63753213109874		374.954201284389	253.94332166331822	2208.7269951502117	4657.575631157379	890.2598558342372	898.5140749898478	472.24515187129066		493.2603485010741	1024.8560094672114	430.295944540729	4.745559448255525	1001.2202688132345	43.670448663491335	377.8048928153314		206.37187683160903	709.2160537115587	1274.6942366075418	502.9253837735338	874.2343042761623	210.19435275879678	203.21617250545296	537.501904611452	915.4450299519937	167.2767300646576	357.5696891683982	198.02783326946388	144.42877349058813		878.0991270897728	644.4209388399229	132.65507433703004	133.96627042480688	103.95621419496389	942.2090000593162	2.942813531952444		224.7647348490839		685.3450538209697		8.17382353079056	1015.9948287757171	140.69401008134164		275.1939380632164	657.5606523366952
Faecalimonas	Lachnospiraceae	Clostridiales	Clostridia	Firmicutes	Bacteria		559.3494681140993	258.7587847394202	402.11815137866506	125.72960504661604		317.81846809332114	375.96387074778073	367.0460167730337	17.253541751946816		481.6460466749925	32.244086108906586	333.902771042352	502.2865052543187	328.77472548474697	155.23830061278366		446.4240463687547	266.8335948092346	182.52038156385467	39.21958338025375	36.58754946661546	96.84754660449732		135.15285095138034	420.8254798320051	616.5910163261259	456.53094105612206	402.2161747192464	396.2400500348304	102.60328426631976	938.8000071134652	526.0441131200797	161.52110972428335	199.28111081199967	583.8734259999966	176.0977587925415	414.2809126125219	250.37088075751024	331.2446669142142	4.538477611461244		472.60170900720567	575.9538598346928	518.177052701173	106.27915877943116	3.107919624622985	238.1481378139626	160.88051613945854	1674.3414750016952	830.8869067694214	602.6006237202398	614.6608451627843	242.21885302612137		272.9836261201452	721.178081320256	293.02315894045086	2.4956628382123074	617.0195454768589		187.70816722212965	1.814053975506828	111.45606123278284	313.20158395866406	818.992523994471	311.154904597508	370.4257359041436	108.12824342193724	165.3548944500457	392.59606780330006	418.7168713324601	102.01777782476816	233.41463987575773	160.20395623035495	98.19603545272216		412.3476090258206	416.07673255672506	89.94026346854929	81.75516350438403	54.89703104324303	655.7682041382587	2.6234794021252963	13.944054456912978	175.39470320059417		308.15186549116754		4.970589283127199	775.01504127897	74.01683270460586	2.2333333333333334	173.4338171622285	389.6164930719886
Faecalitalea	Erysipelotrichaceae	Erysipelotrichales	Erysipelotrichia	Firmicutes	Bacteria								17.07364726840255	30.10489072142005										13.05847329076006								19.078728521685196	16.07133648474433		13.06551170836885	12.14079152805292																				16.050676648430752										11.029764561678483					21.064180208191168	23.10226844384853					15.04484460317894	11.18236128261522											16.02553821064794								26.073096442331806				
Falcatimonas	Clostridiaceae	Clostridiales	Clostridia	Firmicutes	Bacteria		65.62335614980228	27.757219556293563	41.08274162228079	18.40562663786181		41.323457279886256	31.871999520305653	74.16970668177632			50.35188172533515		23.513126171012345	76.78621522404222	33.23993878450162	17.067463860016886		51.21340404505071	21.06825781997731	18.176791487634585					19.348926222535216	67.48197401275306	77.21314110433373	85.04363869900557	28.965158112410503	19.382841233767792		42.69750217744087	54.14436104132359	22.861674794353966	22.74535764410802	70.34564255968246	18.67625484168844	30.25901360465644	33.31462131338225	57.13242769680076			55.25756420147329	27.814963272076177	54.33155792098063	11.770014544303807		84.9064367351147	16.521776894336462	60.96835830311059	152.38728176576743	90.60057408534968	80.53395713786841	26.07056638482006		12.376182204885012	31.54056776180937	57.326416168543055		65.05769090070044		26.57756465820353		27.831434104407656	41.25966134432284	87.8934268072436	41.720578177089976	74.5952586419183	50.495325616400486		73.95716051417568	32.802591018466075		23.333172264348683	17.668582370329084			71.87959588132537	77.95858482925595	16.280472815958724	19.63313702151572		45.4422050157268			15.184786963476522		59.92533929798349			103.07184876407251			32.52455227167083	18.67236533615372
Ferrovum	Ferrovaceae	Ferrovales	Betaproteobacteria	Proteobacteria	Bacteria											2.0037386313148176																																																					1.001111111111111																																
Fibrobacter	Fibrobacteraceae	Fibrobacterales	Fibrobacteria	Fibrobacteres	Bacteria		97.73401621547819	43.30995367755056	20.09517543859649	391.13702782355267		256.6865690660487		234.5975361668739	127.25278229698125		18.06906552624589	15.543071161048688	16.084929225645297	104.74111997532546	148.6976326506933	45.87258023842068			79.76797887107811						22.238463920718488	25.104293035301087	108.48197686302683	470.80958159654904	13.087377049224022	96.31520233857222	22.464241987756573	589.9401897868571	18.0807463279079	189.77101448681395	82.42472674107478	238.28079111067328	12.092526208995604	13.05466743025444	191.93205206006155	127.74350257973194			91.52254524628037	92.31175125249811	56.34513815580304	15.257862473347547	1.05	151.41125576359352	71.45248548655269	392.0288328067465	177.65827324988894	353.08688855275153	192.69249761337693	11.10771653543307				197.6668824805397	1.0106382978723405	12.03247043070659	12.11610022326966	40.36815601726647			258.7192636079543		31.811097968709785	423.49180925528515	937.5843878747614	205.73558910604365	26.111826827938533			16.06743105051131	10.099275433975556	25.741396761133604		306.0240451061123	149.97923890758673	109.3405953328093		95.11081696243956	296.8699334240911		13.343689320388348			657.2188471771748		1.005586592178771	472.8424487659756	70.29604200630772	1.1166666666666667	162.1698989220137	204.0234217749687
Flavonifractor	Ruminococcaceae	Clostridiales	Clostridia	Firmicutes	Bacteria		124.00272100415776	98.03352980696344	349.92174046956046	353.86426880270983		483.7083020277884	131.70756104622566	687.8379935500855	89.9180166849866		197.40090541986453	36.09828263626138	179.40478045729904	441.4514668241712	343.1861646606096	176.00079217291236		259.8882366109121	244.96660148025623	73.95564666600025	32.551485646389395		41.009370300492655		94.47922569844631	584.3325441718438	497.0731617404961	649.0617104932107	120.6454923516233	108.78383305681824	121.31074769730084	597.2786371105896	152.89034905745876	411.21455398371376	57.4784080930114	436.69030660841344	30.69848695027686	42.5341853930827	238.6425742631661	296.0430179945962	2.172482360584238		430.8244568736411	205.32796259517116	424.9213887582044	85.2441413305734		450.6289180651908	125.29825393117449	608.9969637547545	865.3242568074803	841.5328801398078	721.5858753220873	318.9185860288395		162.680901071521	281.80990478780507	476.770912000868	3.788115737672944	475.8941957792063	33.21592988915698	191.69542339431453		115.43761820007892	691.6123844247878	375.76706046083086	326.3414658344539	797.8302797236223	376.2315043829771	153.97521254669766	417.99139938990976	225.9076005890497	43.04666050697799	89.16793722636704	42.47133817259551	83.25427876765693	1.0476190476190474	903.0092363269088	637.8254855203343	155.88032986521048	112.60968811637105	148.75426431153005	973.5122720669858	2.6713409322190147		83.66346349093068		627.8246328694565		1.0056131320846058	1139.6747973111696	161.48898392149724	1.1530770858674724	280.4129303127897	493.7854432340192
Flintibacter		Clostridiales	Clostridia	Firmicutes	Bacteria		176.6149604097235	105.81141494825071	342.95405482616604	236.6704125399623		367.1282873082426	105.77327605616266	672.4105008290888	95.8783182213426		145.01601428349667	48.72073255458872	132.44939124491796	375.0116806856852	314.4836487848729	170.4193659811683	2.125	222.0028141822761	177.80607039727653	60.48359296733484	44.83406907054895	25.649113901693923	37.35565281543328		95.67633343158178	528.6248283122725	461.067032866829	602.4541412097592	101.25160312632306	74.42174097548772	101.14114635699488	525.9038282005969	174.26559381557604	273.13759844729844	60.85300863368074	450.183270889037	56.58282035316952	70.49467874200312	204.57423173373505	211.7373878581822	7.042213055681143		430.60239975546455	150.58575230950763	376.8019286911317	72.64431398955253		449.5905876138464	115.36564597771672	402.8458806153755	592.8206455936112	876.4220689309549	707.1525589659173	317.97837903739656		123.8380842384982	212.12860413731804	499.75343053469976	4.523257379290913	464.6615178526352	22.212832302724077	140.0112618103248		97.18989816430371	548.036832100215	321.16656148235074	317.82621595160543	655.071070250631	358.69025849937145	112.99036768580258	378.7042226822298	173.0289190664908	30.652105248134227	71.30403724122911	39.88868370579703	54.31772254625124		741.9601152246261	543.8875936440159	124.47915967666036	128.03565552151096	114.0917839465248	646.1906619413043	3.012961860328488		68.77467765799913		603.2923418797591			684.8460640330995	116.24845882890249	1.207647153253786	249.58206513673775	468.3070668724022
Fonticella	Clostridiaceae	Clostridiales	Clostridia	Firmicutes	Bacteria																																																																																					1.0044910179640718											
Fournierella	Ruminococcaceae	Clostridiales	Clostridia	Firmicutes	Bacteria		29.875341169433035	14.533484526905744												23.058477955411156	11.898462443945556			13.4378857941662								11.161150911088422	21.715534528566756	36.45955093016552	26.38551722121383				12.095522042818102		14.010673751809229	21.12794611301723	12.61566654276753	25.027507798884816		12.53169612588194	1.000000000000001			25.01377970300582	13.015409415443804					13.226714496775768	12.31941112983702	26.095031107422543	19.108582628455533	16.294018582842735		16.99371837766433	24.81201019028497	12.407518416519157		40.12376117834908					13.814205935451346	40.723998074409415		31.860965533521583				14.15463777362867		12.656496006712874				26.245950604774325					26.357727447255904					16.526480316595904			28.83520394072807			12.436872078497707	14.63267832640041
Frisingicoccus	Lachnospiraceae	Clostridiales	Clostridia	Firmicutes	Bacteria		364.69184097818567	47.831101418160834	213.0751888041048	69.094930643608		173.6775907701357	114.9489233057289	218.20831975124605	19.28975952758993		112.4141097296637	130.58848973458365	44.72657922323347	132.72623071145335	109.46765257392728	46.964509285782725		23.496610338167937	40.44351106170237	140.97108422138473			64.58977732436969		20.21803280783662	169.90296290532888	105.8236669842243	121.29866013593384	173.76043260813154	22.593315960464505	57.06299763504447	79.72449389471055	173.52693920635986	73.82989240278778	131.53152191619898	58.80729487006781	109.97845725761351	87.41185839239886	100.732972622451	229.03894639955985			54.6359534355701	265.16923760768026	164.55886383191273	35.58157622281867		97.51059845113626	51.95416072859004	792.9977869465025	4181.600106681377	82.4205556890347	104.4325168519089	55.68883026323849		42.71626750640506	122.54666888545306	24.08446154123332		85.435728102779	14.13545026048127	120.39091490082244	17.01888888888889	36.345685088810086	141.86166099677902	51.66675550242952	73.36561633025647	348.148813288357	84.42948591259515	24.19905058409283	37.15959162610454		31.7412961742541	62.75314440594226	83.49256382616615	55.78728245686976		215.3466376547788	99.75201491542924	21.68549501667782	43.46554320155648	50.46762255085112	185.03098355591655	3.0134730538922154		24.27009911461935		186.19861151999828		7.039106145251398	75.44847088141064			16.352854009313862	65.38140588623345
Fusicatenibacter	Lachnospiraceae	Clostridiales	Clostridia	Firmicutes	Bacteria														53.29639061176288																																											124.03550415582788	153.2074866930575									16.996323725396447																													
Gabonia	Porphyromonadaceae	Bacteroidales	Bacteroidia	Bacteroidetes	Bacteria		37.23297991290022	37.91172140251811	25.835404846862552	21.31553363980343		86.28753930859257	20.815959690449382	65.68443812677883			18.76570487457221		17.824718748519643	104.73753573218605	117.42719681574366	42.940007643438605		20.06872967156093	57.42269732430267							64.15942759798705	45.36184934329569	258.2048117514758	21.49096020361653	28.148183872183004		73.3001802847816	35.267634732327004	44.26489194382087	14.296698077410596	127.47972350537682			31.04398302464647	27.08411931683508			64.82603526757522	32.63671123895484	72.78718034589707	32.329797426056366		46.93899404387128	46.80580890575755	13.558502569773957	26.336700849266176	110.6713796828149	35.08370806426699	90.51402209359568		11.548663274205529		48.76375330742881		26.597984363316893		42.09288113745704		19.249087080587135	59.780004388133335		58.10102086115519	56.42782911794933	91.4515883780047		34.41092120186368					22.449631919574504		47.80833925778547	265.1877680093777	15.556221693356749		30.33161103308145	119.4662187345768	1.0044910179640718				175.61471538887216			82.94132828353231	17.56775184508278		31.71286855707283	81.51287009346495
Gemmiger	Ruminococcaceae	Clostridiales	Clostridia	Firmicutes	Bacteria		291.8873914113077	98.6545081913513					37.49300860439246				41.9391047627717		97.87652412788913	82.09438924078971				80.94311472370119		86.37927025078248			29.31080232847945			10.272790370358033		47.30002109697247	179.2330029461543	236.2958870583153			67.58316015313996		226.29510505565077	41.576028069612384	192.34022934581893	603.3825362858158	67.62965091060998	47.219714748483625				127.25091388755855	97.43259661828353					49.00478092738488	14.81278294244376	73.00141435118742	92.91792311563964	34.57303032376855		100.30323283951584	159.66494192805123	69.32177471637438	3.031915414190348	224.8182916281091				35.330694002114626		199.0004305485377	19.262831681695324	27.62631979183416		22.192838307079697		64.07818672403096	55.79240336193429	202.6919343877395	18.865796982247844										17.7915857605178									39.345942889368686	
Geosporobacter	Clostridiaceae	Clostridiales	Clostridia	Firmicutes	Bacteria				17.097140219311026	18.915658266941215				17.960633995259883										18.06405508931628								35.72246007630323	12.225999205896604					18.83474912093935		19.33674041603631									25.205828987681528		15.71681590673376			18.3216945960074			13.0837251351964	18.448806951534884	15.566641676223622	14.148447056211085											15.372889570754817	13.922980388410908	21.302264716664947	13.860138273326632	19.16499359558529		26.47926112890037	12.641927018997071						32.84744534247978	16.36614797127602		11.723375379107605		46.64217803605888					16.20362107052735			32.28999394418989	12.208158766579595			14.582365111746812
Gloeocapsa	Chroococcaceae	Chroococcales		Cyanobacteria	Bacteria											2.00388349516158																																																					1.10219032910088																																
Glutamicibacter	Micrococcaceae	Micrococcales	Actinobacteria	Actinobacteria	Bacteria																																												18.10370034566793									63.330246008724004																																											
Gordonibacter	Eggerthellaceae	Eggerthellales	Coriobacteriia	Actinobacteria	Bacteria																																																												1.0106382978723405							10.167627303337923																													
Harryflintia	Ruminococcaceae	Clostridiales	Clostridia	Firmicutes	Bacteria																																																																1.001111111111111																				14.315910858018064										2.2333333333333334		12.04592116814281
Helicobacter	Helicobacteraceae	Campylobacterales	Epsilonproteobacteria	Proteobacteria	Bacteria																																																																																														1.1166666666666667		
Herbinix	Lachnospiraceae	Clostridiales	Clostridia	Firmicutes	Bacteria	29.87513606726952	40.16158634418509	12.56608601202659	18.746829713179626			35.569524314016185	13.874830708173551	27.736631393351537	11.727656007392376		21.41738801404296		11.120401830891051	50.22572306886416	25.404884655169283	11.5429203735566		19.855701145714068	10.616670718703466							18.83580307899695	16.098423980834617	62.47208445370894	18.18160696120996	19.89185672169354		133.6789285128419	32.62959379051276	13.828838826972754	25.65746457738608	70.26101212659611			24.460882725312526	30.54575092886604			13.545213392164422	31.716090634175057	36.01624183861131			41.122448625300656	19.14491352200184	29.63143341369336	51.42193721259329	40.81052576178795	27.824319557336043	44.93255279664732			44.60234182110815	30.06608752609912		26.590714311533432		12.920439441842282			11.776692266764467	27.857548646299364	21.43158601021966	33.14209740053408	15.97374371363902	17.767956797184343	26.504725542850448	31.309271447368896		10.663856271183509				35.705030388598345	22.41505262601575		10.322953592694928		60.089457175002295	1.0044910179640718		12.663690727920477		30.683379858675863		1.005586593525655	42.84213441446222			13.323265388677962	70.4993960616906
Hespellia	Lachnospiraceae	Clostridiales	Clostridia	Firmicutes	Bacteria		11.658265241793732																															10.202944768864876																			17.91391391002346																																												
Holdemanella	Erysipelotrichaceae	Erysipelotrichales	Erysipelotrichia	Firmicutes	Bacteria																																																									30.248509301246106	15.04277313413453															29.68847609898524																							
Howardella		Clostridiales	Clostridia	Firmicutes	Bacteria			28.202382838251285																																				22.092528433920247										29.55278959541109											1.0106382978723405														10.192106504467024																						
Hungateiclostridium	Hungateiclostridiaceae	Clostridiales	Clostridia	Firmicutes	Bacteria		196.41017155087232	89.00785923766193	184.5449816436325	127.13281172819094		162.8125531212005	121.06523027494991	282.07917154560033	22.99748004706137		185.2722807386933		87.91824209472274	273.4261215036567	157.71280511863506	114.55112196226584	1.0625	239.75200272934	148.2842658060971	45.04652086556401					60.31711169413212	378.2556926094052	262.8137065987752	269.6881257772205	142.7591601499194	20.96338371291341	90.27361656664758	335.6290755357091	159.567773331726	173.01784481483415	55.12220298732187	299.48207739020756	37.91576160205034	72.57421604245869	137.8821730094611	139.5260297825659	9.000001395888507		360.0754463747883	190.95983661679938	365.0704342394284	77.59713702288013	3.1500000000000004	189.51306131582217	51.6568117658251	225.46578009302723	162.52369261221986	267.3211218574374	298.6736411408544	161.12487803141767		47.44189505415834	137.1405065438266	262.79086909905544	2.021276595744681	264.1565865310703	33.318999818827294	96.75255553267246		61.00576988071117	429.35776994649956	429.0834060658542	267.1993921363562	188.9680485799268	149.29978875813896	72.19599824162508	297.97798348810716	74.70610284483908	21.37644953046111	69.12637922377145	39.83669432911118	54.10763453583384	1.0476190476190474	217.6070452107403	493.90940389799556	157.92526965734842	64.05340951292538	59.56814499906537	746.6466590091115			88.30546167282934		321.39516506974053			771.1926229664098	84.6773105684758		193.36426706698637	177.54659366671567
Hungatella	Clostridiaceae	Clostridiales	Clostridia	Firmicutes	Bacteria		781.0748291884537	242.724802384118	288.07911249553524	110.33300509394442		192.65166686229404	347.4901979333757	256.82994451032874	36.89435710402808		459.2489852188247	36.80096908717637	317.71449984204685	553.1020905288841	232.2939067436532	112.07050638287922		439.6557154317645	188.86440083034512	399.9525094284102	26.70412847180801		185.58342161046104	21.462517602122087	87.25399987869207	213.61838316594515	465.5529365965712	646.3585804975668	458.2271192153272	258.2231716111781	68.45422822755245	426.4653398953057	644.2358998610433	80.46285583920569	233.2307266571001	570.8030950088607	222.9410909147421	466.498594444511	242.13032102979847	420.0087131780629	4.795617934523807		271.7959795869873	562.0633663182372	443.53556393930137	133.73487244830187		225.15234143884248	187.738939393864	401.4008506885243	1090.5612083147812	567.4752258179313	626.9465177735109	272.03313445621484		311.9656397520393	698.2556590168031	351.0394871743846	2.117882781685891	629.3713836892318	23.714554104875564	179.22775686350218		186.53041554492955	190.27073623405892	623.7793423532254	164.996742333085	491.992504844597	97.60831150845664	118.08535996686886	245.6924246332281	360.1897390825673	134.63544640127773	221.5277174471679	181.59131162225128	56.60978872224518		293.4984703823662	352.2044596257747	60.39522559325899	72.01846129823768	44.6377437094452	485.9522411556302	1.1081172723119428		105.77665802463868		321.3081100535047		1.025056370115093	569.0935608107677	47.04877778060422		169.22083675502847	279.74466588187113
Hydrogenoanaerobacterium	Ruminococcaceae	Clostridiales	Clostridia	Firmicutes	Bacteria		39.88910178911747		21.81376892834421			28.11820627788834		59.43109888782369	12.760998888332177		22.95436111212884		10.451702566495468	35.37839757724627	15.2993078159147	13.323380317362806		61.422191539379874	12.61301261857085							35.92193796475763	35.354858917952626	68.54108611902525	11.311023561072798			36.87562093163945	15.866081990009988		13.509555855534613	78.32115277274733		17.66135161417597	27.660575861311617	15.906376750232308			28.11708568748058	32.83257458436014	32.21736601700039			29.876746421595023	16.95801251795807	11.730682379003364	19.91154603291025	24.063115186644374	31.75571254682082	25.9718464032111		20.825799262273083	29.281074558708514	30.654889818271325	1.010638377953844	59.07301295215928		14.65888805953702			13.85058418661566	89.79341687946892	27.44794595200787	45.97826833265651	25.83866793678744		32.49093330613445							79.89701324512929	59.11677216719994	12.59684761832482			74.74789411089446					115.57759384369136			96.17761346146575	19.681927695496096		26.25021025264847	29.306896804797628
Ihubacter	Clostridiales Family XIII. Incertae Sedis	Clostridiales	Clostridia	Firmicutes	Bacteria		84.4209797802323	60.28851620510016	493.2814090673603	128.51412545015674		397.1214352745942	98.84450229575508	766.3670497916396	57.49183216414367		96.91899910179514	25.54769367287998	169.64011360838697	335.32374620724	215.74151152600456	105.57864839496882		138.8616314595631	121.17316265117496	28.83577722112165	15.836907419115375				96.46041577145002	389.5056867929907	348.61724603949693	517.6099571228053	37.12267076948489	116.97329435196605	83.6245249666356	768.6099410981452	108.7044872778805	250.60172959755965	39.94982384156804	370.7526731260958	34.74443656322167	88.60095333876363	128.2423116741621	272.7918779520353	6.169631147782377	20.662694090455545	691.6093579013954	75.38037771722892	314.9660255695762	86.24900067721182		420.45649259764656	189.8292428149924	234.46898266186625	830.5718480835479	583.5804150771136	425.2757966047701	368.3057459586148		45.1540835105082	108.72410200225497	269.4667663011223	2.0162380898124788	263.06342166823634	13.125775241875465	137.60152352847402	30.297232358369072	45.54427473902555	334.7309806402751	270.88470763829054	263.86996252666955	603.7674064990173	193.0646806419849	107.55385616918896	314.90824460586595	317.93203211118924	20.0222000006874	37.37328601635246	38.80650467265261	71.49132512871483		1067.5058640491447	663.8013930597502	122.96940596147329	168.52042209888936	68.66579231698435	1186.744942367274	4.893141826120901	44.4789644012945	98.97242842096271		695.6728642861974		3.016759502674634	960.3221035712428	182.83750319247144	4.466666666655984	138.62586929444382	184.3407592789848
Intestinibacillus	Eubacteriaceae	Clostridiales	Clostridia	Firmicutes	Bacteria		284.2484707109131	88.9267066004051	13.086783887541536	212.8712481923957		20.209011208267764	82.18752641023525	498.0735993086533			241.77796270202109		98.71579037740206	78.03248703762695	241.03676966855176	69.94662115507683	2.125		33.979613369914766	55.60430437410254			20.13307053264248			37.65895733658248		30.95521682223422	136.05412170116756		48.73559326495806	40.732408190844666	64.74699745854468	93.39407934605012	35.479477650713626	13.948401930659758	70.36370505463725	95.46533363339417	54.43233999128525	19.2179743285581			202.8179028400796	94.19958489950936	155.25468419301825	61.970783510178265			15.394469292626331	189.74676135124744	61.77774099554626	25.197866204816503	22.40521633753954	25.041445776023878		60.19547276255971	135.79971133538615	23.51396872261151	2.021276595753797	20.01732188391984		86.64452985665949		14.301922638773116	134.49101646650925	24.773436075987952	23.933276315036604	91.70619191057126		20.709742678414457	45.62498447150431		29.74017697907539		41.486663680668215	46.77011775479654		200.39386895837228	42.40988919324378		21.57997021324209	89.6668116279707	311.83945497166894					297.5716174100504			46.43497887040645				22.540796794681025
Intestinibacter	Peptostreptococcaceae	Clostridiales	Clostridia	Firmicutes	Bacteria		101.3593560732965	83.20207186325204	98.9605800200814	276.030336237171		56.70838297366991	134.59312179490368	237.17885612132724	38.26255562894016		107.1244178114501		199.302384359782	173.62542078107958	153.10383255514807	89.68393243508815	2.426430912908482	150.01981255923553	162.91801707538175	267.57982171547746	19.08270204421189		156.05320980788696	19.185088104412703	46.06837535990375	250.76804232545504	117.00291529739116	230.7709582089673	32.206553093578776	180.62580790584624	42.368277323425694	124.07834669108932	77.06115197875393	135.61208577997024	115.85206738540484	96.82131179871374	56.81715527109373	122.38507042289744	140.668580087494	331.71484143454825	3.505587044203118		86.05244196829315	76.57384048135516	135.4858331556134	50.02136099625792	1.0500063188963362	203.0395189870428	52.02913732517254	690.0313283585753	152.23411802164185	572.9778730638445	891.6753586575878	182.8316197494228		43.27342684533896	140.04576308994612	552.9779354003521	2.2146794236619844	328.54889784845955		61.495993855548384	8.011345434755084	101.24152766724671	405.65495350828326	392.5278909036505	163.40985159006556	312.4626716918496	145.30471803314396	135.03243922063265	196.41383473516603	306.13503120659806	32.91309039216247	72.01979331665571	44.23414999343464	29.146294525023123		258.5468246180069	214.89174376141983	127.24697112551324	102.15880911839966	41.73781019444144	836.2071355525491	6.362567303732744		33.62665756872699		129.52685012628385		1.005752003032555	728.5290441388959	82.40173202332016	1.134271456008746	302.3634112265433	117.9959814650536
Intestinibaculum	Erysipelotrichaceae	Erysipelotrichales	Erysipelotrichia	Firmicutes	Bacteria		44.11800813467524	129.29218269754944				17.888777280444796	628.939947000905				175.51407438215784		181.72442386397427	3248.5960927671063	193.20640449582717	16.310251960021546		108.48625470704977	38.34020919249046	195.57073265712452			71.05368749356424	14.332678780515112				263.16164205829483	62.310624447734696	221.751924109092	11.232120994619208		53.23762417406599	14.131884057971014	437.6411378815815	164.5636166389472	31.063864965043123	146.62175249862702	121.9544441727429	194.848545537707			111.63949505602172	130.51603231160118	1464.690634995953	106.13909886982196		40.10891377476675	16.331996690217046	174.58858781721236	74.27521062237703	900.2018081238601	1505.3776974789805	11.107738918881951		58.48034890971199	234.5815923468452	754.6504479572101	5.054087999227559	1070.488589702974		74.36867876113419	8.008888888888889	142.0036788374563		321.39637765946594		3257.653074984798		87.9421544599216		6588.468430278991	92.7506777942529	442.27628763818143	61.60515339563781	11.326214574898785	1.0476190476190474									448.2108688059583		20.05441651321893		2.011173184357542				287.6262302985761	
Intestinimonas		Clostridiales	Clostridia	Firmicutes	Bacteria		71.87556092104792	56.36237104341486	280.1505527023901	235.70625483687527		213.9074397734664	75.67247143822499	717.5428999336938	87.92424214664202		85.67795731847814	40.97030323157344	130.0315718645652	184.471970510886	210.32349731256707	91.02559115690404		165.9830635065409	139.35500737218686	71.45660978315357			14.698398519711397		51.56150255814601	483.5825629081229	342.8160064442538	361.1863010939495	38.01688511593451	27.70123123613264	78.2387228897544	480.5383179300648	96.22353172155478	209.64705350854655	72.60652857458041	256.15222038033	12.117209493948089	36.83104228538557	195.85296580039423	254.36453050177403	14.672926568887576		312.0056835495996	59.03127903408258	195.6703512424055	37.67978313132956		442.5389194021429	142.86700144035734	357.66854676125814	683.63881864718	238.98714360870048	370.3806963635059	214.53716511278287		54.41209872847025	78.71594248920213	329.1143407508854	1.5159336947612572	235.27195141574663		77.584481349477	5.506110636676295	63.919135645274245	420.8367360116624	202.38985042141636	332.8347934075005	587.4816999682538	255.24559119055675	73.73016258171035	303.4576507691941	101.5924645800198	18.55074166277653	40.995365015167245	15.146012696997907	56.93874559241363		873.1395546274276	452.836147149443	192.679027774719	72.50561758782241	102.39582978842806	579.5666519350409	1.5058773776228735		69.97279047339232		541.8849564847068		1.5111868382016769	372.5545230360016	79.94650242598985		214.22606817434425	380.275458515254
Irregularibacter	Eubacteriaceae	Clostridiales	Clostridia	Firmicutes	Bacteria																											17.345243715327474																																																																					
Jeotgalicoccus	Staphylococcaceae	Bacillales	Bacilli	Firmicutes	Bacteria																																																					21.07555768985685																																											
Kineothrix	Lachnospiraceae	Clostridiales	Clostridia	Firmicutes	Bacteria		33.10546819842885	22.408601490742967	40.92587710298446	27.031737514960927		31.75555029771034	39.51976959650434	17.714318045142104			72.52233093573739		28.235529166142573	50.65223543745906	55.90108674574132	23.721009720108004		18.23885574057613	74.3441904312866	19.826905614762406			10.896526109034571		23.175765114430376	78.25416196432678	40.327543865569744	65.83056461899167	17.57484692002756	39.97081274663709	14.289051588415902	268.2446920241079	19.142944884115376	24.03136714456612	34.25615734047059	58.03876925097565	17.511023670871904	50.91234249518288	50.627580928091376	37.03673328264681	2.0000084895764267		26.25538999867112	38.46179739253763	14.136080060486064	16.408109212665394		21.45586953167033	16.661425637915812	17.50149190143247	20.357667341133794	75.79144785735691	49.55271819186922	27.72116019514627		12.203478505662988	45.78448009328088	24.52805819179389	1.0106801806064811	30.628469617291397		11.697312010839545	4.004444444444444			26.193397691986608	27.579548763105183	67.01510965901807	15.90909836089264	21.552505200293997	69.489050022095	16.308691141089565	14.511280281133152	51.5137460385463				86.02294154006061	68.24638939524239		16.973314814762457		14.013392948099362	3.0137022993331204				24.110891934696			26.32948483722199				68.23791314401018
Kiritimatiella	Kiritimatiellaceae	Kiritimatiellales	Kiritimatiellae	Kiritimatiellaeota	Bacteria																																																	26.070467764792408																													1.0476190476190474						12.0279937783045												11.041677943166448
Kurthia	Planococcaceae	Bacillales	Bacilli	Firmicutes	Bacteria			69.52034564095668																																																																																													
Lachnoclostridium	Lachnospiraceae	Clostridiales	Clostridia	Firmicutes	Bacteria		505.92822070503496	327.03784284114465	221.8353712554955	84.43827194743886		307.77909765406366	279.5671794568274	235.69846260613943	320.65713220007166		300.53944053505927	20.49391497040105	339.5420529201049	631.3982354002083	257.6485740707328	119.48430121817296	1.0625	376.01962975807515	200.42908376435867	347.6036494486472	15.167144181887291		95.76781916507034		42.616856268207904	413.7476828940275	402.94500349599514	1389.0356683072062	238.87970612546602	1887.0954930104872	93.73600029541132	1868.3522840807118	571.6237297968325	112.11869747228555	205.18560724304749	958.0658699647249	120.72697571705179	308.1541113362949	334.68267916422184	498.83896578122545	4.926234730592868		416.38800819046895	260.1525957808214	424.0983625496102	97.67965966645353	2.0999999999997976	961.0000970115012	186.46737118277986	574.0712670435738	801.1846340650266	1542.2036888729217	1657.527352058825	291.88052733889754		146.43938576946553	309.3446154578206	728.9537105029166	1.0106387699296784	870.2309810626854	30.290250558174147	172.38106879698032		155.03264651874645	350.2773616289774	688.7586602832484	326.1166728134312	604.8550788086071	409.75440507595835	131.19792212849757	430.4114990574792	4931.380809753333	65.81532420882812	214.1313491878986	113.01243390287715	31.29212494563218		427.4067691708701	739.7866112003782	447.73479987999394	733.315642915458	52.68411445382138	950.7599238664192	1.0619640557742045		462.66594092380956		386.51520224197185		2.084012711687315	1203.1193581129596	207.25017803045705	2.2333333333333334	343.4974315099313	785.9922627950583
Lachnospira	Lachnospiraceae	Clostridiales	Clostridia	Firmicutes	Bacteria		127.14502515781548	54.53358326167927	18.266194733197928			37.848863845314	38.42443387878011	15.427103308890985			57.550243015455294		64.83420440640792	104.0661409662838	15.452468168251157	16.096437604346054		68.41664085623832	19.1384437472754	13.910217452059692						21.284773587739306	54.2882216699287	44.629056515458295	187.8073545177563	12.449524266779116		16.609093415816233	48.724229363339525		41.323140417054354	64.64967851508719	23.81400245268578	103.61914744686479	15.073311123551733	36.21913972076744	1.0		16.03246009491846	140.45991442375586	96.16289446332848	28.83476323689509			14.279679627234415	22.089703996954476	58.98533131739736	21.308381212991144	41.59733380652678	23.043075167808382		139.8271406004922	171.43313224472715	19.64089401321105	1.0106382978723405	54.74019125058515		11.251107711677353				92.59926921500023	42.20520275499439	13.409398483108571		11.045214532107725	12.884721674812674	22.40929255484085	18.505838820932347	44.32122055417701	13.427126822219927			12.21798289955245	10.08294543913877				21.623227365239465					19.08949752317469			31.771882274458676			11.256069980667274	
Lacrimispora	Lachnospiraceae	Clostridiales	Clostridia	Firmicutes	Bacteria		1941.010746492577	647.0399628928673	779.0883147548182	312.29537822087735		812.3189802041456	781.0709441746051	634.2232136135451	156.20803137764307		1062.3325565432817	213.72652714476143	875.1654235796999	1543.0965051683138	613.0538480729643	275.48483072755823		1141.2329938138355	401.0543681279671	824.8358840309329	52.72780356687107		412.3120888812571	56.67540046500229	320.59436477100854	586.5656878233558	1294.6479401734202	1662.3547905585463	1338.4546334828563	986.5445964691539	189.63524978973396	1282.988362706385	1601.881691572504	267.08899761678657	583.5423877246964	2073.63013052937	369.9588595223747	945.5402326811719	801.4684342419398	1525.0887269293353	10.681764358806667		644.9234592775089	1620.6539671196217	1502.6794253874234	276.1599021181541		941.6517784674083	506.34020210592945	1671.5416450815073	5088.332025612596	1538.9893319634314	1835.8570122364872	941.8673274373664		873.7419608596235	1646.1111164347142	992.8545046673178	16.064304962220653	1557.2479785384764		465.1711944322871	16.099825210138217	508.20817277822107	526.1213226808052	1710.323346780594	494.2708441484126	1393.0332900259948	280.4736417237132	487.8974892959376	644.0939983357083	958.6351629452405	233.5285493625312	778.1908458253542	456.1441130506158	134.04386657350946	3.139337102131825	802.0968720843571	985.8393060063364	178.62846889593712	187.90711889465086	117.58935207163674	974.7188224316466	6.043941823091887		384.3121532879587		902.088595536665		8.853005577971306	1331.3346598760536	113.78786745641008		487.2126495316665	919.1004158567256
Lactobacillus	Lactobacillaceae	Lactobacillales	Bacilli	Firmicutes	Bacteria		11.03103593645026	24.172997553838023	1330.1573693308158	17131.460500703102		25.878425089747008	26.130531499886786	4045.0074773784104	874.4228360475825		10.038369784629351	36.6372643762706	26.13784767391708	297.65653732892605	39.450392334889045	11.213298222514812		165.88247796758506	218.2188689738684		61.74998505388118				2893.2780253010333	4189.283652618008	4110.079721173913	332.64906301646835	32.16125959036706	253.0933153004016	12.253222902412675	883.245832715604			102.5844508649012			11.046325348693676	12.089227686579267	120.4434445602128	296.0005414652964	46.87312186978297	730.4329311948027	36.5014437209493	598.5955853180835	101.74787804916508	7.350002476757899	3160.9026405261393		11125.49221911521	421.4360266216159	265.7925051009224	213.62093777041866			270.3851985289394	130.42904235414073	521.9604619675691		1160.6533292514086	227.1768791863061		21.023333333333333		17643.372920294303	63.2797240203837	8300.338016256272	863.0570590411239	1724.8872934142228	128.93330854108683	4045.09987077587	1009.2368315289876		310.68308964477626				4241.354588743308	2155.4702905125287	692.7302946448518	2276.1910510369607	1363.2297525948188	3480.286428725644	1.0044910179640718	20.015533980582525			1557.6569973733078		1.005586592178771	1908.848159128845	500.93823558093044	2.2333333333333334	219.62863622970832	2165.013400915743
Lactonifactor	Clostridiaceae	Clostridiales	Clostridia	Firmicutes	Bacteria																																																				13.283499314897792															10.710090627864613																													
Lentimicrobium	Lentimicrobiaceae	Bacteroidales	Bacteroidia	Bacteroidetes	Bacteria																																										1.0																																																						
Leptolyngbya	Leptolyngbyaceae	Synechococcales		Cyanobacteria	Bacteria											1.0019417475728154																																																																																					
Limosilactobacillus	Lactobacillaceae	Lactobacillales	Bacilli	Firmicutes	Bacteria																																	11.213384601305917																		17.028113941838374																																	16.624292804245165												
Longibaculum	Erysipelotrichaceae	Erysipelotrichales	Erysipelotrichia	Firmicutes	Bacteria				33.088075502046784	33.05592902248909			38.15778002624524	20.06991195398524			27.103598500571483							43.064469495866746									34.63994672103222		47.47810044467632															74.65756940869244	33.57484025465276					54.823040195324616						29.243691567680923	48.84382448828202			23.062231683018894					19.04972413343532	94.53593112728196						25.172086297689184		15.063216609853749									20.046656298683427												14.069604372241312
Loriellopsis	Symphyonemataceae	Nostocales		Cyanobacteria	Bacteria	15.023465703971118					27.82777052754947					16.94382771952037																																																					52.15178535322305																																
Lysinibacillus	Bacillaceae	Bacillales	Bacilli	Firmicutes	Bacteria			22.551627384936168													23.26561599540538																																																																						16.679611650485434										
Macellibacteroides	Porphyromonadaceae	Bacteroidales	Bacteroidia	Bacteroidetes	Bacteria																																								22.55443128439773																										25.6840982675425																														14.181054454405375
Mageeibacillus	Hungateiclostridiaceae	Clostridiales	Clostridia	Firmicutes	Bacteria																																																																																					1.0044910179640718											
Mahella	Thermoanaerobacterales Family IV. Incertae Sedis	Thermoanaerobacterales	Clostridia	Firmicutes	Bacteria									11.740337445071663																		13.747192617356037	11.72697972169723	15.674596297476276				24.298719744724178				12.23861325544231												15.701340439121008			19.12098642883137	16.606738364196808	17.057001300244053												13.1997507300274	17.904779289552696		19.07590984481076	12.25689347270947		12.663732650179629							15.619549566254683					25.36405547552017		12.671730251939218						15.122804886546383				
Maribellus	Prolixibacteraceae	Marinilabiliales	Bacteroidia	Bacteroidetes	Bacteria																													14.239032922563553				17.141709978345197																																																															
Marseilla	Prevotellaceae	Bacteroidales	Bacteroidia	Bacteroidetes	Bacteria																																																																						16.32496604150731																										
Marvinbryantia	Lachnospiraceae	Clostridiales	Clostridia	Firmicutes	Bacteria																																																																																					1.0044910179640718											
Massiliprevotella	Prevotellaceae	Bacteroidales	Bacteroidia	Bacteroidetes	Bacteria		11.244617319498738	13.55337059165615												15.135195947375308												11.703176291989005		16.90913568451663		10.456071887405283		23.723553113528503	13.67991476929822			15.956720368976018								19.5590536217007								13.538500002288348	11.232837521200707					12.97948236889411										20.057465478561102	11.355850069556189														29.885660154839726					19.526047741498765			21.91137145880368				
Massilistercora		Clostridiales	Clostridia	Firmicutes	Bacteria		46.85834392266385	28.31739147084132	41.78485364735088	33.9674687212394		33.60627816693043	32.65662883590564	55.05702524060189	11.981573994449382		25.00023255371944		52.524066614024974	55.1807783759338	32.38072793880502	13.30238506441283		26.61112855633365	26.844536817587592	42.098256146295256			19.534696861280064		22.48980683407997	82.24610619063337	66.62307778957133	62.30317149478376	25.06387740440049	35.148735573251535		59.59147416314561	64.18584404569927	17.390394817868785	30.72257153476129	59.99721605241801	20.808773734352787	35.28183299561252	30.461543566427107	34.94302164044786			61.2915136304123	34.980995847032425	57.08222949733927			31.892241173564432	15.054302793693102	116.9537634014236	54.97102519957711	105.53300333473824	92.70046937130624	18.73860755621681		22.551603695524324	40.76308183937521	52.331193069252585		62.9174974251005		22.292611645394853		17.47648380865308	52.62684368775479	64.147887077022	74.61424513344657	42.57611817879982	21.395334591126687	21.267278496792997	66.47738518381742	44.61894419626691		29.622319806664525	14.995865545142893			60.859252289555066	65.05317324086056		14.32283085345115		63.17111744486942			24.03167891652889		42.25508285737224			102.71949494468709	15.922749658624992		24.00840687341984	33.45154023909105
Mediterranea	Bacteroidaceae	Bacteroidales	Bacteroidia	Bacteroidetes	Bacteria		17.605541860237267	27.532683375201145				45.06468566640687		23.178208766940624						26.952696426154176	32.37664729318321	33.82612172207895			27.58677834140257							31.67939639099359	19.13070793419613	56.51353066409481	17.4159370761274	21.01602538482087		29.06018096081727	32.48081429877308	41.726328337518666		54.4468729832082			25.700426351098645	18.32267971361784	1.0		19.41430153768593	22.21548520636974								16.463836350922392	14.104700567601748	33.92733145562021				33.04269465344765				28.55878358511773						28.036929509741658	30.94190561054289		21.730815165100623							36.19226318133626					19.88145383428387					25.995604411256164			18.86270455871385			20.49247716100328	
Mediterraneibacter	Lachnospiraceae	Clostridiales	Clostridia	Firmicutes	Bacteria	17.341470430925433	2494.0774333531426	1047.2606048057937	1926.6114175028063	443.44822131616013		1002.6763287258086	1619.4261109724885	1677.0091032650987	154.26917168338747		1721.2304379552397	149.25857603620233	1142.5427622972193	2654.2594475190326	1059.9206038425243	523.9227886664112		1925.7834218666599	818.7691477352206	953.5972386608573	184.07917819387131	72.52166196690993	419.4779277369553	73.56587432184571	602.9890433821911	1525.5686858171896	2603.6373385904667	2762.41094926429	1410.0550907435725	1220.2340938457126	400.0393600880076	1706.5698874367504	1841.9103573024447	535.7033664759188	676.0825360981764	2389.2243232075175	944.0040303014093	1591.5071976005509	891.5574265948094	1103.0038977089662	33.25402439012992	22.320534223706176	1908.1648775749618	1865.4414937997462	2499.9681406565123	565.4630398115778	13.008076455394539	1383.277614756536	447.6542098117001	3022.301564779278	4945.136196536824	2950.424384828376	2704.293856249831	1034.3473708565016		913.4985032491285	1904.7629622012635	1476.8149295470657	6.82916514195608	2530.5099008766956	166.01764742470806	541.2540978321931	23.209024923575527	555.1873853587275	937.4132377294351	3262.7131411212886	1558.037190102743	1951.2159471615246	755.8481062662333	472.91622242647793	1696.2689047897027	2581.2969373439337	317.9293214048274	909.0304892607687	534.435119186299	248.8607923887864	4.193996231201507	1701.9698372965001	1897.137855650339	400.7639819430313	440.5501694173522	194.67172401769787	3695.0410970391245	10.938797063611473	129.50060573717957	736.6842996960368		1311.3731451470135		3.389060145535885	3792.5300055825883	308.2789479877289		820.7348262759215	880.7696231848049
Megasphaera	Veillonellaceae	Veillonellales	Negativicutes	Firmicutes	Bacteria		23.06489331398121	27.195567087729497					47.23567319115856	61.2132778008648	13.118926085515414		33.1127083941516		84.44587993608164	458.6930248459354	33.35760766709988			20.06164176382372	12.277653552659508	47.20747190343704			22.144592249855407					78.04617882670868	30.15118086544693	234.60276931320567		10.033073025315224	25.096484275651463		420.2935903548222	20.310586891470308	58.44719489031045	63.2704745136452	87.52557334786974	73.27873714169587			11.063372433463668	19.058075662097345	317.6915323761204	56.30145063863016		95.27350582911924		168.7885683628882		109.51890899342956	291.2866083487804			51.45275578477468	92.44402924591898	453.7696979522804	1.0106382978723405	89.34057833121075		13.118865740466486			85.25959645105134	69.30691232453404		589.4439502557246	31.15761317591692	96.79757131933845		134.699268892088	37.70007962392619	95.4550621734224	14.138954186908698			19.063702549473295		48.96748738157995		84.9135104402198				47.844188362221765		16.136752028356252			51.14316453359705	63.16456224659895		89.80719658783742	188.63099740413028
Meiothermus	Thermaceae	Thermales	Deinococci	Deinococcus-Thermus	Bacteria						52.39613526570049																																																								18.17415033490449		5.005555555555556																																
Melghirimyces	Thermoactinomycetaceae	Bacillales	Bacilli	Firmicutes	Bacteria																																																																																					1.0044910179640718											
Methylobacterium	Methylobacteriaceae	Rhizobiales	Alphaproteobacteria	Proteobacteria	Bacteria	39.7048736462094																																										14.508347245409016																																																					
Microbacter	Porphyromonadaceae	Bacteroidales	Bacteroidia	Bacteroidetes	Bacteria															16.804109945547108	14.64336906571443													19.936784703164427						15.111768558505338		14.72587520738904							17.98020378422879																								14.686291245840444											16.828848636453095	15.056281191526947									18.26323320903564							
Millionella	Rikenellaceae	Bacteroidales	Bacteroidia	Bacteroidetes	Bacteria		32.022917120076166	49.81208801348248	46.17149522527199	70.84606434838607		186.30656307542884	26.512132535973382	111.54842171470096	39.67455002479512		38.02169674471045		32.167636650965704	133.84697099508546	137.14595706066962	77.75100969190602		34.94625276716892	72.61599252435019	18.209791959154902					22.0131859675077	143.2653373120817	94.99136086454696	421.516035467785	23.24060908446501	28.228273025759947	46.82529663760394	228.9648472931961	40.51561852853752	136.76957157895689	21.55732691890929	174.60700817552905	16.87334452579006	20.91121769519716	56.99552627984318	68.42861485914904	1.7395232691929094		89.86042497331894	39.48632498774836	82.92508751523883	32.36555547462357		134.85085078745135	73.63150012776897	76.37964438079327	66.78010566854218	153.96100969346898	95.09953078090378	119.93791737698972		16.921290596561555	36.83116888155618	85.82428479519403	3.066911331579128	46.14410052781494		44.80702257758528		22.367133736419515	127.68929976975706	53.42998452711055	163.57793957565275	122.10236902112166	204.47121209154164	53.18686152550919	162.84225167669837		11.481701310544585	13.734945942275443		28.16358858191765		144.38218338395563	154.80241193843423	70.60167926525018	27.859676499230183	42.40479146291934	223.70672079778896					155.87394654197146			95.10056502499096	11.40733015542178		74.52085527733956	152.0291030710314
Mitsuokella	Selenomonadaceae	Selenomonadales	Negativicutes	Firmicutes	Bacteria		151.35391840391236	99.91726449288096					96.58343321305522	50.17481619655404	36.32618228400852		52.42630128502875		298.57698431696684	1294.1201461515172	178.50358732360283			28.19909809516181	16.156064266507833	284.5101487188517			103.71111260218706			32.13259540504495		82.5909524128597	106.36151323584808	449.63524359500946	11.232120993885127	16.053030705106217	50.04841146346197		716.3801812059562	30.15665751321972	165.9160778408012	292.0464793179034	194.51472618355368	342.45014151541886			71.40908022391874	61.14380532432375	290.07290478958214	47.76464026315574		199.67563811311388		41.91052739033948		307.88070073575375	998.6696274582789	11.40183828843507		176.20481037051482	357.30017873177565	609.2351037406523	7.074468085106383	177.25258978569485	27.261225502356737	48.43939099005117		66.48102190404684	18.055011602241212	35.15783922254213		510.94655292909783	93.4811382635698	59.47734057166507		426.0719006847336	172.72797074762403	318.91579962495064	38.37716136442544	12.35587345169845	1.0476190476190474		14.267606974778046	134.25985309449817		53.61366282886682	14.03256732706509	1.0044910179640718		124.31099949367396		56.39435935055267			48.15863657812248	77.42752792075164		186.43350455800123	55.208562092081465
Mobilisporobacter	Lachnospiraceae	Clostridiales	Clostridia	Firmicutes	Bacteria																																	21.721916141326776																																																															
Mobilitalea	Lachnospiraceae	Clostridiales	Clostridia	Firmicutes	Bacteria																																	12.892305019526264				17.673336607717015																																																											
Mogibacterium	Clostridiales Family XIII. Incertae Sedis	Clostridiales	Clostridia	Firmicutes	Bacteria		107.31578558553917	113.80512925260577	165.26612929357634	35.51833891666779		437.0444205795733	96.25945228653883	169.60274118621334	19.68481166524201		110.55569118648629		175.57530698090272	191.06265057056925	136.85446880686266	90.19267217784034		211.55779412587026	189.6029396783345	36.18640124545308	24.917406943200724		18.00947829455849		43.14945725345852	123.82230435360957	128.68863788977853	374.490417121636	94.58338662661481	82.21020835831841	78.24449035966644	324.7558532876923	91.10679238733728	238.83072217720803	42.227591822275016	440.34392085094885	79.56382562195958	111.36085607856977	136.6081914791686	258.8835130676173	1.9517277163969151		130.89793235284026	92.95384381406802	157.87737340126293	32.70927938289384		107.20293520313825	176.05419898291996	472.1717066116296	571.5178080441958	292.93932372190443	280.9282484741197	326.2960195312616		46.17504548851006	123.74884679615167	122.2346149411558		256.52925138299685	20.1935003721161	112.70588115097691	11.012222222243828	98.42643036688854	54.311965012209306	468.80004215553953	115.70298044922664	540.9770172053244	69.87755672977933	75.59929211772516	85.28172413641843	424.33476777207045	56.04603150252841	92.59198618935936	33.346752264665085	50.29493283282907		330.9892495729285	246.96127145674197	43.07840890444421	46.93831143699301		671.806800937552	2.0089820359281436		185.00054133302154		97.39831164882024		4.022346368715084	274.72316188997644	48.35376705737514		62.52404450433581	26.63468611137017
Monoglobus		Clostridiales	Clostridia	Firmicutes	Bacteria		97.80363169522836	107.20363812650088	130.82120937496268	108.15672445778269		86.58451124492699	101.649198378296	103.7737052033482	35.68701864995361		141.42640631083594		97.21704048559836	176.12582688919915	121.56902988807306	64.3594884319559	1.0625	210.40991918900897	99.68144171972337	43.735772598378034			28.012270159284437		46.87941517234552	212.50279981962527	196.602906348157	231.24551223575403	99.56862347154684	74.00247015294177	50.605111203007226	180.31489956852863	101.9815483395355	86.80566313744943	61.60223071223974	232.6131228236565	25.22479883164436	62.14788194294197	104.6190079546389	89.07679300425394	2.999998603862956		183.4416703483896	125.73646586799973	236.8644223790671	52.24182837738015		340.1577157380252	25.559154581385293	198.8878824366065	83.60941714789251	269.7603259557341	385.4950992019913	139.4730299108241		50.61819983761476	146.87726848669436	124.79602422077431	1.0106382978729964	226.07069812841533	30.29050473560425	64.99327356476137	10.011111111111113	51.27208743085486	251.3892733564359	329.2564013352352	168.63930278503037	112.38075940874616	149.81725142198772	66.12392763958368	246.86614931928665	65.59545071244924	33.05785840653059	42.18544037848619	20.591284946906008	40.23903947540421		149.81845163966318	261.9765783533207	150.9464787696895	50.46971742246835	43.97833320182406	446.0044975215561	1.004491017969788		51.744378499026766		111.0947212679088			443.68037340561546	84.90463129620429		107.37746475549704	227.2150472508209
Mordavella	Clostridiaceae	Clostridiales	Clostridia	Firmicutes	Bacteria												14.334269259385149																																10.442773754607217							29.76354003704441	28.91812858832592									12.21890015395144					11.34844256420178	11.339141192892123						10.151115040080384																							
Mucinivorans	Rikenellaceae	Bacteroidales	Bacteroidia	Bacteroidetes	Bacteria									16.167582116246443																				30.06337397514739				27.71986210625673		11.110406224433378		17.090616802544453																																15.131081935540069										21.303272132141643					15.81069832349198					31.47701436613897							
Muribaculum	Muribaculaceae	Bacteroidales	Bacteroidia	Bacteroidetes	Bacteria		46.379161035240045	70.39974626025294	274.47076616977296	144.77144627843788		105.02752112708806	19.727081445902947	144.92833340777435	77.78318357185096		31.87948433298549		38.97566265192698	156.93390698145402	89.02857179042734	44.35786386802551		87.06131959392843	92.22869017976576	95.54816265802002	18.46345141743747		69.48704737460386	23.619126153351903	44.6110013956913	142.4720224381322	190.10026388620216	240.0627446405808	74.56659409211369	327.00989874841093	29.8452289354331	179.32436511626852	67.02210487360234	42.47422285253381	302.1522955014865	135.5999142157527	20.27895838399489	31.514147827209936	545.5682347526389	262.21804399812214	2.000007715914843		77.6324631730759	161.78304703829386	201.04539398568252	58.65801877601877		186.75471103113205	68.85394832439624	282.8368033288802	158.05890955387002	333.3966394787004	468.2777472858132	244.0865256157323		21.02776413578554	56.03686846358588	225.14814395890284	1.0107201257718297	174.02979529238144	22.02175744103103	19.10679328214042	9.00999997274947	133.18062138203007	332.5659311700985	190.2620116352528	64.07868719866744	154.93205782327652	237.54348756737303	129.73573445199136	118.41619981114358	65.2296949913795		161.5140527719428	27.61208574364679	14.586725841244087		182.99270135885092	143.03084162126729	89.75688223949011	42.0275396362276	186.84733305280088	437.92974035246255			31.42177435784442		121.13296011362904			307.6604039838369	60.40150865671386		124.9678207234189	376.2119072728244
Murimonas	Lachnospiraceae	Clostridiales	Clostridia	Firmicutes	Bacteria					11.393901898165703																								11.76317989014071		15.195883178707202										10.39885291257428								13.38726049112016		14.213072406229497		26.61970851773591	23.27690647106896					15.00749217848166		12.27244181384228					17.209910423146148			22.15409268956214				15.02128975919156						13.044578574739685					18.999241573187263								17.26573191697568				
Natranaerovirga		Clostridiales	Clostridia	Firmicutes	Bacteria												12.495702040862096																					14.537182457691278																											1.0106382978723405	11.880006304480837								10.706393420736362				13.058094249902528							16.243733835363216				19.30728479954178												
Negativibacillus	Ruminococcaceae	Clostridiales	Clostridia	Firmicutes	Bacteria		108.04458584529915	36.536976590321565	184.17295754325863	113.48429721396695		110.83263991196424	57.78427931271818	311.7780051451441	62.61555240146901		48.38932137506178		34.39888811011416	124.5156448168496	87.22708392961388	43.99508877733869		114.31469499055468	52.04840082671016	18.809937166686083					65.22219298732908	294.818003046616	258.3810021507941	292.46885387669835	54.73267968678609	34.937711051581964	29.67556523182117	369.76346532927374	40.28157155878635	50.12538399039221	28.4605707985565	171.79155499951227	26.95964751116325	53.14037929384478	51.13808845449335	67.1031169638714	3.999925346695154		318.1314571958184	88.35286331630905	111.00008802898846	42.19796579020657		245.46206064173492	91.46065777110624	92.3229665481009	103.4065203675584	102.90647722192396	143.65239707241776	111.2641987940021		53.866430869097	110.6448319646699	131.68906279205692	3.0026745029145627	126.28026064908642		44.68342625845135		50.48091855373894	407.5205575931207	161.97863008403513	183.278848415799	248.6902777704913	223.9791143962512	55.38746060717189	157.31452322754532	21.102939875101484	11.042041364312125	17.189971738414535		23.06271164920254		550.7470233051636	244.5796034489079	73.37953997602811	39.36928759462299	67.12021614894846	371.2893033612387	3.31652538537078		17.303733216331835		276.3333680353623			398.22021335261616	82.19133704852234		90.54631677385365	402.2205748748435
Neglecta	Ruminococcaceae	Clostridiales	Clostridia	Firmicutes	Bacteria	36.485559566787	99.7073553897257	52.55933401009383	226.2266643166689	151.83777955784902		192.8131003035666	53.83600122238648	384.03470063116055	90.66544916981262		55.381347971208		28.8667741827051	144.7860375430864	113.39966772869076	76.25230590652164		116.08817102075136	89.16496898882521	73.68201950071675			49.41980141585415		80.79571846962817	610.1452461960804	371.7756779864599	305.4385654135565	43.33981216296793	48.64107017081864	39.670396288330615	495.9768526861799	62.58760850545978	144.6901325818554	85.67394843985225	149.51667605379097	40.926341510668486	68.807035647255	154.8605773721493	450.032730011799	3.9920393920074857		274.6523776164949	62.7000571697019	148.55909391589205	25.82675054157512	2.099997523255539	572.7842148497803	62.410306341872456	253.1650146440545	149.49760845909827	264.0302141436922	224.4405077355311	246.326026184388		29.014797944730983	76.69176544719218	133.30745127779406		132.95211507851582	134.3145020783968	80.13782019667096	1.0404634160190251	98.82074644602493	568.9844177232056	143.3061563081221	404.0005002140231	266.3143589165989	273.8825726489704	91.97555288106796	235.3607074988202	56.52346652059656	16.28956025049191	74.97680515215883	29.767002138262963	44.89140754586378		514.2753211139616	440.1197966875844	83.82529390688114	62.28514154116797	105.54162398334503	413.8082070055311	2.0267830753464544	25.9397579310078	33.977269006879325		354.8543773322427			203.75449689351785	80.00298004745113		114.76820199469846	416.259937921548
Nitrosospira	Nitrosomonadaceae	Nitrosomonadales	Betaproteobacteria	Proteobacteria	Bacteria											6.011650485930108																																																					5.00555709110488																								19.402388248286304								
Niveispirillum	Rhodospirillaceae	Rhodospirillales	Alphaproteobacteria	Proteobacteria	Bacteria																																																																2.002222222222222																								16.050531914893618								
Nocardioides	Nocardioidaceae	Propionibacteriales	Actinobacteria	Actinobacteria	Bacteria																																																														12.11610022326966		1.001111111111111																																
Noviherbaspirillum	Oxalobacteraceae	Burkholderiales	Betaproteobacteria	Proteobacteria	Bacteria																																	16.882530470343493																																																															
Odoribacter	Odoribacteraceae	Bacteroidales	Bacteroidia	Bacteroidetes	Bacteria																																																																																					1.0044910179640718				13.922194017575729							
Oligosphaera	Oligosphaeraceae	Oligosphaerales	Oligosphaeria	Lentisphaerae	Bacteria																																																																															15.050363626711963																	
Olsenella	Atopobiaceae	Coriobacteriales	Coriobacteriia	Actinobacteria	Bacteria			12.177489687504146					14.067648988840878						27.143318068276887	21.113771094458414				62.27887274797833	16.15605749486653	35.82798210993447			16.105157999418452							87.17667898957947					111.57493711025356			19.03011590558594		139.9392240889561								98.26292905702604		56.417195137296325		64.0753431039022	312.7685576776108				26.56815589267693	327.09591831165795	3.0319148936170213	73.19921339441481	28.27090052096254	16.146296296296295		16.151193825290342		124.55137063820376		23.11241021696984		18.153362977704493		634.6477987121899		27.113789897943963			1.0476190476190474																	65.34270690351795	
Ornithinibacillus	Bacillaceae	Bacillales	Bacilli	Firmicutes	Bacteria																																																																																						18.90355987055016										
Oscillibacter	Oscillospiraceae	Clostridiales	Clostridia	Firmicutes	Bacteria		741.7561713295258	343.0342893662684	1636.416101123813	1086.4818099035		1170.2580226985222	361.7118086313225	4509.866182836268	923.0111957065817		485.4185483200489	95.53669966768624	413.6561428510623	1377.2668765083747	901.5879686472698	515.5236988321954	2.3495597451926464	725.4712691157589	609.7338730281894	283.03688996358875	86.00482084749717	45.84669921840068	152.90522813649815	35.51648033587717	366.0167997640167	1802.2725368119345	3000.105374616522	2472.7023634032803	435.93688109810535	246.38076501848727	290.8193534368966	2617.058651589602	566.0485477782662	656.9819480482722	221.84602453036405	1276.9455170181607	173.3066348051258	251.35646461038735	797.532963116028	926.8278833380817	12.574249441963733		2212.300939219498	879.5010235173046	1207.928807098921	268.0583243322176	5.251903859890463	4043.343541788618	422.37780888364193	1165.5934052857474	1987.3014380187785	2648.869994506651	2153.0238236422047	1236.9764276543663		554.3235029412716	897.0924670984438	1747.9934593996677	14.234444936516901	1352.0392391098233	96.85725067916688	521.941558886209		527.8140216990038	2507.265338102351	912.8383472733162	1085.1524294009596	2640.872232518835	1983.6489394405703	427.4392838469232	1519.1639305911906	474.618001126516	114.60881304988969	226.82426612045612	129.2695450380478	200.2332076982742		4356.222680756794	2038.499582132826	635.5510829605685	622.6024500425558	614.254547696213	1689.647976064961	23.3166604283897		239.61621290069598		3437.855483369122		9.660543198299061	2323.3860059792814	547.654868878386	3.313589583738804	983.9464058353054	2849.956158569283
Oxalobacter	Oxalobacteraceae	Burkholderiales	Betaproteobacteria	Proteobacteria	Bacteria																																	57.36220991269984																																																															
Paenibacillus	Paenibacillaceae	Bacillales	Bacilli	Firmicutes	Bacteria		25.52104347024922	15.10031550831084	32.147683099883594	23.080290308498547		34.20899177557484	31.02466672642095	33.62532776874745			55.931818915789904				16.150500097560645			21.08993175851648	16.64787192411187							57.37272866703112				18.190786740792365		23.3015837809472	14.062508686659204			21.75327207777551								22.77798818328196									21.978107008109305							26.142727272631465		21.476545066783206				25.901906410649055		31.269616558899934			24.806519640172915												55.722365501758944												
Paeniclostridium	Peptostreptococcaceae	Clostridiales	Clostridia	Firmicutes	Bacteria		127.34920485303843	60.05452558732279	44.93031991994143	167.42030529505396		124.74520138672054	52.63916409455541	429.9170959399494	127.51392880565501		59.2799182913811		110.15459213508595	97.72183492723576	187.85589934252965	28.0216005399925		50.85740288927361	57.37528705851284	82.46194918102852			12.938551205466316		21.52427399617377	63.31127612305501	154.35741146685376	105.00039626160319	26.538341180144798	21.02391886409352	47.905420458521334	336.9230454549653	197.84941755318994	253.97837730275916	45.62403989973883	104.8127367670719	26.893881440792224	67.67478716945072	69.55220343306075	120.01996853671352	1.9979355605817		352.21853842843734	127.93614424337589	44.50969932606216		3.149992223811714	488.249984974018	68.8413991324755	59.792415821192776	18.600289425743416	558.8369717199348	438.6576634220398	83.14267357164276			52.98164453455442	364.3127396851746		129.5954513629686		106.93476010802087		77.44462403190703	301.55619200095464	176.22351033284838	26.719760032330036	96.83541839668182	307.4753379542433	84.65914691955865	149.72711752933066	63.58472585613015	12.118748122169784	56.890657471439894	41.4307651948924	47.52131248033011		347.8037970380856	138.3432641941006	147.75826511597782	55.28114429941199	98.65968861773383	176.01360120602192	1.0045132551064606		25.52047891065427		181.5288558051656			423.6909150003037	37.69542879478454		205.05294324891733	264.6627767716077
Paludibacter	Paludibacteraceae	Bacteroidales	Bacteroidia	Bacteroidetes	Bacteria		71.27238742943305	48.9108799089851	161.02425055830955	23.337553269389357		155.0375555524666	27.14961079518764	120.39549817465442			34.834514418293544		31.45742824586119	117.26287276355374	72.63380457966893	62.27570541769872		22.316729445364096	51.30235917594677	29.10327022082479			20.575236872124577			76.62149482443137	67.02021308168663	292.82929905854087	56.884574369854526	39.30547749341466	32.75067459574841	85.7252160667919	71.73521961704489	64.23793304544301	33.039512753248346	210.8389412261613	13.113337013655071	25.780200575496064	155.5105166441979	103.04820168293908	5.167533104067799		131.98015234778663	175.8528485009353	76.75230924967205	22.466445585404003			76.01917782409578	38.30948195945542	51.58080439918922	118.14044865432868	82.54545678066782	98.4177278608448		26.549991366902503	57.00368035596608	63.83598560438412	2.917219361318674	45.81760323926854		44.73339215584062		55.650698255557536	41.379088540486514	43.27704160303855	106.39906240549377	78.51468060145228	43.61685965170858	57.60140122310428	133.81106099940644			32.436780392627455	19.26732052741994			74.08430962377115	84.98911565086497	30.07488207854658	16.99060416588049		103.09959949797032		19.440545826140408	17.538737810268703		145.76078749492464			90.49443754974044			84.69443227883924	31.80706085309088
Paludicola	Ruminococcaceae	Clostridiales	Clostridia	Firmicutes	Bacteria		41.687926627569325	19.42191121008663	88.72087679240373	37.039885203607085		50.42073734171312	27.896457344471752	144.64653202071463	19.54250195914845		44.9955593296494		25.03265005085661	51.357151308534064	63.546731548951456	21.57392508082332		63.52022585508441	25.38826365846064						23.06581769948353	94.96191041088116	87.32390114873265	75.94693036403125	23.82058827585687		15.674317381969232	216.40262017061843	13.985099784119797	37.51154545823066	21.7585887836106	53.76385083094672	12.590953481663568	21.06804342135605	34.256402853245575	56.94664780360403	2.024985199971316		167.04795584941562	37.87361790982832	57.08841060469991		1.05	101.57215234548627	17.782711113179293	58.47657475161487	27.836274917093814	71.17381024777977	84.81283287973795	29.285906384469488		26.927579833663184	45.79007867301127	61.33567069826716	3.058406789823604	115.59030461291186		21.81980238337177		20.84939877330475	75.11858575697855	83.43016541242297	89.95526705474795	98.72757196966118	52.22279257260332	36.989392560758326	72.47364617479047	21.19316756401817		21.173919213058014				171.0025763687823	78.30780034184593	21.57453975496589	47.7890788498044	19.360053659136145	145.37052770757273	3.0134720563092987				127.75294488199911			131.1260015271275	19.923495140487383		52.02204362908597	105.97186886007712
Papillibacter	Ruminococcaceae	Clostridiales	Clostridia	Firmicutes	Bacteria	20.007306588764006	946.7648032342564	486.92935444744086	1060.7220426981933	1414.3431032575068		1903.849144482412	1309.8018507215031	2563.264108175051	129.65970328617468		1611.2859649184834	97.20233004294784	716.6230058376095	1715.7793894407878	1603.1631282702474	915.2851539023904		2584.778593936421	1011.2321878234196	939.4413288379216	214.0293598282728	40.1154023471055	545.5466516506351	64.82506055072159	360.29929644468814	1245.2563828475909	2055.020051929417	2815.095659693244	934.4556436908508	869.7443539522958	511.0119253128585	901.4170280628992	1450.4485514579355	1195.6973991868626	416.68349337609175	2585.696507776175	196.10091608392747	238.3608316524498	1940.139410125855	2088.3762970657845	28.287077993407905	67.19036682194974	1341.0645977225809	1330.862503592819	2301.6238174402274	443.19095999835895	7.347234956816429	348.4571017738554	668.0220780921713	3024.8865617572446	2712.4013700652454	7265.012276670131	5631.649769372082	1672.2301356856794	2.347826086956521	910.1661809395338	2065.2755895186497	4016.6134779629806	24.493014741667317	3560.985219744652	79.0600722413511	1104.8149216479708	59.922402501882665	1687.79071183731	2278.950926702956	3111.337911082458	1124.7949739483329	3190.9247104914903	1221.3077088600603	888.8419338097061	1220.6404249010147	845.7701832729758	166.05522683131346	858.5633464667351	395.7818960555146	452.2066342613121		3063.576403372662	1613.2065121267226	436.51006431429295	274.7186100502244	430.36933537162525	3569.0521414822038	12.746533991377625	36.7257944027182	624.8358389321729		2296.6057223749813		16.787784669116913	3613.677353684435	352.0460508493258	5.583333368992844	2059.373893450141	2080.633360408672
Parabacteroides	Tannerellaceae	Bacteroidales	Bacteroidia	Bacteroidetes	Bacteria		610.1775665698189	496.26965672768586	203.65087092159044	82.44473981340066		698.1871654067189	251.96536361175532	293.8541759789814	29.013349024024965		308.9133976468912		240.6502888080356	865.8003959969055	960.5170145380788	322.8097843988104		181.8151157502898	395.67814639981725	157.09683802902455	44.38826098687793	25.023749624838352	91.24477140629638		47.72931394429115	261.93847818135094	568.3196493599706	1929.5503099996736	362.8548535622621	568.2331493833335	160.52057301969842	683.4105896662669	750.8556761715114	514.3454002146932	178.73720036852922	1865.2709898041926	117.96382774115324	220.69161352757678	715.7393193852973	576.9258542928222	5.092904685622429		625.0952544168775	731.7976111899003	548.4702058341642	154.0679393050998		122.05659021942236	381.7156100959947	230.0297368125163	177.81090339303714	1163.7389490946632	441.76848258474485	1156.1418541162163		178.0940050550166	353.8902907366822	468.6328348507906	4.042553197116548	370.68762322629766	27.261225502356176	427.8525312593076	11.012222222219334	227.14246812243914	195.328822609597	321.8448092043684	370.8849886174658	556.6172257634358	310.4043723993407	239.21207458753977	288.1178965732564	161.6932861608838	90.29657500107527	105.9090635398942	146.69237124583276	175.3821877155386		251.38552725025846	1410.0863398809472	53.59951090034932	68.36501205797865	74.10737809345001	429.45170100147755	2.009215811771252	29.486315015283516	124.29818890404046		1109.8379397406861			442.6724328309356	109.39235660119907		349.91675985212066	311.47660553902114
Paraclostridium	Peptostreptococcaceae	Clostridiales	Clostridia	Firmicutes	Bacteria																12.829471463234096																																						12.084427676951591																														12.24197514774241												
Paracoccus	Rhodobacteraceae	Rhodobacterales	Alphaproteobacteria	Proteobacteria	Bacteria																69.7967246475791																											14.508347245409016																																																					
Paraprevotella	Prevotellaceae	Bacteroidales	Bacteroidia	Bacteroidetes	Bacteria		122.73142133641902	153.03495082722407	55.19939050252656	40.01859824415764		234.1316860106702	133.52977993622096	85.95393989884816	29.85883354081144		93.12182514909465		99.18945107812605	339.3807488775574	157.97183867842847	68.84167609430169		89.70883423860693	100.6620899946105	39.034985375936685					21.24473352666058	71.87500089296701	107.33527974266306	605.1452051377096	84.06011094466668	137.11190461039	54.0105152116412	135.37041114722987	150.00763313340576	116.03371061124494	38.969929731754334	418.35837075904215	41.71564068869057	100.43824255512305	160.06301688660253	77.6930436747489			128.2336741472561	180.10109961162718	127.57662331907981	69.75238230996683		83.00157498659007	86.08091532270439	108.8450083031379	57.3773977841627	279.6393344268446	207.99379219623177	167.07316242725943		89.81168243785856	144.2554329784542	256.04348868057	4.908337793662808	125.78215304869062	21.120624990566725	101.55194641517636	1.0011111111139994	69.94340404967764	66.53800030309321	153.41672772053715	73.53197005350086	267.2093893319785	158.0262637632503	87.45772664322364	47.53912860561094	33.97321411847006	41.93909396841951	47.00929994672218	42.401580461279416	44.89834041917836		145.17992798395284	256.3477150933839	51.19833147914025		56.94334423770858	109.7485495608205			33.307088216788884		221.5531411130312		2.011173184357542	143.42423477598717	19.366787079351163		171.29318898192602	124.0050653234622
Pedobacter	Sphingobacteriaceae	Sphingobacteriales	Sphingobacteriia	Bacteroidetes	Bacteria							19.115071197399544									16.184198041310225	21.40720278937065			30.742699801993577													49.14444812285702		13.122463016390268									22.21827182700018		15.08817244828316																								19.084413571098512									12.001051510183007																	
Pelomonas	Comamonadaceae	Burkholderiales	Betaproteobacteria	Proteobacteria	Bacteria	292.95758122743683					256.8438003220612					210.4077669902913																															1.0	180.79632721202																			166.5963780699578		51.056666666666665														2.095238095238095								170.13203883495146		420.5239361702128								
Peptacetobacter	Peptostreptococcaceae	Clostridiales	Clostridia	Firmicutes	Bacteria		21.93553173819498	12.315973304939936	25.758953098677534	40.92886940590144		36.22069695282188	17.570915449625492	96.36755423421414	34.81013164162503		20.899943644820976		28.842586600412893	24.894687985606115	46.800214041218325			17.08245862008699	12.593693635452306	18.873269505385828						28.05819239954309	30.156986255133464	37.320543075911566			16.387115691180874	95.71321452497344	24.73067212684602	52.95380170640098		40.20911779913818		15.675872278349711	13.35326243521169	33.48146741365391			102.22647615140087	34.78653556694377	17.858716828471373			125.27252166697276	17.03258689973776	28.82244881022818	15.893536071553015	109.03595432000358	111.6431543529528	22.88270625379428				87.41556407299012		33.022260280537495		25.245627369839987		15.088594487468775	67.62520376273105	50.660501873263954	12.415175900081916	42.932477556388505	57.20079230455509	19.0553373979892	54.735977274877285	18.982648589325898				20.980021636215145		67.2047553707214	56.58057993193524	27.72738332901133	18.58653969458281	21.5582663806035	44.707673870414325			13.21399508892918		38.49691989357793			67.43501903841756			34.89781619137036	52.11059376491304
Peptococcus	Peptococcaceae	Clostridiales	Clostridia	Firmicutes	Bacteria																																																																																				17.03965785930531								16.044914363446026				
Petrimonas	Dysgonomonadaceae	Bacteroidales	Bacteroidia	Bacteroidetes	Bacteria																																										1.0																																																						
Petrocella	Vallitaleaceae	Clostridiales	Clostridia	Firmicutes	Bacteria		17.534311352883012		17.219704785684694	16.485770352740623				19.472695959228965			16.06817639794321				19.04893106135805		2.125	16.2467825820218	22.50734887207755							17.99903917860001	11.568437706151572	26.060248658287826				36.82831929671171				29.772129992141156							22.98651087251401					13.270117570556076			38.0472094534585	20.14500071209927	25.56259173125136							15.087269692455427						25.156533361517003	21.70441463900286	10.6120377963008			31.51766431733773	13.576849895010591						18.913709153126774	21.393573013739				33.40064216576656					13.931832147698463			33.935000392213944				
Phascolarctobacterium	Acidaminococcaceae	Acidaminococcales	Negativicutes	Firmicutes	Bacteria		351.7277677884814	183.21489662261817	52.24745598234111	13.044131807927023		211.3375183278724	64.26147225064817	124.43354832995246	29.26529665230361		114.43744824734064		157.80117730292676	457.5138671703623	157.81641488877085	150.5690566982375	2.125	39.17541992456064	249.40889622773136	45.19873539429298			17.11173037488827			244.96576171681653	155.83058032754326	952.9714064149211	188.50427920660755	62.20354709037209	70.34473069818172	429.76025029328804	130.44889022529364	161.50694655985686	151.7597205994839	320.55395104661187	83.44171933567824	164.46529595769715	345.9493670209119	326.3781902552259	4.0		84.31676399161688	444.38769927358175	387.31864780220883	82.13115490483165		238.08638848223129	178.49856377991125	36.11402245896919	27.10041469194313	406.4527273197542	360.7347413251627	638.0159139800065		118.14474967171348	400.28039907090647	412.2309359545437	4.042553191489362	138.46190002024576		157.42638182584835		35.2937754828218	27.741909728152905	60.31815147827296	187.34088379739256	483.81262065128567	112.54536757302722	116.62548599741316	121.68945086682317	45.220828568786125	59.035467506154816	33.13907654167958	38.377161364465465	51.48279352091179		147.31451595505243	225.49125933567058	48.476898854443775	35.49721581911353	27.332166612880854	201.5178613965059	2.008982035928144		37.66451502423947		128.79152548408274			190.5333204109437	19.194110327873304	1.1166666666666667	305.81371714981276	223.8437937404989
Phocaeicola		Bacteroidales	Bacteroidia	Bacteroidetes	Bacteria		65.09122046204129	45.86395861448986				71.34271607703941		36.211909150835154						57.838707087345966	60.622681280625606											27.063876374661746	25.043760310067505	142.18726004044336	15.647543606898244	14.66864947469005		38.124095767840025	62.04327524076227			90.82151606198367			31.82030400387709	36.575650579287554			24.79943346242095	64.25429264860887	27.37480294334777			35.5202769588856	24.49262833891993			50.791375465163455	28.256230243660852	121.21378846710861		14.116058228554976	24.621412856878564	20.663305587346915										37.385411188651545	22.66628007334936		29.470769705757938				15.114729646160717			22.85916651238274	69.18091878488819				51.498818631132366					47.11896567194361		1.005586592178771					28.339030238905277
Phocea	Ruminococcaceae	Clostridiales	Clostridia	Firmicutes	Bacteria		260.8490852468432	68.10450548902828	217.68144671333977	103.22016937283028		182.7898932509155	170.07131785971146	361.9574897157188	42.01694994974484		248.28296213103133		63.7105175625072	302.01498371542675	221.30686931255647	81.63683198309606	1.0625	252.4048355977131	146.9436006345295	33.29918024684245			17.25898435142502		46.27668492541115	275.664821260114	244.5233785306893	363.257672846328	116.5367240131954	39.99680975838858	60.79232389732118	168.6349302215213	141.89691128253435	107.50215695389356	37.02292464554143	489.564739458405	68.21964393320614	78.23032835794193	106.32534070565428	168.47311302756648			192.65936002931568	203.11224185482047	252.27911366420267	88.46374125879876		151.88360674210992	94.8804313530283	112.98128100576466	126.66997983880805	187.598587244374	226.75104651768245	136.01631330786057		75.17599616596391	167.01975239357904	181.51670336429615	1.0106382978723412	288.56585118302		114.8258346277281		25.88444006037276	175.28630599496083	265.4184265522772	191.16807354639224	416.6908482552133	158.11729771799324	58.17747079316109	182.8433505977374	61.25230089536966	26.231767660501166	57.62670930210189	51.12848098114008	56.561884699308784		440.0622201809911	277.4619151662171	28.22597230305653	28.29447133796287	41.90095330799029	514.7739227880771			68.43827140144926		448.8160618925099		1.005586592178771	553.542502315266	70.25626189188637		135.731452110338	208.26539203841853
Phreatobacter			Alphaproteobacteria	Proteobacteria	Bacteria																																																																1.001111111111111																						11.119741100323624										
Planktothrix	Microcoleaceae	Oscillatoriales		Cyanobacteria	Bacteria																																																																1.0011111367478458																																
Porphyromonas	Porphyromonadaceae	Bacteroidales	Bacteroidia	Bacteroidetes	Bacteria							17.51972155880957																						22.765813293314608							17.196554906873786	13.392198461300966			24.622838872505284	14.383135868049132												13.270579110328466		15.567137219251638												13.750626148866878													27.45192489158264				13.257847434806452					17.713286200400486							
Prevotella	Prevotellaceae	Bacteroidales	Bacteroidia	Bacteroidetes	Bacteria		2625.8420167781396	2183.919662826068	926.1860083518345	1100.1062802144752		1550.623373899372	382.2992888404069	1124.5124441448029	868.5599603507065		663.4093746868372		1111.3445234304356	2161.211150172244	1267.3504902304912	456.8145928950105	5.312500000000001	488.35705923363304	951.3402192170508	541.577576438767	38.99862591245292		277.26415644108425		165.76066580531025	977.6010068093993	1012.1851282926568	3602.7484704448493	1344.080320608286	4126.8391567400095	220.05895967244564	2220.982057898521	1401.9657344941795	514.8122143328328	1164.0609218164918	2600.920674300453	681.2172924348278	1475.9610438929747	1781.8674162372008	2300.532423995187	11.000000000000028	74.77378964941569	1371.1188758886294	2692.9015812590483	1157.1364295539865	375.9741077498727	5.250000038392905	2807.6104757187277	494.2358409867004	646.1183713261346	353.38280665323305	4711.660638232543	4812.058315536994	1318.1950691599018	1.1739130434782608	1087.701511869123	1972.9293986010744	4528.797372729585	25.380597956868712	1045.907551651599	145.47575307939107	655.8531675016226	9.01	720.1542573913277	1151.4656290618586	738.4946817793715	691.497159517644	1919.5848041473012	4055.9265129244072	644.7919660567184	1139.5323988830796	396.8278019095667	524.6196418102332	703.734703380805	356.9258926333495	216.52595201463043		2102.3457382011907	1870.7202973083226	1115.6861152008971	287.759816072589	624.495513323845	2036.4164593863684	9.040419161676647	78.95016181229774	212.3461912269769		1917.444103706892	1.0	3.016759776536313	2212.8829332692044	234.46533056280316	2.2333333333333334	1928.8716323762912	1458.3228795284163
Prevotellamassilia	Prevotellaceae	Bacteroidales	Bacteroidia	Bacteroidetes	Bacteria		138.21064601004454	107.12427461124182	13.061868874374026			46.06022080366223	36.92635439341375	51.302973481454			48.30075775851402		68.44066243438448	105.35065563804378	42.37480808466022	14.039677288412552		18.152173312262	24.087084276326998	70.31182367703042			19.124875124819187				20.5859527604416	153.7808814813236	87.8943034766761	108.46961579543296		69.8886950113763	54.14110697679273	37.92249365694034	68.15413779433321	97.47572141003567	92.08340621440227	162.90444986756862	106.16700251761684	236.54693241128385	1.0		23.915336925695232	138.80880833422782	66.93005894513328			82.02963241672332	31.646760714740104	27.26588760701329	28.83931651774877	55.49841045752548	65.75448188309537	155.05615639570064		151.5115484226814	202.84072739809267	54.37975606078907	1.1555475906955786	68.21877798030759		27.56360188167722	1.0011111111111122	43.23573529606846		25.235545318195516		60.86367952129407	24.784846942215747	40.714886313743776	22.37288496615389	18.098399815296293	22.387022248909275	58.2493260296724	34.01909261597086			33.072777499960026	23.71933381063966				12.252508371339465					25.488551839712347		1.005586592178771	15.996375087889978			35.74898319950027	17.093074906334618
Propionispira	Selenomonadaceae	Selenomonadales	Negativicutes	Firmicutes	Bacteria																													17.859064152984455																																																			16.15481276110429																
Propionivibrio	Rhodocyclaceae	Rhodocyclales	Betaproteobacteria	Proteobacteria	Bacteria																																																																3.156225438715742																																
Pseudobacteroides	Hungateiclostridiaceae	Clostridiales	Clostridia	Firmicutes	Bacteria																																										1.0000000000197409											15.731060446598638	13.14336332457067					11.827415112519803																									11.961982207011326												
Pseudobutyrivibrio	Lachnospiraceae	Clostridiales	Clostridia	Firmicutes	Bacteria		202.28859484152667	93.4399500465478	108.08379803051716	30.886645395988776		106.84088380577955	89.17477152414938	127.00068918226484	21.297357103574253		80.85996160534002		98.74942297331678	257.7052068817394	122.09503442715008	55.57495282997501		156.06050166727573	80.90749290298544	43.20092100718177	18.49607275707973		28.440284940967263		22.92272447494324	165.50925183248046	189.8757739836288	362.31305918534457	46.429135517945774	62.63313189456644	34.920552770563155	116.29427409475277	141.80173911257629	46.705449196195694	70.95504631923288	291.76690973187016	69.00357961405325	106.21674752913658	66.88380330548982	123.70979221934596	2.6041913040393854		125.59398748552948	115.43823380956684	160.6427340007331	46.037899052097465		149.29341931718113	60.17643593205193	172.19197207040258	152.86602717622387	358.35480084682825	260.46082762889966	69.78117859594663		50.580340067380384	101.33712994458608	165.28115897837452	3.0319130093466047	211.25275207898747		34.51728394302557		38.72142516296076	29.63289027429664	218.08967898594616	127.32533247999808	184.18823509825728	114.1508835244584	35.13149766342528	132.4815114852527	92.32769691339703	34.32782613201696	20.96407961729817	38.320420231220304	20.54016820860398		141.78908344362517	221.54481693315296	46.905667080944056	27.78638446123288		256.7740992240008			53.29050237410249		83.10275423081528			357.1803537924156	33.039420747898035		89.4734164163299	44.77903553340979
Pseudoclostridium	Hungateiclostridiaceae	Clostridiales	Clostridia	Firmicutes	Bacteria	21.462093862815884	35.0925070710433										35.01886491565104			26.8361097940828				18.828069111239355		19.410793136099084			29.190598875731823						12.88304325330065				22.534635279569677			23.42600032198142	21.995213515628905		17.037390643969538	19.700678214647013				31.947333910145307						27.4423790894022		24.133786266119955	28.73602560601065					38.88987030204475		21.059586141268884						20.175038647547076								18.99267652587384	20.59711350394024	15.417519425208551								2.008982035928144										37.34975659470136	
Pseudoflavonifractor	Ruminococcaceae	Clostridiales	Clostridia	Firmicutes	Bacteria	10.963840522675625	236.4928819493992	109.03591112410251	516.4741488279523	385.81029891262153		459.3871566159778	212.37806419719522	762.9891808845437	73.40563855283708		247.83581924354607	40.06165687572509	152.96482233873223	470.51124052997153	314.006064495139	175.7213412578122	4.24996485569708	303.8907449653806	217.81618807246272	127.77759198248575	30.360022262308437	27.741330513531523	61.24283737574748		132.3520070558275	444.01451531548014	685.0585146564786	683.1717619217948	120.6525360721485	131.27877710240165	124.13655725782066	467.82515818836913	207.00199517674343	361.2320495600424	77.15716114501842	588.1901448542694	50.99014213757228	65.65276336893365	248.89709279963745	346.4461471971935	5.509478599119424		447.6418584834674	190.4786215557758	384.3318899896927	68.79425509474673		354.1275457848784	170.14204841472502	869.3831826046595	1015.8585195504495	1009.6174453565844	715.3100492929291	304.8622627490643		179.66465224172865	325.7584773938116	486.40517250308494	4.275137432925704	531.2849292397029	28.44624674917977	232.3203899215924	1.9916845298594303	189.5128279840952	714.9581264270222	480.20454215323724	265.15465205156414	802.8339899794025	291.91442779192766	200.31019655448216	342.9895489875097	208.53981083395763	31.18762721865837	103.4701142339976	67.55381340625813	102.73005981836518		1021.7673499525897	502.0222852458094	170.13358122949904	127.96689327084624	115.80685574310866	715.5461594368151	4.8523851423611655		126.72066932140753		555.4749169774975		2.010812085473175	823.9063082793293	110.19981848783435		244.03163037850072	575.4930104140958
Pseudoramibacter	Eubacteriaceae	Clostridiales	Clostridia	Firmicutes	Bacteria															14.069034867922426																										17.0646751926185	1.0									15.046113768465109		25.08992938264172	30.07373530849937					23.01938082241959										10.048921104560176				24.125638706310635																							
Pseudoscardovia	Bifidobacteriaceae	Bifidobacteriales	Actinobacteria	Actinobacteria	Bacteria																																																																											13.05478772854044																					
Raoultibacter	Eggerthellaceae	Eggerthellales	Coriobacteriia	Actinobacteria	Bacteria																													12.542644747657414						20.86704746967623																25.49701918961092	45.02403596651906		15.114034961628622	31.297655754318704												25.24273052142752																													
Reyranella		Rhodospirillales	Alphaproteobacteria	Proteobacteria	Bacteria						13.35587761674718																																																										10.011111111111111																																
Rhabdanaerobium	Eubacteriaceae	Clostridiales	Clostridia	Firmicutes	Bacteria					11.28288777756102															17.450395297247372							19.768831230063867										14.279661008809072															15.552545892286751	15.134450326905585	14.05326802450106		1.1739130434782608													14.86548807675952											21.56178515719664									16.064386838589776			16.00014807486572				
Rhodopila	Acetobacteraceae	Rhodospirillales	Alphaproteobacteria	Proteobacteria	Bacteria																																																																9.009994628481566																																
Rhodoplanes	Hyphomicrobiaceae	Rhizobiales	Alphaproteobacteria	Proteobacteria	Bacteria	46.14350180505416					51.36876006441224					15.029126213592232																																																			12.11610022326966		19.021111111111107																						60.046601941747575		33.17109929078014								
Rhodovastum	Acetobacteraceae	Rhodospirillales	Alphaproteobacteria	Proteobacteria	Bacteria																																																																3.003439292801868																																
Rickettsia	Rickettsiaceae	Rickettsiales	Alphaproteobacteria	Proteobacteria	Bacteria	18.2427797833935																																																																																															
Robinsoniella	Lachnospiraceae	Clostridiales	Clostridia	Firmicutes	Bacteria		339.5183466292424	146.86294284375597	184.6630064951899	77.28380404534232		190.14732433384825	211.22028209856015	65.66984903936981	75.54201341342439		298.9076353709441		157.78009519254752	415.0600343450223	111.21668770044852	57.14123333368287		306.49312434185714	118.14311090002636	108.4889169718792	26.18517647658447		54.85634391277556		71.38881852059849	125.83524449222033	193.4589923297079	374.50882254604073	201.28950441681545	170.56761317534233	44.78467556315572	689.6122818430398	369.2980401843077	40.35499406029715	92.52895315352932	685.6255902544199	73.43847119932288	178.35537929995965	127.0937507878714	229.78726340551825			147.38992168918375	340.05109327461383	413.2310791248193	92.68303286205835		276.76875442197394	175.0604348289924	192.3304530097571	292.45048806625675	550.7588339186065	409.3717087020918	176.72329098203446		178.3051747221734	329.09643695429435	212.60924594188756	2.0011276522564043	559.8787847874369		119.3159625368362		90.91562917254647	122.05774695683834	501.4438613872732	117.75201659555952	244.7203761736045	115.50865187072957	68.57926222836481	172.07301286605167	556.3840007062157	35.28959176192149	109.03028153649012	97.95772140483928	29.83304673041475		95.99552432842177	132.8778940437936	58.01792533266956	41.563070921219406	40.07841671548148	281.7718372195365			124.45837377283168		146.07958806562664		2.011156065099061	376.86355834326594	28.98095969331153		121.00014305173998	217.3803494335208
Romboutsia	Peptostreptococcaceae	Clostridiales	Clostridia	Firmicutes	Bacteria		883.0189782337592	911.5595333143579	271.84425546602205	1323.9068146201278		1112.8618639642295	408.5447000619706	2963.5759800540573	1208.7178086805006		391.97652149143175		1499.2022952606035	667.70935627803	2353.7695588980287	243.05749903694348	1.7093684021339812	497.92693708798566	327.44656428193616	1495.5993513959104	72.90896043078523	84.1628136572529	731.6471803760916	98.9672309038432	116.77909238967716	381.50059649401265	769.3875993342474	680.214052265434	310.9437409777116	691.4115858048799	530.4780176443043	4055.411346144067	1760.763892949108	2116.321672412236	872.9838781353689	879.2475692492715	319.1444858979714	1174.9641035598736	848.458395121107	1288.9726725374733	4.0041502607740185		3325.0981243826845	1368.0247404517042	220.08542335348886	63.69577827706501	2.9459045160843176	10889.857312857765	498.9688704999225	708.404188449097	164.6816280294782	8627.851280968787	8043.432281729275	525.7765513272683	1.727707871698855	108.86004248492743	493.2406355623081	4296.111011745233	13.699837539478215	1278.531478082739	121.21970552193233	884.4893863325669	2.0022222209410265	1277.3915331097287	2333.198728607966	1373.8421334894826	137.0323235905688	832.6834545170874	2574.8440856149996	1402.0380487085097	1112.9301633134837	433.2686642044359	212.56847180813585	986.2742711160914	556.0381958546377	404.7009276792276		3498.9032240683187	860.7041645897065	1569.9245482847018	413.184803476578	1025.4509619820067	1175.0901122964299	35.020085889471176		325.5032160138754		1550.0593757802255			2579.5853613304857	151.98232692779598	1.2688748667463954	2706.41538467264	3541.397321853414
Roseburia	Lachnospiraceae	Clostridiales	Clostridia	Firmicutes	Bacteria		1386.0639941775341	561.3221169367246	715.654202615297	170.6339647984573		338.84301848873633	891.5323932225649	729.0269272820669	56.30697610853865		798.404037511398	56.244848307584206	746.1621185277656	1504.8435387851189	397.3009167200171	213.4945220954848		992.5695043950932	331.37797518047097	456.12917856230575	55.554872320430114		221.76491268943303	46.45268793181408	176.8365133942954	506.9208996062882	864.2887470534197	1285.728541345433	789.2366297052411	554.0611850757493	132.56757654323894	416.4985929220917	1122.0151065630128	167.36428296667256	567.1871189072361	1186.0590302395049	523.6295355301437	916.2776138873714	477.4273515812843	684.4257760668136	13.387158153341236		522.8857337830316	1141.8325310142204	1335.3696406264044	339.7655019505776	9.11136960186048	345.28140899413097	227.74098256960687	1079.7243062868058	1155.8652469524998	1061.8064930030068	1133.228679847531	499.1164388583884		658.840284064364	1410.5977885535183	689.8808390000249	14.27653624693638	1160.8267959928528		286.54396049195765		259.21360451667215	302.4914571587109	1284.011074899838	563.6716679109992	997.6418545150752	303.6232734987373	175.4198467204008	602.1446945938592	1188.4380103707954	181.35057039108963	512.4500089818886	305.3114961495898	100.2485881113219		651.1143649065891	532.5262469345606	160.88150692111367	172.95105629255207	54.50612648357543	2850.769932348869			321.5867408562041		357.89722635987346		2.9821824798074124	2321.912280765696	95.87218456583561		442.0837045170287	200.92269696247604
Roseimaritima	Pirellulaceae	Pirellulales	Planctomycetia	Planctomycetes	Bacteria				54.16377092152205	28.70672853037497				63.98084773583269	25.239646870256728		31.11894633234907				18.20787338741854												24.403116504417795	16.736552946337518				87.95063783478382		92.0849609176879		66.45768839950397				22.352945116983783			91.91515968829876					125.9246572615597			96.81497007857934	39.140320144337686	29.496618261265727	31.303564781675018				38.129603143418464							50.44729135724186			53.61315811484534	61.054646951748616									103.9925044634203	31.07842577153543	33.3278679624301			44.90530708241671					67.9938970411439			47.131935942620416			29.216746370378857	43.162920886608845
Roseisolibacter	Gemmatimonadaceae	Gemmatimonadales	Gemmatimonadetes	Gemmatimonadetes	Bacteria																																																																2.002222222222222																																
Ruminiclostridium	Hungateiclostridiaceae	Clostridiales	Clostridia	Firmicutes	Bacteria		58.377400203908195		52.22052109898407	18.321592652453123		39.37455078447343	30.52527536694053	48.30856026696487			39.998050795255196		13.669990995869002	53.101089047095556		24.18177171702015		67.82606498568025		13.12834266494568					17.348907653956953	79.60635087754244	107.91015144221106	47.85492863708524	31.43955176715722			22.98472604826664	41.431467114671705	22.579090132154302		32.39336366067774			41.157713461554536	22.066458898588355			38.91971847575806	41.71659517693473	80.39931564942688	19.94207838056244		33.843398229174625	14.309754816761096	49.47380525859489	30.656017207219286	91.70289605785563	91.64145471418524	29.58346212991372				91.6974421384145		95.08683000713211		24.753329046807536		17.44930452310488	29.16494876297161	91.77846985947392	49.31111251662091	26.152984580061677	45.12376024026587		31.31065485407959			15.118118245053836				34.046693280418474	49.674538006550605		15.17779176064298		102.91056862126118					50.040603607026576			70.18542249928734			63.379060961408086	30.58352120585811
Ruminococcus	Ruminococcaceae	Clostridiales	Clostridia	Firmicutes	Bacteria	19.315884476534293	4694.05722309706	1899.3738295470725	1502.1281465466125	1190.149184218127		1530.7273263773532	1202.3730244603285	3505.0253067347335	496.9203392078469		1314.1333450643554	13.32263241852077	1224.401813463527	1942.0397525474782	1757.3506894142195	486.828334749208	3.1873805010232843	6204.950988001686	855.6436589921085	2389.9538810170293	62.83503051890412	25.2434960254628	1743.668189664233	68.38066060376708	465.4414100281361	793.6860161085153	2204.0818872228224	3084.2801926253946	2573.6887636289093	1371.9114455126557	370.53948958214824	1976.6207538047197	2010.8599168736139	551.3910376598567	7608.355778612715	3912.7412928295857	864.8290588342225	2617.7946042507383	5939.10142637202	8086.649557402314	14.602636085970834		714.278350995983	4494.837447723529	1267.3934887474666	443.1558077014673	1.05	924.7242319374596	864.9187601952307	6642.907363976741	745.3630290824395	3039.6562769345373	3443.4786702200704	3233.2361698462573		2021.4070633972444	6407.034549241174	4030.282959092485	72.47997838621073	4889.5487257394925	14.135450260481331	711.0826997767078	9.010000948869632	2653.522645130079	1262.535788801698	5534.358033010731	642.9802088130986	4294.501944386917	2227.4207468508594	2677.841849068055	657.2608645808579	236.6066772825372	535.4876766795053	4711.869533710441	717.4554285896712	273.11935536866076	3.142857142857143	6617.105458197478	3010.9897227393762	204.99166615116897	119.32528606262582	377.9422894100774	3823.4252861361665	7.347846387870667		280.7322981235584		2299.7730667185097		1.005586592178771	4991.511926044007	832.338571207518	2.2333333333333334	2916.2060408771204	3337.673379466966
Ruthenibacterium	Ruminococcaceae	Clostridiales	Clostridia	Firmicutes	Bacteria		37.277298728526056		15.740561468775898			15.26802655112328		18.186285187206845			11.258747579854951			19.12034387438792	13.317885589421168			15.366053486024708	12.77639402788042							14.193255631560357	19.91898956242186	19.621050250584307	10.459418564498137			26.2055925373417	10.240919906656927			22.69888540668964		12.231909889141711		10.986615745569956			25.989175381672723	20.68295070856447	11.52269392691449					13.634999154664996	18.99326122596492	13.59655139006122	22.47566590122449	12.547614185357686			25.213155063966585	17.69236846465982		17.499382630882458		13.340473364598097	1.7315626650970417		13.820695861654148		11.865941595957503	24.08482471388347	17.995278834751588		12.982589710146074							18.508407799405745	14.486971371833649				21.44771909455535					20.546849838691006			14.938514144952968				22.35541337344387
Saccharofermentans	Hungateiclostridiaceae	Clostridiales	Clostridia	Firmicutes	Bacteria					10.03800875410768		13.563592461267111		12.610980065996944						16.425687929498544	13.73871181899356											22.52817519508964	16.096763653672802	12.04563345617557						11.21907730915497									13.991317522154516		15.967685440130849						16.126750620929844	13.582253887550454	14.775358000633904					12.986836481050252							13.994954718278306	16.202554635390033	15.941274363273648	10.741964359858322	16.66000287247898									28.265572389827305	26.77125923218433				24.236684548213123					10.638954627499896			18.177650825595983				11.452168655790883
Salimesophilobacter	Clostridiaceae	Clostridiales	Clostridia	Firmicutes	Bacteria				24.656898635473397			23.63609624694894		30.344994437040285											14.164904201310597							30.89049893185872	17.919731551328614	24.782351754269914			14.71358803740518	25.9912352671866				19.706950535676075				14.636145266483854			32.47524789568279		25.46840137184549			19.0697061719943			40.76458685658202	34.34013054121356	15.483403623867044							16.543638221381375					17.12618925871483	26.87393429577733	16.547015613376853	18.00957307555759	16.501601168772353		18.761790738040183	18.628895706172106						32.29446700576005	38.31661805789616				72.57466873691298					19.611064779499355			35.09821363834153				11.654072270407315
Schwartzia	Selenomonadaceae	Selenomonadales	Negativicutes	Firmicutes	Bacteria																																																																																												18.03532715628739				
Sediminibacterium	Chitinophagaceae	Chitinophagales	Chitinophagia	Bacteroidetes	Bacteria	150.23465703971118					307.18518518518516					30.058252427184467																																77.00584307178632																			260.49615480029775		59.06555555555556														2.095238095238095								76.72621359223301		322.0806737588652								
Selenomonas	Selenomonadaceae	Selenomonadales	Negativicutes	Firmicutes	Bacteria		15.322171091444746													78.47571160943725						14.815491728261168															21.760959710619463			15.065302156749349	12.961564168727335	23.91487700020364					11.320568536661058								63.10346133168615				16.898158626037443	59.749785934299766		10.536496011200931								49.76424787542137				35.349181656953505																							
Sharpea	Lactobacillaceae	Lactobacillales	Bacilli	Firmicutes	Bacteria	13.950361010830326	24.06771476241505	25.180205672834024				41.24815624841056	128.66085899944932				64.24505474594325		40.212323064113264	362.95369702433794	63.730558703089365			43.193411615494846		201.16942811158452			56.10350588016952	14.017260702850791				28.116966829889066	15.252035328419243	127.27819803329184	14.295427292478466			15.141304347826086	281.2788209468809	31.191725926356423	15.115657761245258	56.23546269231706	68.92504420183747	185.0560017201477			50.28805651574394	29.088641800461264	558.2631440864382	35.60255170818764		77.98755759868823		46.14569536462262		100.35979524188797	358.4642957450226			53.439937840517	123.921464278647	326.70511531532514	6.894564393936011	198.5487685546821		98.17416928002142		77.7272932461283		83.45260859010524		347.893973401665		73.62209280422661		140.4894042626632	25.21798215921292	134.74593044841734	25.248132476623308	10.29655870445344										46.81619537954235		10.063227889456892						162.9046460102445	
Slackia	Eggerthellaceae	Eggerthellales	Coriobacteriia	Actinobacteria	Bacteria		18.35898018892415					17.28604594918454							17.007749435299065	23.5458384712828																			20.927191503621007																											25.73704639638966						14.856814808839998																	28.27163747987889												
Solibacillus	Planococcaceae	Bacillales	Bacilli	Firmicutes	Bacteria			25.826917026810836																																																																																													
Solobacterium	Erysipelotrichaceae	Erysipelotrichales	Erysipelotrichia	Firmicutes	Bacteria		25.07030981926377	15.10812337588973											19.105485207977285	19.10293601869681				41.31422995852312		16.92421136959233						18.07459064129707	13.058164041673331	18.090525528712966	36.18141703855989	29.095354565602737		16.146282337005395	18.109753926934683		16.632595991003974	14.523278342244716		20.08415981236504	16.08166150994485	17.06556357302812				41.18299354340973	20.569084747010635					32.101353296861504	29.107852848514863	25.08994873140177	22.05406567753541			14.11597100724819	31.088396889397547	20.06821218074641		70.0502015057209						96.78404626558029	19.136129447753984					51.26698531922234		27.221047851272235					12.079242522756829									21.13277856785948		1.005586592178771					
Sphaerochaeta	Spirochaetaceae	Spirochaetales	Spirochaetia	Spirochaetes	Bacteria		85.54624174278548	99.66134809616844	37.19077590905939	20.070254927746703		83.45220170483915		19.066430790232484			30.115114624444608		43.22824729372532	67.36298477395619	40.84854979613071	98.03351445599337		40.17991778347189	80.77800219320903	36.15898830703977			21.138019874861985			56.22856389963836	95.42347388263562	185.0156046297272	54.2721022478908	106.1643024226201	27.56975293960645	63.31973194158959	30.087901416363884	65.28355090289247	44.236670905569625	167.87779723840745	26.200473452823807	37.48683492094563	304.55857643419625	201.80437040014743			79.45516649215669	132.53220667637243	89.57371304954056	23.39538912579957			62.26573738145248	56.177368240060495		126.45259923950388	83.20530704913608	185.6463794028289		29.24022565787125	69.19675267675325	93.2381740594677		64.17317520984325		32.29264448437633		50.546025968440865	30.091686003764117	61.271238319278645	66.47380995198928	67.13597167843491	49.45518749513022	77.33822888937848	55.23655675140844	19.09946511892569		20.483575600965263		29.86002024491976		24.080581802742152	28.18489921968931				51.103252434857524					54.34140361868354			47.1328214092314			68.52048897740671	
Sphingomonas	Sphingomonadaceae	Sphingomonadales	Alphaproteobacteria	Proteobacteria	Bacteria						73.97101449275362																																					64.72954924874793																			19.183825353510297		23.025555555555556																																
Sporobacter	Ruminococcaceae	Clostridiales	Clostridia	Firmicutes	Bacteria	24.830296931881666	405.2807372031359	246.14268774486888	658.594580027916	875.6185983465517		1113.0194795473212	398.3735917526956	1684.881988858325	124.82473893003566		455.25865616831095	52.995682651571066	335.3059151641141	909.253130084983	893.4713011822092	394.1039698512822	1.0670574971227893	830.4836737586038	414.89774888606894	266.53052228458546	75.5096393066127	14.24137588845267	127.50236716740343	18.188719465042173	181.77842925736564	823.0443148531346	979.8177451560013	1354.1453024594755	340.6191484748342	203.54322405688927	265.8354594489119	688.3851718548449	533.1871767620033	782.1480862016537	126.22902011043874	1324.2674500495064	77.49406529693326	126.0845381984896	459.3040331731116	666.7059543352813	5.041002781802609		1036.40386182813	472.3473131628057	943.0492142323398	159.19388829436238	2.100020409864697	452.714431859092	364.27965380377424	1264.2204327564775	1973.9008419606373	2360.0723671738588	1582.752092511425	747.3959443497184		383.3547225358855	724.0786979841565	1263.3893862173393	10.47977110759738	1108.2983286856854	58.63731368240201	578.0129796999512	14.088789217380484	360.27102689543085	1666.4296653028018	1089.3147096916025	579.3876834868281	1707.7290384001876	675.2036376531782	304.61187085207507	576.9292899513656	361.52942389895577	83.59855052180612	194.89600793159863	135.14113657351697	273.9325278123508	2.095238095238095	2354.1956123954496	1119.3199509073947	290.5332717810658	162.57048766907505	263.64434512510314	1564.9049120618545	8.098349703705006	50.305482148976346	256.70014960367		1350.8429197254193		7.713361736903995	2183.674822068833	257.9189882151988	4.375686141481435	680.9930946636531	1181.442529326056
Staphylococcus	Staphylococcaceae	Bacillales	Bacilli	Firmicutes	Bacteria		35.098986552286235	197.06709395791643									17.052864184614027		216.95075692390085		229.30165365396243					61.359132522898385			34.24357379351884										27.12986077745975			228.89305979374123		204.6186392904096				21.204507512520863	267.7308831047047			22.58759876003318						345.5925954492347	32.06386454515347	26.254602665849937			58.26661461136313			54.149790889731996				56.10073852781142		181.74404795053266		39.21115149999671					62.1538909348442	14.06965954788718	38.377159948602											102.2268566726219		169.3499805287111							
Streptococcus	Streptococcaceae	Lactobacillales	Bacilli	Firmicutes	Bacteria	35.41245487364621	26778.212655138643	18564.153823753986	13329.442187595121	12117.52749620125	57.53301127214171	4706.4888365360475	27669.985170696185	5198.0566436142235	783.0956451988832		33330.37144253861		19151.17558237697	8153.59921889131	9780.331605196974	2779.6412919512263	2.125	18551.008763653943	9028.844104824657	37892.70874461284	545.9918315143384	1226.9818831990476	26805.228610227387	2787.7458060308845	7706.038159940909	24652.159930638936	4346.566939206839	5118.464200969515	14050.227238793806	42084.20378944728	4251.481011472969	13871.405244179017	13003.654884380123	5210.4605244534305	21098.282244281225	9909.98491743669	16995.44072027267	32471.56725041906	20675.56980198203	16800.13474021467	18.00000000000002	78.12186978297163	5094.545134687514	23467.625122223657	8040.1991312176315	5190.397908247444	13.650000000000002	1984.0891170661096	590.6108517898552	14798.309535099805	540.171487344842	5984.362099158582	13298.232207052008	422.38749933972866	14.086956521739129	7507.971994395443	45185.571070068705	3981.3658471619315	14.14862935321189	19219.089492767584	357.4249565864551	7578.030689557157	17.01888888888889	8087.074873745871	3461.8157818610707	11967.484542258077	358.2523741676833	12328.096225330293	1282.3365404835336	12095.879915004942	8735.177976700406	4645.2569778877605	6106.994033500571	24313.211115004833	8747.854559558047	2729.5329307925813	6.285714285714286	2515.2703377087746	770.649159557693	1173.3646720830898	935.6599989383676	2292.2165399138676	3321.834669596085	260.1631746958526	194.59546925566343	10231.25094626628		1794.7339141699026		12.067039106145252	431.3249527351968		3.35	1031.227223687486	1354.1644372773894
Subdoligranulum	Ruminococcaceae	Clostridiales	Clostridia	Firmicutes	Bacteria																																													10.782545077254625																																																			
Succinivibrio	Succinivibrionaceae	Aeromonadales	Gammaproteobacteria	Proteobacteria	Bacteria			16.115331600949045																											20.100787198642006	81.25003203855739					72.66460776071737				15.076562585145224	15.059622730794985				58.17725500319955						22.06967406220159							33.09510554157522																	10.04214440656957																					
Sulfuritalea	Sterolibacteriaceae	Nitrosomonadales	Betaproteobacteria	Proteobacteria	Bacteria																																																																1.0011113793796833																																
Sulfurivermis	Thioalkalispiraceae	Chromatiales	Gammaproteobacteria	Proteobacteria	Bacteria											35.067961165048544																																																																			1.0476190476190474								11.119741100323624		29.96099290780142								
Sutterella	Sutterellaceae	Burkholderiales	Betaproteobacteria	Proteobacteria	Bacteria			13.092965890348038																										30.12532160345257											18.091875102174267										18.373496276494176										1.0106382978723405																																				
Synechococcus	Synechococcaceae	Synechococcales		Cyanobacteria	Bacteria																																																														15.145125279087074																																		
Syntrophococcus	Lachnospiraceae	Clostridiales	Clostridia	Firmicutes	Bacteria		12.608991348532212	13.608648413668147				10.121824243318477	25.581926564813934				12.326502445147677		19.04130926512115	130.2001861682279	17.188615171155444			13.97741516803883	13.0718821849123	35.41185243323538			16.508635251644144					17.939675404963257					14.029871707668027		62.36218458806454	27.69664217379647	12.3300326406729	13.362970854574748	16.126504799862666	56.91750274471596	1.000000000134749			14.807755956279872	47.44370216033814			30.256248398522636		21.007018881408783		31.161571130450767	51.12309101881766				18.992294089445394	154.4884309120101	1.010638297872511	34.612151378786066		18.747645676993475	1.200560847217269			33.18769577927586		121.29920840174532		14.280878075437018		32.17264997940316	17.529561896168495	11.498147029978478	16.021644942410383											26.886861603796707					12.143068555932851			34.95581173106947	13.043630615696047
Tannerella	Tannerellaceae	Bacteroidales	Bacteroidia	Bacteroidetes	Bacteria			17.6352119206853				30.65330581470919					15.331886859502522			30.11901007664756	28.38574187528597													56.17298250255804		17.373657726949833		19.03449246152683	17.087820454069224	15.391325986683109		50.32510841202157			19.343089512817627	16.806569601567148			26.93959122488411	26.673128272260104	15.070962172692663							29.26574503550695		28.21603922709765				14.789758117683046		16.51187856634098							13.448159955702565	19.92890239571069	15.366680855899576										42.59712899855586				16.719767459207954					33.65353423800347							
Tepidibaculum	Ruminococcaceae	Clostridiales	Clostridia	Firmicutes	Bacteria		12.991269722515504	11.311121981538642						16.49375586493963			20.55539226922688			20.08733005009252	16.770967888336873											10.213707461204422	22.087878685514383	23.10412946888926	13.076238616397005							20.561435764003324		10.171229292720726	11.209932157412558					42.71316440843476	12.583121211923428						11.05734767529196		20.031136028116677				31.72258442378641	21.18450947299986								14.147847243520175		27.32747654000465	24.39652543381888		10.045303895145002							26.36773172636156	14.859234620946468				23.149152505614808								13.685271834398131			15.83412178552044	19.357874934932
Terrisporobacter	Peptostreptococcaceae	Clostridiales	Clostridia	Firmicutes	Bacteria		3825.172360044573	2415.3315330324153	1037.861203987705	4463.377440454274	21.574879227053135	2002.9588026977951	1364.6913017659822	7110.04788916934	2388.6426222941236		1491.271726510156		4886.981788446564	1897.669531421683	4324.687890045849	583.0292530578387	3.3017006849575368	1033.8761254125172	748.0990230256925	4710.064198342582	126.64356062436455	220.97506741244013	1982.4960351749128	213.63366164871653	359.2640474592798	937.3197187212679	2975.5555828959345	1628.419963047762	1167.6682349033547	1451.1246228066461	1024.9229568232674	6155.773537828693	4884.236603889229	4108.155843299994	2277.7657626447567	1769.7221910299684	1171.4569840000831	3683.890559241327	2124.4415386627325	2721.954291246834	13.099441083843123	13.392320534223709	6480.079783637881	4658.353317639807	588.2245015389201	179.44563213515366	4.200007755557294	12762.646908601624	926.9789369751288	901.8174523261796	292.4614275274733	10599.397311005918	9426.112232422829	1302.7153525809792	4.14185734569245	364.0133957912356	1629.3785866878366	7217.4347659816785	31.971176762258604	2002.036848454773	178.65377500399174	1825.5466074855808	23.023099010970554	2782.6627984300094	6576.657665663657	2989.6506852380526	274.1056287295844	1970.16862477236	4532.6390004647	2419.548106252182	3164.7657276694513	818.7318540844295	655.5559907934874	3022.1506235240977	1433.0669068599755	754.5882208752729	4.19047619047619	6710.026812269865	1992.8299438638505	2995.5840405877657	1010.6659753211994	2141.781560279415	2167.5685436793774	54.87124563948267	85.6220064724919	785.8539476802807		2161.9267997623906		5.02776755004007	5476.007149004404	473.3487687549153	6.530187010578192	4339.436491398541	7861.3419047059815
Thauera	Zoogloeaceae	Rhodocyclales	Betaproteobacteria	Proteobacteria	Bacteria																																																																4.887531923122193																																
Thermobrachium	Clostridiaceae	Clostridiales	Clostridia	Firmicutes	Bacteria																																																																																						11.119741100323624										
Thermoclostridium	Hungateiclostridiaceae	Clostridiales	Clostridia	Firmicutes	Bacteria																11.639251060172697													14.000951133573231																																																																			
Thermodesulfobium	Thermodesulfobiaceae	Thermoanaerobacterales	Clostridia	Firmicutes	Bacteria																																										1.0																																																						
Thermophagus	Marinilabiliaceae	Marinilabiliales	Bacteroidia	Bacteroidetes	Bacteria																												16.974959339169697					30.332187121169834											17.316524536945693																																													15.0675424820724							
Thermostilla	Thermoguttaceae	Pirellulales	Planctomycetia	Planctomycetes	Bacteria				35.25975978023233	23.469798701104853				53.4282260777042	22.19031666968361																		17.784141768036008	18.40965559102381				69.3652041093344		53.62796543938339		41.14072677886124				30.85145896363328			84.36551083951713					96.36942705543504			51.81714526021575		25.638545932511555												31.803317052968108			27.78272134727054	29.527731956886967		32.13763301900127							63.568210580639615	23.278165580870287				25.257989962684384					41.3590263751008							
Tidjanibacter	Rikenellaceae	Bacteroidales	Bacteroidia	Bacteroidetes	Bacteria					15.838691075340927		40.64206918074025		54.97584011887629						19.20399398214689	26.167798145557548				14.294965554201443							41.67657919228432	29.269350258625465	41.65816698574049				74.04662006177621		29.30711189729796		26.973289458674994			18.87127857098038	24.329696883109165			56.830796637513394		33.42911545693982			31.917274622104696		31.480125769963		27.622970449168157		26.4441132815604			17.08477846179765	28.693588609467856	1.0109548145093572	12.308880035344858					33.03215875491824		22.20504908823449	30.67821894168344	38.62475702449168		41.31814073528056							49.29227613540106	29.57941615097245	22.435301256345703			36.86103724552502					73.87757507326604			41.52103943469144			24.517311308549047	20.54691468114732
Treponema	Spirochaetaceae	Spirochaetales	Spirochaetia	Spirochaetes	Bacteria	34.33935018050541	1013.909017782287	280.8805603218556	766.4263742275689	4222.029123094564		1400.00760954335	164.7932678171827	692.8144799683834	807.9095398079639		524.2757650470115	57.731407166063384	457.29316916437216	611.7250114059611	492.61727710933593	630.3852746243388	5.3125	407.8776353960765	2509.940557885996	93.4107108931588	33.583333333333336	45.49772494115376	25.23985233221938		452.8954518448409	1128.2584722513473	2812.3484682338076	1135.038338610422	269.48304947664326	312.1163449136475	303.2665643045851	1759.4499188058019	291.34696619962716	395.69276478614375	115.01706244548569	1530.9735731817243	35.26416631512006	188.79133526224652	478.04247701410907	413.6225938829713	35.99999999978073	16.74040066777963	651.1171761700517	677.5774670535375	672.4631767526304	253.28826459905414	2.1	514.3966907126722	263.355937400834	1112.1828233351719	1333.191268869953	2071.723874701582	1812.3494534059557	145.4101073814606		125.46530929842066	599.5702559098129	886.4375792825514	10.106689795724282	1182.4368368833009	71.68692632101215	368.3621121467239	9.01	86.81463869415597	2018.887817418443	1360.9432670766355	807.9738803489415	2177.0903282715494	5845.357444195917	221.49858860049426	624.6756925813785	59.30886536933671	142.64895292498213	251.96959596043672	127.22813693070049	220.9705563876817	1.0476190476190474	825.6380212059025	954.1708840356172	417.6411253642983	76.06546364759625	126.49399907656509	493.16205426862285	5.022455089820359	18.90355987055016	75.32904747248999		1683.1159115492799		3.016759776536313	1477.9865247273476	266.9395252653185	2.2333333333333334	426.91304632850165	535.6963340430857
Trichococcus	Carnobacteriaceae	Lactobacillales	Bacilli	Firmicutes	Bacteria																																																																																					1.0044910179640718											
Turicibacter	Erysipelotrichaceae	Erysipelotrichales	Erysipelotrichia	Firmicutes	Bacteria		42.12186847595009			30.100109029418977		33.19973583320807		109.24376574520758	25.22870400925189		10.03836978539462		20.101415718028388	19.10258222354195	66.76213009463281					113.50058279240623			49.32204637884104						11.055432984004414	71.22098268758215		75.24702060626412	58.789940386741634	63.59268140339907	59.00961342181197	14.076085785916844		11.046262785983767	39.19937414155066	100.38557014358923			114.50827818107561	57.16805726861758				216.59421224466809	19.39424605039995	27.085516842136176		234.83147577656965	252.20762615702358	11.10771653543307				196.58185486924938		16.043293907609907	34.32895063259737	20.182870490263568		29.27403879550091	27.08321566122077	18.67440669929998		16.078198412269806	37.08772118367108	82.69874231699187	15.06478537336382			48.86301862968516	19.18732207156494			57.93321851447532		23.228514282669813		17.20111127835005		2.008982035928144				42.26556704973213						90.23421440339862	73.25343168022917
Tyzzerella	Lachnospiraceae	Clostridiales	Clostridia	Firmicutes	Bacteria																																																																																					1.0044910179640718											
Vampirovibrio		Vampirovibrionales		Candidatus Melainabacteria	Bacteria		44.12431046502488						15.07248113079688	56.19586229391293		3.005825242718447	30.092883639206555			35.179613729311335						21.092743184003396						26.107377823839137	11.049043833990304	59.19176150310116	12.060472346186632	36.10304185337882			27.121095295311772		12.062158273383272	25.135867542174733	10.077105174400351	12.051297557423378	24.12251436072206				49.28224334697538	35.106980991257885	31.200082404936463		1.05				25.09425377791014	70.2840038716893	37.22043568122194				13.037069658469916	15.051156153733425		40.1069191683139	28.27090052096254	13.118865740721242	5.005555555555556	11.10394575488711	15.045843001867672	21.09337739268148	24.17234770045212	69.28797582740208	15.07627015638898		55.4553865648179	40.20950574869205		15.063341252755569				26.077835930305685	32.422706837108365		18.255711022272987		23.05365506829308					48.66796614773468			23.06448988958342			16.118353795001468	
unassigned						0.0	409.0	147.0	146.0	169.0	0.0	160.0	227.0	308.0	59.0	0.0	295.0	31.0	106.0	342.0	307.0	126.0	3.0	217.0	195.0	242.0	12.0	36.0	134.0	13.0	81.0	271.0	167.0	274.0	386.0	186.0	95.0	300.0	421.0	153.0	565.0	263.0	138.0	374.0	167.0	182.0	2.0	0.0	209.0	329.0	200.0	101.0	4.0	207.0	99.0	178.0	276.0	183.0	287.0	97.0	0.0	140.0	845.0	220.0	10.0	200.0	0.0	191.0	0.0	60.0	101.0	244.0	160.0	357.0	184.0	219.0	187.0	30.0	169.0	183.0	141.0	104.0	1.0	311.0	218.0	60.0	52.0	107.0	176.0	14.0	0.0	100.0	0.0	320.0	0.0	3.0	204.0	65.0	1.0	90.0	231.0
	Lachnospiraceae	Clostridiales	Clostridia	Firmicutes	Bacteria	33.26624548736462	3742.8957303512366	1384.9020648604132	1230.5811553231092	807.3418959278441		1695.827577630951	1509.840177415568	1349.2563450429623	249.39039252048863		1813.0674862840174	70.16547598052452	1965.6120545226302	3083.544898651119	1791.472511140135	855.996622285563		1778.3209833206147	1472.6477370689208	846.3808422720438	104.58435764243092	51.2226504077416	596.2480624590874	68.64621418002123	488.41202811965934	2552.758794224327	2808.8841552801573	5205.153217226358	1798.4375814573268	1595.1132256736582	472.9315956478284	5991.343046565976	2833.999200119675	838.934298978752	990.0739767170375	5234.078044233359	1093.8558961424062	1911.8862443388016	2013.5001459037	2365.38028083018	20.19726170471252		1825.0269192058106	2852.1641824212024	2183.900686113145	536.8192016785724	1.0500014377473752	2586.393226326161	1196.0323068354778	1515.2408766738195	2486.455160937681	4335.871176299821	4023.401360400738	2213.056427208795		1382.958748419035	2632.2070729786456	2082.8742061355315	13.12513001810202	2604.6432915042415	63.609526173383486	920.377933887338	13.014444444444443	529.6527261866684	868.8557757729163	2682.8419527625824	1835.7532330322856	3022.0295125023395	917.8918048247849	1095.5891625911286	2112.4809881796746	1018.829683815447	524.4303209936317	887.9502489896049	791.7799882820341	348.7276128423134		1926.4690470916275	3261.4252577871594	263.0153016441404	303.25499335562955	122.91161940826031	3149.5853558121253	15.157253724711955	40.48867361335178	422.5528426821272		1685.668769038797		4.024788748568326	4559.519249454881	283.52336231457497		1487.5563226061915	1561.194891997334
	Clostridiales Family XIII. Incertae Sedis	Clostridiales	Clostridia	Firmicutes	Bacteria		27.99827901482566	27.64348896789263	61.114933961630335	27.804817452653563		44.10812709273718	11.578175055202646	96.4535993180941			20.26462765451294		41.21834406129917	30.252346704943378	19.886487911854168	17.75739309382331		22.12993584107181	14.206434780848822							66.23158205357278	55.716534500921554	41.1243276763251		20.99742636733445	14.539724859759106	100.49990943333428	26.396058796587152	44.49094195533496		60.10860079337518		18.575319635572523	27.20993052118289	65.43036056779954	1.0000002531344263		77.71065055118099	21.654822782954334	37.92242805740222			21.13887304851251	43.77247407323092	57.137730305665684	40.69944353680334	28.59723968001172	132.10636459932425	67.39547584704248			18.617085669495744	52.36449527006708		20.069383520025088		27.2434851847269			37.88764087640904	53.25910944328777	47.37241610252791	49.53087557262776	20.411567669163077	15.292543982563654	45.465897859384754	11.002703814341295	12.722948844328128		10.12871315399694			102.67860121629691	77.8221995465623	19.197099279631704	23.953196757153385		136.9940792608211			12.76296971238408		90.27193833664874			89.12560127257748			13.966649851793454	16.87538766349
	Ruminococcaceae	Clostridiales	Clostridia	Firmicutes	Bacteria		460.96938235916036	186.99871049071174	484.70944387337124	309.26194587380917		313.7204539877132	360.62578223253894	416.47642231638696	41.839625365583814		455.44067228975564		77.55881343415328	451.3141144681981	275.16235418044977	140.52951709962986	2.125000000002337	249.65449203163587	257.12968446021443	154.50724469158803	19.44246575081503		64.67181682559672		110.9857127641974	484.22120265833274	520.9467992381279	532.7921174402063	189.37341650177544	103.47992642302208	121.65598322799244	387.14478429229536	202.70805913670648	255.81332470656957	168.8615198099683	586.0508522096708	59.783092403459605	135.94004513220384	369.7559102902426	732.5371560169642	6.977034498453536		555.582795338085	305.71488493415984	305.9053199220365	137.76032127010131	1.05	256.2957007842152	92.09326656049807	535.5117701665348	361.2454871613994	575.5520517300731	608.8230818590121	365.0647834722804		128.31159342672936	231.62461971788576	359.41492915065385	3.0349440308484326	444.28050928961665		149.38368511304677		180.1367392131404	480.1738429947038	416.0721026382737	378.1515983495303	515.079020485566	393.5532088349879	234.9751565692578	320.24468221461683	135.01958296444843	16.302741358734302	136.01441577880325	48.115879695490364	72.47170015040959		458.43286585898943	475.0373255546385	115.32815288906252	57.6059597914321	81.84250370537887	560.984533944568	5.026907582119269		70.60649349235487		731.7366551685798		1.005586592178771	754.3126485667301	128.7707981878873	1.1166666666666667	273.65222887438887	302.02512589838494
		Bacteroidales	Bacteroidia	Bacteroidetes	Bacteria		904.181500623178	456.04823185257845	448.0795202544711	647.1718151521286		1319.175138083569	208.0971993120611	1290.4998412567322	295.97238296873286		390.60397837277145	47.73943285179241	355.8424097290692	656.241129763352	783.3491001415093	600.9999220469842	2.125	277.7020605598896	726.8728342154864	303.189433687239	45.49999753422324	36.39822918911437	119.7778183841746	16.103772233288346	197.00444704564228	987.9110910545896	873.03096181671	2192.144070915219	292.46625018037406	451.84127697822544	239.4567346075106	2738.97319484404	590.1989664520395	1096.982772792591	296.4448116416316	1692.1293205882048	244.910125572218	324.72207191200374	895.2349957202883	1585.366922970715	9.000025085020114		1197.0908621848582	744.6872811630026	711.6593775861246	188.98959531200023	5.249999961607095	565.7875356024538	748.2167467460771	752.3131391238186	414.59605819310735	1272.543348820734	997.489372738964	990.3075243739636		272.2813181495352	700.8056388679968	1201.6312604055893	14.113909317473356	549.8545883708446	56.54180104192508	432.0820933051776		297.78803960520827	592.2746002985695	549.5332133384808	598.2661933476395	1292.3602700697538	1473.0582441362976	498.33479948825885	887.9277105746625	141.80278932706966	124.35010909541208	183.16018121872327	160.9910376619775	233.4546815908812		1681.0350151117705	530.8624559881619	422.812367427858	195.03770471830336	298.53950558539026	1110.289942398422	18.080604547510184		151.6574373001391		1789.9225684015414		4.0198943014934105	948.722201716483	78.43766592877948	2.2333333333333334	915.3920791628408	706.470044179492
		Clostridiales	Clostridia	Firmicutes	Bacteria		358.69886332498857	250.8977958305104	609.5694881947753	260.9194805702496		312.82262969549726	359.28311183982373	935.1608418374316	129.27731027546764		347.09362460048146		313.5233833411976	645.3132771217839	238.70177092610703	165.1929344640104		335.45254927629395	284.0053221488439	162.31187509087653			45.157927969154		92.99801233824377	382.0865156397514	716.6762359015615	956.5512956880979	214.87754172744218	277.1396907773176	85.20843295367614	479.4393683178795	267.2997463250473	214.80955724722543	95.4783177422401	427.8799375724139	145.31163768696018	245.95431350897115	282.4003904992103	184.60947623606253			508.6872994290005	346.7487069704896	771.5472733393069	209.01106305003285		592.2459217453718	91.69737927657678	519.6812177332408	536.0452808824211	874.7759005652802	696.7746962023156	458.54068381536763		260.1452015405834	528.7569694628063	465.7608716915232	2.526572462699488	643.3148460652793		166.95005028000338	5.506110636676295	148.85789133887798	675.4058375094156	486.5940827956433	217.8952022494129	1113.6457076125955	411.3393934120379	125.09158313087984	472.11743582822874	595.235919095315	72.62575549267521	142.57299283446287	49.97816070715572	55.19460787711886		985.5118389802017	585.3991511544162	67.81801709793014	144.36969127764695	138.106456162068	2736.7649221012807	1.5058773776228735	18.90355987055016	52.46304554624181		515.7972800529304		2.776512099810028	2040.6269733473566	150.130291635541		257.8050433505839	523.1577811704976
	Hungateiclostridiaceae	Clostridiales	Clostridia	Firmicutes	Bacteria				32.836098491395134	14.848860062606564		26.107540554915847		37.92694587643254	16.44123869546353					19.761498840421936	12.330391612499062			16.72776815000505								55.94066436734244	28.53515147751917	62.33009294179462				37.36639703844378		17.219658242109638		51.27960042372639		11.697349373890564		18.963685514412155			27.80296728937429	17.053909238945252	49.65768140797958			122.70816885268336		16.285002462561188	40.94420929482085	32.04491476959658	64.0978861881406	35.912813192238914				28.97368922549604		21.024724816432144		14.757353046932996			36.45405904808849	28.56426664132183	34.8977643109744	34.30052148608367	69.46905668256971		27.8237496944704	15.71424596187476						59.5751011670299	49.27184786031428	23.63791573915869	15.315637985020215	11.105489141556903	72.74997364891986					35.36009448740646			77.20432034201578	16.16591279511082		25.355494821331224	41.522921156161416
	Peptococcaceae	Clostridiales	Clostridia	Firmicutes	Bacteria					24.028654655174694				10.543011739969716																		38.29498834911702						39.97054607511061											29.681398863041156								31.74545575801478														24.453190252290348		21.71564770547234				23.21273254168764						1.0476190476190474	22.31202924138145	23.67835256921181									22.13901764323872			30.084214422881143				
	Sterolibacteriaceae	Nitrosomonadales	Betaproteobacteria	Proteobacteria	Bacteria						17.465378421900162					20.038834950962823																																20.08848080133556																					31.03444263677589																					1.0044910179640718	16.679611650485434		55.50009402121722								
		Burkholderiales	Betaproteobacteria	Proteobacteria	Bacteria											5.009708737864077																																																																			1.0476190476190474																		
				Planctomycetes	Bacteria																		1.0625															44.348885264267864		22.86025931536693		21.08598670259853							78.1388543029864					59.120285575827296			50.094760809754185								1.0106382978723405										34.04812105764566															2.0089820359281436											
	Erysipelotrichaceae	Erysipelotrichales	Erysipelotrichia	Firmicutes	Bacteria																			25.241391465637427											14.836768747151645															23.658659645325848						22.42079371655521							13.33314768213131									36.90954515063153																													
			Betaproteobacteria	Proteobacteria	Bacteria																																																																3.969575975346058																																
