species	genus	family	order	class	phylum	superkingdom	barcode64	barcode57	barcode56	barcode20	barcode86	barcode80	barcode70	barcode91	barcode02	barcode35	barcode96	barcode75	barcode45	barcode87	barcode32	barcode23	barcode38	barcode53	barcode58	barcode69	barcode76	barcode16	barcode49	barcode31	barcode44	barcode21	barcode66	barcode07	barcode14	barcode89	barcode27	barcode39	barcode81	barcode10	barcode24	barcode74	barcode59	barcode73	barcode88	barcode26	barcode12	barcode04	barcode01	barcode82	barcode25	barcode60	barcode13	barcode52	barcode84	barcode43	barcode09	barcode93	barcode77	barcode78	barcode30	barcode29	barcode71	barcode72	barcode63	barcode47	barcode15	barcode79	barcode55	barcode33	barcode11	barcode54	barcode92	barcode36	barcode61	barcode65	barcode08	barcode03	barcode94	barcode41	barcode90	barcode42	barcode40	barcode48	barcode83	barcode05	barcode19	barcode34	barcode22	barcode06	barcode50	barcode17	barcode28	barcode95	barcode18	barcode85	barcode46	barcode67	barcode37	barcode51	barcode62	barcode68
Abyssivirga alkaniphila	Abyssivirga	Lachnospiraceae	Clostridiales	Clostridia	Firmicutes	Bacteria							16.077777582164245								19.635757963417507												19.32483162720781	13.225100044287256					19.39809427696476				24.06269200926891							17.52585358528079					17.772744434808683			20.91023141954401	10.962699096827617	13.170659230204702					16.62191412862464		15.391715113681382						19.55441392181168		16.742069426835197											27.01391163185372				23.94096186134099								16.884900179719715				
Acetanaerobacterium elongatum	Acetanaerobacterium	Ruminococcaceae	Clostridiales	Clostridia	Firmicutes	Bacteria				16.099315239020083			17.935377884063797		18.57046456574536						14.10136737303035					12.999529760006322							14.488477101500845	19.2466208908948	28.78722865252092				34.620207456820474		13.124823930235191		17.979093700870532							34.18401694752439	11.223006713128028							28.367334725950005	13.143844283714824	12.54648860201353										10.281770852218154				17.202638084182855	22.57052061050488	16.81585302890987									30.209367928868154	29.082452704094774				19.412859408596464					46.23360848415316			17.809452295591043				18.658799796098872
Acetivibrio ethanolgignens	Acetivibrio	Ruminococcaceae	Clostridiales	Clostridia	Firmicutes	Bacteria		18.6017137782809					16.053552277246393	11.152172093597263	33.83533804548715					33.357238568855664	18.763628697635045												11.938057030725949			14.861877631592966			25.555814831231874	27.62668789164793		19.08175711863929	16.82814339223711		19.1125838552573	14.99895134230793	16.465440696565018			27.31156340503526	20.127372708184005	17.427512410356876					25.672842861090487	99.98390788852544		15.823288659522628			17.546960772717025	18.57367523379996	13.77670991179376	1.0106382978723405	14.325884923420013						13.52369904513019	14.702326249866356	13.61330680187349		12.19721738458136		15.493494767306924						22.79468956711654	16.75171301356467				16.96538204520802					15.68139919844189						14.683056929873286	11.139416165696703
Acetoanaerobium pronyense	Acetoanaerobium	Peptostreptococcaceae	Clostridiales	Clostridia	Firmicutes	Bacteria																																																												1.0106382978723405																																				
Acidaminococcus fermentans	Acidaminococcus	Acidaminococcaceae	Acidaminococcales	Negativicutes	Firmicutes	Bacteria															29.62663796729028																18.05919451048503					17.10718768400831					25.02767190004347								13.940584948186904					19.10206728388453					29.33051689496068										12.041562599466657																											
Acinetobacter baumannii	Acinetobacter	Moraxellaceae	Pseudomonadales	Gammaproteobacteria	Proteobacteria	Bacteria			23.969655665581115																																																																																													
Acinetobacter bouvetii	Acinetobacter	Moraxellaceae	Pseudomonadales	Gammaproteobacteria	Proteobacteria	Bacteria			13.748049514134836																																																																																													
Acinetobacter cumulans	Acinetobacter	Moraxellaceae	Pseudomonadales	Gammaproteobacteria	Proteobacteria	Bacteria			48.14161777983362																																																																																													
Acinetobacter equi	Acinetobacter	Moraxellaceae	Pseudomonadales	Gammaproteobacteria	Proteobacteria	Bacteria			18.07175789345921																																																																																													
Acinetobacter gandensis	Acinetobacter	Moraxellaceae	Pseudomonadales	Gammaproteobacteria	Proteobacteria	Bacteria			36.11214458790732																																																																																													
Acinetobacter haemolyticus	Acinetobacter	Moraxellaceae	Pseudomonadales	Gammaproteobacteria	Proteobacteria	Bacteria			115.04144364837973													30.160027771776765																					29.06725113482499																																																											
Acinetobacter indicus	Acinetobacter	Moraxellaceae	Pseudomonadales	Gammaproteobacteria	Proteobacteria	Bacteria			69.41861160205472													22.369117510040425																																																																																
Acinetobacter johnsonii	Acinetobacter	Moraxellaceae	Pseudomonadales	Gammaproteobacteria	Proteobacteria	Bacteria			193.0856075294102													48.06450253745725																					44.14083416211615																																36.1759463884309																				32.20232924626206							
Acinetobacter nosocomialis	Acinetobacter	Moraxellaceae	Pseudomonadales	Gammaproteobacteria	Proteobacteria	Bacteria			25.379545468707192																																																																																													
Acinetobacter schindleri	Acinetobacter	Moraxellaceae	Pseudomonadales	Gammaproteobacteria	Proteobacteria	Bacteria			23.91505561401176																																																																																													
Acinetobacter sp. ACNIH1	Acinetobacter	Moraxellaceae	Pseudomonadales	Gammaproteobacteria	Proteobacteria	Bacteria			17.605786908173005																																																																																													
Acinetobacter sp. NCu2D-2	Acinetobacter	Moraxellaceae	Pseudomonadales	Gammaproteobacteria	Proteobacteria	Bacteria			43.695766586142575																																																																																													
Acinetobacter sp. TGL-Y2	Acinetobacter	Moraxellaceae	Pseudomonadales	Gammaproteobacteria	Proteobacteria	Bacteria			51.99884965253144																																		18.54585921839968																																																											
Acinetobacter sp. TTH0-4	Acinetobacter	Moraxellaceae	Pseudomonadales	Gammaproteobacteria	Proteobacteria	Bacteria			119.62156175877192													29.89598503965092																																																																																
Acinetobacter sp. WCHAc010034	Acinetobacter	Moraxellaceae	Pseudomonadales	Gammaproteobacteria	Proteobacteria	Bacteria			60.94014656639709																																																																																													
Acinetobacter sp. WCHAc010052	Acinetobacter	Moraxellaceae	Pseudomonadales	Gammaproteobacteria	Proteobacteria	Bacteria			92.79562883623448																																		15.930380391684167																																																											
Acutalibacter muris	Acutalibacter	Ruminococcaceae	Clostridiales	Clostridia	Firmicutes	Bacteria			35.892640872659946	53.55004673533937	12.49860666516816		80.12076602786539	25.68298592171202	35.05891033265266	18.456644654004847		18.202133504716183		13.882753948624416	68.31166725542906	44.9833428310945	32.0882878537654		23.284911607341265	30.502087903434507						14.770011470725716	70.39027380574674	47.927317264172544	106.752530460528			22.783266587596003	33.554592946969926		27.938211220538264		48.05997773826088		21.06396826218837	19.185143645049884	45.25480486700472			24.06142387783582	15.083123333464226	49.13962077801844	30.12197225941137		67.4210439088762	19.11963110829464		18.707360819866317	39.52645710383735	32.37448766205876	50.97026530399368				34.16010845948548		49.068501734244144		23.053863749354267		15.176377727934502	39.36556547314059	29.4514321377192	35.79003044733364	51.70706430696134	34.84391959749551		18.83087239037528			26.051753400907632				48.60507084858468	50.78026045609905			10.968360284188158	35.53792213388868			15.095803224303054		26.54859613852101			27.968987270875637	10.728289332188936		15.836876525227758	37.80311199280096
Adlercreutzia equolifaciens	Adlercreutzia	Eggerthellaceae	Eggerthellales	Coriobacteriia	Actinobacteria	Bacteria														16.084197131443485	13.755440150444873													12.080743305225562	15.12433685604272				16.035442790147076								12.122201202652606			24.15566575217297							19.06062664224345	17.205845346494577	26.060970278770107	15.224875099052378					16.064964827660123		20.946961239730435						14.206332661291029		17.080264949364704				32.02389122311168						15.05040822249986	12.256214723237193									14.705411365703414			20.003597696388773				
Aerococcus urinaeequi	Aerococcus	Aerococcaceae	Lactobacillales	Bacilli	Firmicutes	Bacteria																																					25.135866681307537																11.582824880835837																																											
Agathobacter ruminis	Agathobacter	Lachnospiraceae	Clostridiales	Clostridia	Firmicutes	Bacteria																																				11.710953882695875																																																												
Agathobaculum butyriciproducens	Agathobaculum	Ruminococcaceae	Clostridiales	Clostridia	Firmicutes	Bacteria		16.72834720069593			11.540727968429564				28.401581781620525							11.884445781541574											12.672247757171656						16.13160691325133											18.990955388265107	11.76108463569157	15.38053551477593					27.52208120601692							13.93686399083555								13.230516988316127													21.5527843477254	14.023918570602024				17.935799940510545					13.656457114040956							
Akkermansia glycaniphila	Akkermansia	Akkermansiaceae	Verrucomicrobiales	Verrucomicrobiae	Verrucomicrobia	Bacteria		355.55281641000835	127.84165651382612	12.76156494453742	61.20708002154364		91.53971388534018	22.106305553898466	400.4713031677035	66.6415456324117		65.24940330580334		54.28663613655919	140.54617146190262	13.150130781922185	15.291413824514809		43.43034228677353	20.19507186867176	30.132490262861985	24.91666696287973		28.18442600866613			31.12845179797745	39.15448851994199	585.717840732249	54.26478221296804	59.16714202811549	13.274324810947066	68.61914501546782	24.107661770543867	35.31582110606932		118.32909635744782	43.319817322802	45.18372215300638	123.99817676428172	974.6029820804532	4.0			110.00998595243011	68.41909606730582	30.51572498273894		127.11594552602249	77.33057510546838	196.8574729817772	37.13760531858873	834.7575520071706	406.6485552857221	1970.5341338088067		13.107687363873318	13.037069658369024	226.99145906614476	8.085106382599767	229.8839139361804		54.4937499999907	6.006666666666667	97.70373925831892	419.1777237818913	210.7361468703237	141.63250465448056	356.0227247085867	629.391959147532	75.58970257352496	30.12903095531369	308.7485884623237	77.28291953761915	44.19382900628665				586.3613005676233	14.092449609882964	40.98871108631541	123.90318816464487	45.050717020243866	59.1374018336277		12.231715210355988			76.8720474091875		1.005586592178771	102.02406394109538	21.350280882056182		127.7214074022807	467.2157706917455
Akkermansia muciniphila	Akkermansia	Akkermansiaceae	Verrucomicrobiales	Verrucomicrobiae	Verrucomicrobia	Bacteria		74.84871692559213	28.35275487862884				37.036055310820615		82.83362076171674	15.246107152740914					26.15060480957958			1.0625	11.817066772926712										105.1589770103982	14.074231424515991			14.655300046153643				23.437760715594973		14.27434920901732	26.409767708582216	139.68318430844806				19.016300278306307				39.712156946129554	15.652458186219755	30.626254812899028		147.67660848137834	68.3067053280105	271.04140542430963				46.317302347297606	4.042553191868318	48.65542170889805				16.214109277899016	57.30557756158907	38.37209031889581	49.47793545972507	53.00133360418305	108.612368929102	14.140415448938525		49.13187246791461	14.420000605423022					119.05588853664209		12.587654050432342	23.156706442522736	11.618703093785244						12.690684059707026			15.305663131655283			14.332428399418111	61.69784313174355
Alistipes dispar	Alistipes	Rikenellaceae	Bacteroidales	Bacteroidia	Bacteroidetes	Bacteria																													21.800225609800204				12.96240963493499				10.080606189675718																						18.256575989933285											15.432148460018777									15.402407414200356										17.23851548531422			10.70013680441658				
Alistipes finegoldii	Alistipes	Rikenellaceae	Bacteroidales	Bacteroidia	Bacteroidetes	Bacteria				19.811842482336548	41.11352425578444		23.357032916247444		43.34705777053177						18.672580562698748	17.81795358483938											23.077526166474776	27.554433736959272	50.58419771115353				68.99671981758242		24.516124461315517		30.739976903529588				14.92768595055502			47.61185474317499					31.692505935757808		25.56630073985468		25.38283639900081	20.791781790778355					28.432182005034264		14.526375857920453		12.44093731560678			28.117705461440217		27.341019983496768	28.782468394948847	66.83506323562568		21.49580250645116							39.34471125354797	20.23316052992378	30.3544376299536			40.3846328663663					62.34582017873216			39.04335576240711			20.415665994624497	24.78443025095904
Alistipes megaguti	Alistipes	Rikenellaceae	Bacteroidales	Bacteroidia	Bacteroidetes	Bacteria																											21.229271502971592						21.97291656084376																13.67834888620238																			17.291071145194095		21.584760388532167		13.658529801327424							11.878648892358315	12.049248250384329									13.811343784669502							
Alistipes onderdonkii	Alistipes	Rikenellaceae	Bacteroidales	Bacteroidia	Bacteroidetes	Bacteria																											14.53697198545921						11.654199064339831											16.3654127447948																																			12.957535956099846																	
Alistipes putredinis	Alistipes	Rikenellaceae	Bacteroidales	Bacteroidia	Bacteroidetes	Bacteria							15.479958103601694																						15.35854467424658				12.0809871332173																																																															
Alkaliphilus oremlandii	Alkaliphilus	Clostridiaceae	Clostridiales	Clostridia	Firmicutes	Bacteria				16.575712135988642			17.05886807768995		20.503452422993664																			13.031023020717123	20.45522624434451				10.756773897459205				15.029305353580758							32.69456276676487								14.367471590754688	25.88539926244961	17.252353375226576							14.076664177200565					12.710920054144186			13.702102144757555										19.710913340237852	15.745718447111456				24.721402980929295					16.136532912788915			17.926370798309197				
Alkalitalea saponilacus	Alkalitalea	Marinilabiliaceae	Marinilabiliales	Bacteroidia	Bacteroidetes	Bacteria									18.48269489229752						16.175305806994285	16.48532282346259				19.769907559583263									30.714473242256886				42.38945323404655				19.027511070785884				14.109411718532243	1.0		17.006527380218724		17.874938984587093							15.320269120464816	14.204229502909069							18.374420835368696								16.98813401894147															22.791368251986214					17.7184178547947			14.648959403936631				
Allisonella histaminiformans	Allisonella	Veillonellaceae	Veillonellales	Negativicutes	Firmicutes	Bacteria																															29.095368933559214																																																																	
Alloprevotella rava	Alloprevotella	Prevotellaceae	Bacteroidales	Bacteroidia	Bacteroidetes	Bacteria		21.8327436150208																											11.323938413070662								11.080376431843325								11.44801387017477	12.074011572326713																									13.719587132681898																									
Alloprevotella sp. E39	Alloprevotella	Prevotellaceae	Bacteroidales	Bacteroidia	Bacteroidetes	Bacteria		23.456348082735403	10.75629921645166				43.66228584233358		22.089859909491484							28.519260524347537	20.0711643981848												21.54614697677147				60.04446183249296		28.44325282065282		27.577235559263304								11.257068216770058				69.4730523634584	19.642674336606262					11.543905754004795								11.15612729771201						29.63955436643038	60.05092780356125									68.8630972468202																	
Alterileibacterium massiliense	Alterileibacterium	Clostridiales Family XIII. Incertae Sedis	Clostridiales	Clostridia	Firmicutes	Bacteria									16.134472507760282																			12.673201924575825	12.915169049811938				11.710822390585964																11.225487974457526			26.74127155578952	14.540018670454652	14.713037823387424												13.368805016224613			15.377480875486048											16.846463627337855				21.379068854919275					15.103525516086355			12.281728050333228				
Aminicella lysinilytica	Aminicella	Eubacteriaceae	Clostridiales	Clostridia	Firmicutes	Bacteria															12.098209286298074																18.67850226573056					52.43521444236536					17.562946285278116								10.027229129168967		15.268093548041575		17.957420408110668	51.06408743140341					29.69601468105408								15.346700834703348						16.417973404619982																							
Aminipila butyrica	Aminipila	Clostridiales Family XIII. Incertae Sedis	Clostridiales	Clostridia	Firmicutes	Bacteria		26.991342626566883	34.88153644011328	32.76652682818801	16.07404433838232		17.96522263952584	36.507169389155294	91.97065722766952			27.80254314225145		69.97146020440962	45.182901129248485	34.10303675692901			21.954922509712947	41.06258588457057							92.3005812893975	30.208420211242863	53.69487702765757	17.236629157859262	72.97426523010728	17.651029068990844	90.41535732729848	34.367871352195635	21.09126445052381	19.39322211592168	49.125718969496496	15.68292609638826	49.64281645519432	51.12757386678945	57.96067731560836			74.76931013563748	24.53283265091234	45.02690328282838	13.2112626012921		31.774672133606952	43.14147177230349	139.2349846397705	32.339401113110576	42.68936246050168	77.30203414708902	68.98528541444622			28.10569028774557	35.14115280759047		35.188373887719194		12.772855008769753		20.90290602070565	18.603210090340724	64.85454542108955	37.47255946891787	40.55795635280897	12.82254145144627	44.23468499644667	46.60640086673468	57.60693879897092	17.972432187091997	27.53566886114531	13.551263162327752			103.4651655841168	43.38985919755272	13.570123859102404	27.568696043783277		73.01354871232533	1.9984197099596008		28.811808395866304		82.90143151939361			78.01861789082064	16.617343738617475		23.96189791330041	19.63811066561484
Aminipila sp. JN-18	Aminipila	Clostridiales Family XIII. Incertae Sedis	Clostridiales	Clostridia	Firmicutes	Bacteria		44.647262917409726	36.95656375119032	120.72253150404036	58.034075290883614		112.454059046838	71.68955877315842	157.84627828781558			75.61745654491911		83.79152586345597	123.50901892925896	74.55680382757022	65.76273347750869		71.07197924693949	74.67407487309347	14.911753429104053					22.779907996043853	66.3120963856245	88.45516676980333	163.5060460172765	28.670654007068983	47.45076666650446	40.10622945499175	94.993566525298	65.09059880120672	117.55051294326694	14.268808374661084	205.5793898624513	18.738525098721677	24.621851359621672	45.97024764653987	98.00113748802544	1.7508949107109455		125.30260725995676	52.626744970872245	135.24360809339078	22.938921560852723		34.97547965913684	72.14589873738834	168.35040025233866	231.068251239416	170.6198738941968	150.0335141736344	127.11126446056352		25.48193889569512	42.86859952301877	105.1767514513236		119.43428399624337		59.67184402958269	1.736905754157973	28.1056277116604	107.90891722302898	145.59646976974042	58.86436518295623	195.48705384199693	56.55468446446318	41.1230512602187	91.60413713257624	110.09106187548724		26.79975367763661	12.728561475307044	26.44191225311488		190.90840144600452	150.5881786351214	39.381854804620254	28.997818538961987	13.93812322875229	312.6069031453426	2.0089820359175867		49.098007812963104		165.84824755917444			258.72099162435524	49.10249104062205	1.1166666666763414	56.72869774519579	57.07875302512348
Anabaena cylindrica	Anabaena	Nostocaceae	Nostocales		Cyanobacteria	Bacteria											1.8896232408065416																																																																																					
Anaerobutyricum hallii	Anaerobutyricum	Lachnospiraceae	Clostridiales	Clostridia	Firmicutes	Bacteria		463.2059964967861	203.95900084579097	1304.1882922917323	357.1024435540344		479.0037927229971	488.49415737963216	722.1815958581881	92.76956014740269		517.3518819377017	28.77493436202932	409.0003943958175	954.051625461968	422.34331655257967	272.3841674757058		819.2325820161743	503.987514444789	332.61536303895946	70.21362601075577	21.611419909205768	131.23046575792446	22.422850437224472	228.09605429510623	1217.3204584936875	1326.0617015427808	849.9855325278594	472.9120770884803	583.494498004958	181.2286427285564	468.2206185084804	540.4518154021341	218.853808805338	161.6527250840131	516.8744344822736	156.57078155236897	416.5753804567575	341.3740228456987	453.0314180606613	13.849466393906589		1008.2350785060268	543.6868885048966	959.5911207130888	266.290568164544	2.1000000000855983	597.518245173219	121.13862077469936	1272.436688464348	1141.8442186465918	1323.8138431999928	1353.5583381088447	319.34970853558843		259.76230128866507	824.2022598307277	761.3496426572651	2.0212758214278197	1482.807890840785	70.67725130239772	251.5589008465186	7.007777777777777	286.2526536771412	485.0971552976702	1856.3368510435453	683.8095697684496	632.3283044914244	414.3869459331247	191.51870770414345	1339.969973859835	1750.1666395826933	90.70568311782344	336.4196101747753	114.01503275988009	117.19666165226188		736.2669451476374	1068.618191599366	318.8666370095045	259.5419283073384	47.24558687507402	1928.9757384348875	12.29992569030431		207.12687146799456		488.59908697925033		7.039106098162733	2177.887112446034	177.82797581526083		362.8171922156565	169.4305207563757
Anaerocella delicata	Anaerocella	Rikenellaceae	Bacteroidales	Bacteroidia	Bacteroidetes	Bacteria		305.82586074944874	1455.279375050658	202.94564089680807	829.8887424121132		730.2100474188385	190.6942155341156	434.0113012879103	415.2812911812321		224.8503667840581		594.2025500290869	1527.992055322755	996.6687965395738	280.2911010999869		39.175367429052926	411.1644470984013			100.0949489271952			182.27635591829747	3289.7349861881216	201.47629551676067	3943.993360719227	31.145361699986303	36.231156771152605	216.1488335207256	1841.1542289917256	65.08836547109595	190.45948119509416	54.27988709510289	45.40439232727201	217.8796569873877	375.6745588024627	50.33697735746069	103.20966053736664	37.000045216415614	64.72954924874792	185.3162860789361	95.30051893945549	708.5275956368492	311.8280438198578	6.300000000000001	4746.857024793173	555.0904625654445	277.77449529886	35.0687288445385	625.4065854580075	744.702370997267	69.58498063810777		58.47985190896908	331.71995560933595	589.2870034670871	5.053191489361702	68.44733900731929	202.9446787397668	284.78256680025487			2605.8330882292307	24.89779298983571	2956.758618756908	593.7904418113098	2557.8404167825997	323.7119131713191	2870.185425551324	37.19369541198836	291.8387400423326	49.206421561039626	39.38708465755846	71.83543665919426		800.7447092856722	1183.2505620897837	632.1280165120511	637.8483356193201	1667.0934850588872	3503.578300091508	16.07185628742515	24.463430420711976			509.4519447862396			883.0953728372493	74.47945879234034		554.1446586227743	3773.2855147785376
Anaerococcus urinomassiliensis	Anaerococcus	Peptoniphilaceae	Tissierellales	Tissierellia	Firmicutes	Bacteria																																											23.436560934891485																																																					
Anaerocolumna aminovalerica	Anaerocolumna	Lachnospiraceae	Clostridiales	Clostridia	Firmicutes	Bacteria							15.412067865822548		15.617622869670791						22.749081521041617														14.920200333167957				53.4235649281714											16.568104456029467	11.966346827372725							34.45722263135221			13.400894917902129				16.149041963580647								11.408649985916965		21.889134524037093				10.4269191399757						27.790579137935573	17.370279945358682				16.26619645450201							1.0055865921789646					206.3344031695508
Anaerocolumna cellulosilytica	Anaerocolumna	Lachnospiraceae	Clostridiales	Clostridia	Firmicutes	Bacteria		132.1466689641822	51.549823588419166	37.66163847307381	21.25531398475753		91.33346919268593	44.21172408257996	55.23602947492731	40.3574618514541		56.99609600687165	21.39317600280426	66.3238035982445	128.42528272211567	41.39814954568263	34.71775647545812		56.77458067983496	75.74764925583075	28.241493482402436			19.009424898046472		19.792549118234778	77.93176387940831	72.6679035980799	151.89413837005225	82.24859507977851	74.10084294973241	23.990847427035437	438.1640005261378	84.38890822607048	42.61657033144121	37.69676837015879	118.85794968657788	66.02419067262083	104.51516391490014	94.60672611827236	74.03707655374191	2.4538058240170355		108.116890226165	123.13857738148654	64.49203748783803	45.84431801891453		130.95892009037823	43.91772538862679	69.23156217169367	202.1421782713365	129.60875748159646	161.59510315955634	32.286454431678315		52.97567550418739	109.27083953975898	82.18232642356534	1.0819768212945828	105.92057027932668		48.35615645759928		15.61130633775013	14.80202918473582	63.31704571723401	51.76394465711663	132.83060174263483	44.161756419460914	59.18770138080566	88.16201515415898	45.25818172448294	22.8776534576931	46.69037122644845	37.86304597494143	16.593463800716897		179.928108815755	124.76044572425609	22.35526363933131	30.42986284651784		87.83181559356868			27.262301940785797		48.74982950102306		3.01675977653612	105.88930942774026	16.479699175418475		82.55624677423543	263.7745313652119
Anaerocolumna xylanovorans	Anaerocolumna	Lachnospiraceae	Clostridiales	Clostridia	Firmicutes	Bacteria		11.35718727007452																																																																																									1.005586592178771					15.034867377361795
Anaerofustis stercorihominis	Anaerofustis	Eubacteriaceae	Clostridiales	Clostridia	Firmicutes	Bacteria									15.052445349443618																																																																																							
Anaeromassilibacillus senegalensis	Anaeromassilibacillus	Ruminococcaceae	Clostridiales	Clostridia	Firmicutes	Bacteria		166.33374777627358	106.56986075392008	510.3657556145387	287.4307176276648		307.5025399197006	171.77556178053368	398.3802058239802	68.95531468649921		193.4726385489556	18.774918764480272	101.529963691528	211.74952383023924	217.8318933856862	137.25785317707206		226.05921430089504	155.68964127254526	294.5198437305082	28.99122060804988		151.75516177584768		92.9119172446424	424.5081588254388	422.4162705331221	361.828862547589	76.80919516559756	166.3720922234027	69.24597196513302	362.7911865526557	117.25283948291258	232.59214122256844	432.9901399130436	280.99269794466863	51.99328582673144	99.4619270792342	517.1169568451198	1192.9506299917011	6.396252116884122		468.6980159447539	161.12246573714924	290.0400373321814	74.71177394839313		193.07470274053125	104.74631864446066	702.5621154937863	284.95748955157933	359.8098546013512	353.1218075982577	541.4582519206995		55.77804605938959	172.4318085554781	269.4927117484324	5.05318195017362	252.03909095431777	20.66914620345524	146.68071991520992		376.6761681038197	499.130516230721	364.5519571556335	293.2064946600819	327.3490579551766	207.8826549680963	260.46434362057687	227.549089120124	126.50851783137948	45.42619675795618	335.5161806444636	43.54549993773318	61.97396741257894	1.0476190476190474	397.6720561091771	335.54681494868	79.34512036752706	49.8815684871573	93.54530877735708	783.6876446502235	3.3965023476855487		58.36544377761855		410.16325100205125		3.110555708843177	591.4575094354301	89.45380634939737		204.3719377388139	185.20643252028717
Anaerostipes butyraticus	Anaerostipes	Lachnospiraceae	Clostridiales	Clostridia	Firmicutes	Bacteria		19.70754518228109	10.273849189715753				21.268454031921195		36.09256619196584					23.16558413556179					12.62773198156114								24.89114264460657	15.696348284442076	16.770163299437606	13.928325226244734			22.02679145035936	18.422443285425064			18.18604269277012		10.064679371166523		11.543851749702013	1.0000091999393244		33.29626146433174		13.205813490180704								16.717788090204223	22.39697880680388		12.60500865245785	15.20467643228188		1.0106382978723405	10.743786499983756						15.544876846595628	12.48780994090352	11.67755102705968			11.822110171909577							22.211102406919057	25.787956383324484				40.178782798143445					16.828622535599067			18.748608947949247				13.056643611594485
Anaerostipes hadrus	Anaerostipes	Lachnospiraceae	Clostridiales	Clostridia	Firmicutes	Bacteria		338.9230578013714	63.27961845802297	66.9301473446624	32.34122978559568		97.7900335291146	89.82972107008915	143.7882323766558	15.80082645862525		141.72860015321282		121.1253840655862	140.50067959347354	87.94647157717921	35.16038892807124		124.62234525844428	51.68594984378705	35.66889784809238			16.87554070762613		22.865499039087567	104.08936401443428	134.83616942331142	127.0889161228408	161.52749070532138	24.035759181007663	30.24403665312085	313.1876281482748	242.7757210983545	31.23145870916814	51.77509288965878	231.55125640282645	59.01179749854812	150.2624795152945	59.86109981595413	131.64822640391577	1.0608865759940271		169.42446857796187	190.56764131109296	112.415619509311	34.157188775315696	2.14207892648109	141.60629535915334	37.18088735721016	95.64531107440952	104.91943261517788	142.07322799293348	140.19986696001544	95.19200618657574		140.480019826436	240.2585549472317	97.84866002254417		143.71463298655578		51.42424336263272		26.13512663729193	50.83928707183874	237.4304063111519	70.88467118141274	90.04045621524624	44.75945651425371	54.65070186504393	117.85559211359218	121.1459531061698	28.304205911373757	49.59489608073061	46.74555792242506	23.93347243542795		134.8639570713301	166.73850862251345	37.88951709882934	33.71837124102052	16.7071858706729	154.7867160682265			38.8180808499332		91.87375492490716			189.2002898450205	20.44855161881854		88.65936959932402	124.67140325449677
Anaerostipes rhamnosivorans	Anaerostipes	Lachnospiraceae	Clostridiales	Clostridia	Firmicutes	Bacteria		94.75420667020786	25.35058291544634	55.35884354829839	11.997403800756024		56.75319941272349	44.44335411313087	80.86885966084999	16.50767680429753		76.22450747324824		58.83041780984975	49.60573533316157	45.889131331297285	33.76006644204501		29.532656724332256	26.689327141057223	31.75270581786122						67.60776171321747	33.95021494318322	42.18586720671511	51.61662782343848	19.574507586802923	23.780736157298165	137.58108503633352	92.74303152110323	32.732624729939445	24.377481048801453	64.0969380932018	20.06732828501227	69.86348173625866	31.86097174180425	54.99804333540368	1.0000074635135148		70.50074126398562	44.9094734099641	57.38958276119964	14.283833510937027		122.82452342646673	14.892818068590364	62.755171702008816	97.25993538216537	65.91764133107142	65.69089395991729	20.63720261702241		41.81951630732082	73.5914008260998	59.12101058492376		67.10497148794984		32.31079097164783		11.86953455451337	41.97589482496449	68.81299727736263	41.75943965759254	44.27592221828786	35.91076060845953	15.435278989394536	62.77552306247208	91.77676550340988	13.619792765740671	15.046891953525323	28.230444825479477	17.634218648930993		55.83423981113393	66.71185514137929	17.459032798665582		25.2883153914936	61.53680824949314			22.56704101648493		36.05284797676543			62.82985954424119			33.15315374397979	73.6050121914281
Anaerotaenia torta	Anaerotaenia	Lachnospiraceae	Clostridiales	Clostridia	Firmicutes	Bacteria		117.33556559402132	33.79402467628051	57.97384455469186	27.189845378714622		64.70868551005138	46.247782517384685	59.08462709400024	32.62501292550282		36.85724997130468		37.08367552883428	79.54581509041343	41.19020818553259	27.74461796143948		30.715118626707525	42.14879959936362	28.570070007279494						51.11643407334675	51.043039151724585	65.74181830676982	49.572004589828936	22.840463815089937	18.672251283860035	212.40411499533343	87.0970425758215	33.093389113862784	56.15234196764288	121.35723276998462	28.820036419085795	83.804209152714	73.0787117655346	106.90678765439304			52.49183541496439	83.68672811968702	87.48494742234783	20.13001827086452		72.81930146317374	32.12719253565692	150.3900819553737	336.2947100083811	50.64711202270354	54.366086233225744	57.7540775539802		33.64949878559865	90.199478571677	57.90840530171206		70.0750338935524		72.438683897885		17.01127264474258	37.466694777510725	49.64485524485283	23.218406701048654	82.35283216844776	38.63624719137811	29.253227530027004	69.2882856245195	74.79706573317576	13.771446836595164	27.16949760475817	31.255866275682614	13.232628653094537		98.99405446370412	49.88131081535329		23.38154348836081	23.39700928822574	122.29061299409976			20.898820563341868		62.12288984076561			139.08713903558166	21.03265067567035		58.24465418197612	99.04521320919903
Anaerotignum aminivorans	Anaerotignum	Lachnospiraceae	Clostridiales	Clostridia	Firmicutes	Bacteria												17.11858037852342			19.394973228926837	15.194004611874146			23.25777009461903		12.140525179139876						21.056163488661905	23.69609318807437	32.01037043167729				18.07309540290134	11.308744648252834			14.97517914563577				11.949499938514734			17.086189587901387	18.65875389574855	27.351001016489636							19.62691269250604	38.55833556071076				15.246902184471406	15.533260818985733	1.0106382978723405	26.455582371459364						13.211886305222563	22.55088926941877	17.25428934266879			21.538424129142577	13.085174888649512						16.05349377600828	21.266615424742152				41.39423346295393					15.036698421538324			27.90830227507844				
Anaerotignum faecicola	Anaerotignum	Lachnospiraceae	Clostridiales	Clostridia	Firmicutes	Bacteria		46.279479842570325	63.53491803401474	18.8446859879561			26.03154464798088	63.153816867125045	18.071761597830523			69.52710896120237		28.55649623076041	116.0446651840236	32.97212155179122			32.18029560087902	21.203257639723137							24.739442408607147	29.425859726313156	142.96530367263557	28.16687142154202	34.70511555675336		17.6705747804106	107.08109923132868	17.966627941298782	17.088032031533974	319.0580596099152	21.033685079345695	51.13980850906356	54.01763259080456	50.273833577731104			20.977379773828943	34.865172041399696	98.47482527486082	19.32662579804189			18.373496275906174	23.00015312627816	20.077244349754025	19.691607307346416	22.47976528520414	106.44476008064424			23.879552940852463	22.73828472167377	1.0106382978723405	38.986971531680254	16.15480029769288	35.22287520198741				35.122191522859474		102.9425596479154			22.47310983708903	14.348546981612651			32.337126634147424				22.493074426554934				54.75771720275556			55.40177354482943		19.596069319029315			28.606039762497225			20.18608145831607	
Anaerotignum lactatifermentans	Anaerotignum	Lachnospiraceae	Clostridiales	Clostridia	Firmicutes	Bacteria																																		13.697871138474367			13.649822640855218									11.033853124989497																																														11.477796412593992				
Anaerotignum propionicum	Anaerotignum	Lachnospiraceae	Clostridiales	Clostridia	Firmicutes	Bacteria															18.77151882252061														22.834159660483937				16.05446325292586				41.68072105227519									15.905587422266102									13.051110080216052														13.302179854799864																											
Anaerotruncus rubiinfantis	Anaerotruncus	Ruminococcaceae	Clostridiales	Clostridia	Firmicutes	Bacteria		36.706822958041926	12.13900787806446	87.08645110778974	40.40908588836124		26.546552684876072	21.304080331603917	137.55177846331583	13.33221198061842		27.338333084009147		13.4835024785618	44.11351214932427	36.72703295058289	13.141512426911722		80.88922108236402	35.4795919833406						18.502627281233902	165.2891749277618	111.52115711257714	53.8007663717223	16.77178078284015			149.1116195007358	17.314412145980743	26.72047163517125		46.31695660689695		13.423638794108715	12.45107296354706	15.432308601304516	1.3853976823837664		121.30679493845004	31.00019906970173	37.59640055440198	12.216323987711997		89.72280808197968		28.630681790187083	45.81748504219004	41.09279129230084	40.30981090449718	29.966349677092232		11.670212141466452	22.162499160308982	23.425681152671675		58.347014784796215		11.904329839615665			166.6071328606471	58.7831087238208	97.86936333604832	68.77431683091619	65.67346903720343		48.95709575572938					18.618642331178417		157.6535420480801	114.95569556782044	15.124524126012282	31.368812620066	40.18472396582698	96.22777281777776					189.40039459144464			112.32081166677447	20.329710449076696		24.626060770757917	117.79675409873283
Anaerovibrio lipolyticus	Anaerovibrio	Selenomonadaceae	Selenomonadales	Negativicutes	Firmicutes	Bacteria		142.21884418301744	56.93165378617966				32.19368292559614	17.98748121378354	12.04189510790708			26.652606340932515		27.14329727567831	57.03477932069416	30.346456397712057	14.271470024058011		23.02372253435346	38.37063658773558	41.142737582855695			12.078868499921132			18.074584914962365		94.78076608712836	51.257121358873135	201.3468204008093	12.253222902412675	66.6396111534889	87.01073000387117	16.150724637687137	45.338933823265286	121.69978890335848	35.29246494729452	133.0953103955252	53.69308340843886	72.2796083699244			27.15555036790838	69.09056430983986	25.122814235632895			13.03539948488337		32.10135231237996	50.18595582997103	46.08923154989001	77.35188652364302	30.29168611743399		12.099570672583146	24.72249423688463	45.195002067760846		43.11635236523897		23.210300925925928		16.10405344449756	25.07640524978118	34.93897642687133		31.152664049937428			25.44274322744484	27.11715048426958	15.771794416289934	20.60647748923875	25.248140426011307	15.444838056654625		15.050363626712729	130.27357221481026		16.227298686464877		95.56590809697974			28.23146544308099		50.435278086493305			55.1541820755786	10.187832620265052		19.142006242661864	36.136400541272
Anaerovorax odorimutans	Anaerovorax	Clostridiales Family XIII. Incertae Sedis	Clostridiales	Clostridia	Firmicutes	Bacteria		11.082036046861193		24.677241625237777	13.942250371415843		27.892758582737336		23.888696717964752			21.463965569923023		16.428850003626177	21.01282012065532	20.57693756684091	16.530537335725658	1.0625	15.367413413869931	17.19426197759067							37.46247153904773	25.47502935550601	46.25286626644797				41.5556493490641	12.801811435405869	30.17053978100803		44.1028731474718			19.45944327012485	21.7955591195838			33.69717834630549	14.39151192558308	19.909819483329848			12.33783503440321		28.60518560815892	15.131969733549056	35.25058014925265	29.626665728068737	37.274451054403656			11.40351162866128	19.088747787738413		31.764036548903263		13.472998700098817			19.45884613753149	28.46866728049018	10.532312182381382	30.182636799051185			26.578564561223818	20.17295104329701						27.88744331797258	37.68828120987585		10.476576093370236		37.16808002088755			14.006089207550431		33.66034838037208			27.284003656551292				14.87159167672327
Ancylothrix rivularis	Ancylothrix		Oscillatoriales		Cyanobacteria	Bacteria											1.1107524866544074																																																					2.002222222222221																																
Aquipuribacter hungaricus	Aquipuribacter	Intrasporangiaceae	Micrococcales	Actinobacteria	Actinobacteria	Bacteria																																																																1.001111111111111																																
Asaccharospora irregularis	Asaccharospora	Peptostreptococcaceae	Clostridiales	Clostridia	Firmicutes	Bacteria		62.31255488454799	25.770387974279085	17.233573815577806	72.77674885641056		32.347210761853496	28.28730395544084	201.5882133675825	29.172224256845197		33.00772257110776		51.58909053786762	43.1114469791322	90.73745426992568			14.730269875630464	20.531055666001315	42.70819309385885			16.747122413213333			15.10806756218987	50.61350309175294	35.34503925671099	27.040918181733044	21.580959520971348	12.225150631142531	105.56883486236607	76.1606677656107	75.74867683974004	41.29379038380044	42.06055278509794	23.57533090088623	47.63600912278298	38.83866902071416	67.94299173285764			109.83039955238664	78.27964515268323	15.0655297291557			99.77698122027992	16.607470279952402	22.85680958235668		172.17701155318045	180.34160130128757	22.668050321813			28.06452032588922	141.8493373385513		42.62529114090558		34.54936456276526		53.58223313164909	135.12592789865693	70.75261179615501		50.8637946529609	91.05966523032848	43.328934547134985	70.79426311599808	21.198304758310737	11.127359310125396	38.46922764856892	19.5156493791283	12.815538155277263		135.52165021651751	34.169769573544265	38.27782041179173		40.61178902184936	44.35433896692174	1.2263227673223522				69.14375743020332			82.63103140220653			81.01490567569476	117.04183401208697
Azonexus fungiphilus	Azonexus	Azonexaceae	Rhodocyclales	Betaproteobacteria	Proteobacteria	Bacteria											2.004028358976714																																																																																					
Bacteroidales bacterium CF			Bacteroidales	Bacteroidia	Bacteroidetes	Bacteria		904.181500623178	456.04823185257845	448.0795202544711	647.1718151521286		1319.175138083569	208.0971993120611	1290.4998412567322	295.97238296873286		390.60397837277145	47.73943285179241	355.8424097290692	656.241129763352	783.3491001415093	600.9999220469842	2.125	277.7020605598896	726.8728342154864	303.189433687239	45.49999753422324	36.39822918911437	119.7778183841746	16.103772233288346	197.00444704564228	987.9110910545896	873.03096181671	2192.144070915219	292.46625018037406	451.84127697822544	239.4567346075106	2738.97319484404	590.1989664520395	1096.982772792591	296.4448116416316	1692.1293205882048	244.910125572218	324.72207191200374	895.2349957202883	1585.366922970715	9.000025085020114		1197.0908621848582	744.6872811630026	711.6593775861246	188.98959531200023	5.249999961607095	565.7875356024538	748.2167467460771	752.3131391238186	414.59605819310735	1272.543348820734	997.489372738964	990.3075243739636		272.2813181495352	700.8056388679968	1201.6312604055893	14.113909317473356	549.8545883708446	56.54180104192508	432.0820933051776		297.78803960520827	592.2746002985695	549.5332133384808	598.2661933476395	1292.3602700697538	1473.0582441362976	498.33479948825885	887.9277105746625	141.80278932706966	124.35010909541208	183.16018121872327	160.9910376619775	233.4546815908812		1681.0350151117705	530.8624559881619	422.812367427858	195.03770471830336	298.53950558539026	1110.289942398422	18.080604547510184		151.6574373001391		1789.9225684015414		4.0198943014934105	948.722201716483	78.43766592877948	2.2333333333333334	915.3920791628408	706.470044179492
Bacteroides acidifaciens	Bacteroides	Bacteroidaceae	Bacteroidales	Bacteroidia	Bacteroidetes	Bacteria																																					17.54864309312125																																																											
Bacteroides caecigallinarum	Bacteroides	Bacteroidaceae	Bacteroidales	Bacteroidia	Bacteroidetes	Bacteria		13.535386870759478	14.620676525755496				27.483703082361785	18.69589125550628						18.48725605123577	34.231612517147624														52.73689636078502	16.153323063028555				18.40407752106481			44.49081202806779			22.267226734120435	18.36647225043429				27.8037336775974								22.984392483439613	27.69031090423329	16.47164316714097		14.068857027241128	18.48724613619629	20.33882392693434		12.432267907835593						15.290013690900386		23.3502659857544											22.12421473675224				16.684513379636392											19.155667724223115	
Bacteroides cellulosilyticus	Bacteroides	Bacteroidaceae	Bacteroidales	Bacteroidia	Bacteroidetes	Bacteria																24.95653748554469													29.225161920524396								30.70226667713438					1.0			18.88576048883037									15.511240925305584	23.9575721284082																									15.924830761277228				18.83303598843508					25.379295907213965							
Bacteroides eggerthii	Bacteroides	Bacteroidaceae	Bacteroidales	Bacteroidia	Bacteroidetes	Bacteria																													15.630961640175276								12.701590752373717																																																											
Bacteroides fluxus	Bacteroides	Bacteroidaceae	Bacteroidales	Bacteroidia	Bacteroidetes	Bacteria																													24.80721028727347																				17.04028563949207																																															
Bacteroides fragilis	Bacteroides	Bacteroidaceae	Bacteroidales	Bacteroidia	Bacteroidetes	Bacteria															34.084263153631234	17.995285630895406											28.119166050472405	22.88711116316676	69.57445772839613				19.08459098862775				13.768094472765464												35.779657787364755				19.400278230809032															32.70274989186732		39.39447786297723		33.549982211352834								26.283496658672536			21.10391043609449	38.377066009203794											18.401195771698585	
Bacteroides gallinaceum	Bacteroides	Bacteroidaceae	Bacteroidales	Bacteroidia	Bacteroidetes	Bacteria							17.720541553601553													17.748163124135946									12.340866653009234				27.65071187848708				14.51243603027979												22.719675179110272																					33.277721130335046									29.176469298544603																	
Bacteroides helcogenes	Bacteroides	Bacteroidaceae	Bacteroidales	Bacteroidia	Bacteroidetes	Bacteria		35.70187312289005	24.74582990823835				37.95423182911533					41.50052437605801			46.05104181155379	29.548334398707198	31.706311900910038		23.759038602339697	23.988390608082643								24.20680882495433	92.64236369767228	13.335277622142216			20.2763888159028	25.38206937457828	25.004593187481305		64.66623950929416			26.600907432876845	25.65211485230832			28.21416757849819	31.838791533410607	45.72127457339951	23.203395461358284			42.61414351511471			27.82347011302885	21.13635128759587	29.993498780579			34.13147543888855	33.28239522751429		28.215984677839096		26.714668460826648		31.10051964895718		42.71433055898324		24.09910099838033	20.665154433428352		26.02660746240937								56.8195964887192				27.437947627976232					30.578337690208453			20.111389303306105			20.86573958905682	33.845424438463986
Bacteroides heparinolyticus	Bacteroides	Bacteroidaceae	Bacteroidales	Bacteroidia	Bacteroidetes	Bacteria																																					18.78597873469809																		14.396889161432853																																									
Bacteroides ihuae	Bacteroides	Bacteroidaceae	Bacteroidales	Bacteroidia	Bacteroidetes	Bacteria																													16.558256944745494																															1.0106382978723405																																				
Bacteroides intestinalis	Bacteroides	Bacteroidaceae	Bacteroidales	Bacteroidia	Bacteroidetes	Bacteria																													19.406778654412413				13.534761961095684												14.298766295951848																																																			
Bacteroides mediterraneensis	Bacteroides	Bacteroidaceae	Bacteroidales	Bacteroidia	Bacteroidetes	Bacteria		26.14065507035449	33.043740561645805	17.074650539171525			15.531998282847344		16.184357515135993					43.47537031488666	56.56496817162144	12.392237096566078												28.802879382920263	53.16195569483272	11.858586731852403	25.372028990185296			27.90915667538526	21.66456914993042		40.440731911902745			30.396629213006914	28.180527876393352			29.409517077037854	35.07939440767186	51.46729614032479							23.09482461861109	21.96741288308862	32.62864228258746			27.26174877740445	22.85167749920195		32.652642021639224						17.087534306612895		10.62232504994002			17.685350698729696								24.63111810675317				26.84435667719719					16.37810752309726			20.581837119475725				
Bacteroides oleiciplenus	Bacteroides	Bacteroidaceae	Bacteroidales	Bacteroidia	Bacteroidetes	Bacteria																													20.30520483121732								11.96601457339269																13.128865449262925		15.272471701664283																																		15.293105479153342							
Bacteroides ovatus	Bacteroides	Bacteroidaceae	Bacteroidales	Bacteroidia	Bacteroidetes	Bacteria							24.86345351747783									21.625932851192907													33.634699716605496				29.27959386680561		25.152958278335685		22.637970527603947																18.16313134815935		24.456544750459948								19.08591750147908						26.5117844881156	29.498655450121028										56.69771763024299									44.33432345373225							
Bacteroides thetaiotaomicron	Bacteroides	Bacteroidaceae	Bacteroidales	Bacteroidia	Bacteroidetes	Bacteria																													10.19364963786392																																																																			
Bacteroides uniformis	Bacteroides	Bacteroidaceae	Bacteroidales	Bacteroidia	Bacteroidetes	Bacteria		23.31928082552754	40.0227826453527				16.679475799679636		25.19886526713488						30.090429506393964	18.31397160956104	26.622450823504703			24.466157258082948									35.39719565269744	16.219417425080856	21.45303908915656	18.37983435360041	22.15666998752376	33.51905435340067			34.72105141254697			26.4007824390742	26.80121758968236			24.929534381982347	36.04081375139186	33.36841162000749							19.95965358462542	19.34492769422414	33.8892281806306			19.735638298727103					15.51498708931183					35.24239601011917	17.573176416019372	36.2871187334392								1.0476190476190474																	20.83917331169904	
Bariatricus massiliensis	Bariatricus	Lachnospiraceae	Clostridiales	Clostridia	Firmicutes	Bacteria		241.20508425024065	117.41129702300172	226.34195927944648	63.620892356045445		104.8153681557162	191.19750345738856	153.8674147820554			233.40276616269605	48.91939209764361	169.9574814047619	268.18290215116525	188.64235160495844	113.53664972923087		257.29542294069654	172.11511298515163	84.17989855980376			34.55215416848758		73.88715248660071	202.19909281378267	357.4467008864174	287.10239826337914	200.5319569001583	92.06949219429076	49.734157938067845	156.60282848210784	159.3504751974637	66.40322663474554	43.84293597470453	214.07274688099807	101.3998434897988	129.71101525808982	79.88585618268904	133.1533646131076	1.0907816188681274		264.8103621652811	237.52711424442896	330.5314854087964	69.6303929643455		155.7012801743964	61.24653255455587	348.4609858314024	598.8649107750142	301.1800526745929	283.6491109113276	180.1185194398947		159.17858228277498	311.15493054549194	117.59549287987323		254.35461145427732		65.96598064619042		57.65545038397546	79.72372846592448	350.50163708086	251.65885535012933	203.23123229393804	84.84552390415135	48.41722737354944	194.59396191091045	483.1396624126976	54.55660916663928	59.40789359517029	60.21843450385456	41.47434811156516		144.2574495939618	171.94932564679937	29.986181840914824	85.49948725232527		319.6264035967652	1.1003384709422694		64.05889424408015		145.48806493740938		1.0814966303668363	355.3500945353475	22.048369260247025		73.46397797356344	32.94238538763893
Barnesiella intestinihominis	Barnesiella	Barnesiellaceae	Bacteroidales	Bacteroidia	Bacteroidetes	Bacteria																													14.295604768078071																																																																			
Barnesiella viscericola	Barnesiella	Barnesiellaceae	Bacteroidales	Bacteroidia	Bacteroidetes	Bacteria		47.72010269519565	46.73874675552717	89.61316206789601	48.63497242405754		126.78000778657731	34.381040129017606	122.1995959654847	41.241659928375405		24.5827005715971		47.182965273375125	87.48908486306297	86.80958136136192	64.66113309015239	1.0625	48.61264741681053	60.10085187518722	24.123860441366094					20.95123470148648	114.80364701958064	162.40712231495624	206.46013420443535	24.505416428793133	66.26854574314606		177.64484440861386	59.66379102115121	100.04242503832177	27.806931064481752	186.92377572384265	22.358800046258956	17.06916616270947	74.11683027457438	94.89719738199685	3.999974365863981		101.55602063529368	74.63075399525903	95.60953706731632	29.20850169319563		128.6230190199927	51.45184507216252	108.12487927539918	74.2027823853096	149.4726874586049	150.4356850439998	106.548609595706		42.13306030486947	57.533551585329526	113.87789230033844	2.0209595042214668	75.55331684113601		37.82478253543103		44.5467787736634	91.39057092403316	57.48944958136276	97.62771826543374	152.08493868521654	160.51146384221607	37.33247540393994	100.30155716745624	30.28318114521229		36.71825759583583	22.71517307356146	31.73701982120356		168.51107072458782	164.236889213122	54.36622701808604	32.11701611017817	29.552399750188933	324.7135606377575			35.01080361483679		145.8795517445538			215.8598066458065	64.2244321627882		69.3038789968336	83.70874066397201
Bauldia consociata	Bauldia		Rhizobiales	Alphaproteobacteria	Proteobacteria	Bacteria																																																														20.19426712868476																																		
Betaproteobacteria bacterium GR16-43				Betaproteobacteria	Proteobacteria	Bacteria																																																																3.969575975346058																																
Bifidobacterium boum	Bifidobacterium	Bifidobacteriaceae	Bifidobacteriales	Actinobacteria	Actinobacteria	Bacteria		20.066194598672585	21.151372726245626		140.75270572816774				79.27566238578848	14.128074245939692					85.99055528654254	35.41378162962546		1.0625	32.144165272226324								27.11187737243198	21.09362913701682	30.12532160345257							18.09155764080512	11.0597817185569		26.86626914326213					51.29384055449923		57.98460029823482			23.743422743745757		38.120357035661065		50.802620565257136	171.83970547591255			14.11597100724819	27.07699133477331	106.0590904733508		41.11094063825039					97.29268135494364	38.17023781268851		53.25903223905873	53.84241731930662		21.090321668719582	48.2206052749152		44.18544234092425				32.199767476851086	27.17829567620286			26.27774304586605	122.73328295940716			19.34123628070511		44.27831582936289			56.15721433378443	27.507148074715644		54.40359958102214	15.056833587013154
Bifidobacterium pseudolongum	Bifidobacterium	Bifidobacteriaceae	Bifidobacteriales	Actinobacteria	Actinobacteria	Bacteria																																																	111.83160216821352																					11.261999841745766																										
Bifidobacterium thermacidophilum	Bifidobacterium	Bifidobacteriaceae	Bifidobacteriales	Actinobacteria	Actinobacteria	Bacteria																																																	22.82987778531569					16.428272838479884																														21.202216033152453												
Bifidobacterium thermophilum	Bifidobacterium	Bifidobacteriaceae	Bifidobacteriales	Actinobacteria	Actinobacteria	Bacteria					18.78128366486525										17.567417340631927																																						18.82061428134581	21.461769197716077					30.49607302131921																									23.411912191491485												
Blastochloris viridis	Blastochloris	Hyphomicrobiaceae	Rhizobiales	Alphaproteobacteria	Proteobacteria	Bacteria																																																														12.115333466700998																																		
Blautia coccoides	Blautia	Lachnospiraceae	Clostridiales	Clostridia	Firmicutes	Bacteria		119.34422194003854	27.929309668021773	72.1347530859884	17.990678266896197		59.03057436053293	33.04379814479044	34.83918582786278			31.47590088193362		23.02390594482333	118.2451307088839	30.119986701122457	14.382581083908685		114.68945781578932	22.76641688877288	53.03855418776098	16.697200356181654		29.474181955875384		19.44075260020648	22.932171999510462	123.66288469676606	115.46368547409502	126.9789871198716	30.88349104544263		11.344002124268153	146.59454704510108		89.50332243595265	109.10051244532876	29.29187947010246	27.418264849870297	88.89421687047559	134.64118949004637	1.757048176259295		47.48140095414203	104.4793870711414	136.26365137055865	37.30460493796066		13.076376684739609	24.027696813168035	342.19867035409817	160.48011296611273	181.3818971037331	166.4684620303323	51.71421211582852		53.04570680248711	136.8622590060121	73.16953357986442	1.093626714349066	158.64254993488214		27.08164937548434		86.51310325010058	55.60254243716259	176.5563915300625	38.04482476651015	82.78867025397213	18.44290145483609	37.1283530803834	58.8090907561672	110.71683896771806	18.66593467018332	77.65877897188804	18.65867952469289	19.51053286724272		32.964087328727096	91.54962341902372	19.384505737948206	11.793745371242824		119.31923955489572			28.233984158504743		21.693930115042036			103.82176522881984	12.387509687920172		58.71942430798831	25.569175839854648
Blautia glucerasea	Blautia	Lachnospiraceae	Clostridiales	Clostridia	Firmicutes	Bacteria		415.6282066487827	65.44787132315014	102.76487647113588	113.75111005041252		72.16254275307985	96.49905199154368	55.46768864703615	47.79597655820408		144.59709131978914		70.27538626542649	152.29596216749113	122.3232032791507	68.10489074384029		240.65681834846976	98.29771759782535	233.74852444427268			94.35189771289042	29.93072006649048	67.04959041642891	57.67954126405092	223.7278861780984	117.10884554462216	195.19897460980096	190.92683064773735	34.38779455990398	49.45389643267611	209.62070774680055	56.35707706081994	199.5557625735779	211.39862395624695	91.3135292626588	194.4665109544229	90.80293598656628	267.17686697953553	4.0300318916642		139.2106147037967	200.3555428245428	221.25185195959287	45.89074252194619		78.0174735768007	44.80558984431685	767.4049170712028	261.02010638451884	267.04540316302325	311.93160128200657	106.57902351314344		153.6945276139106	262.8297494027623	110.2922257269265	4.217363359641984	301.16907060564233		55.48605103747707		140.11017297446824	278.6872268131281	458.4192705487457	93.11916451129288	144.66444734298986	151.42407693673513	85.39215413142354	180.545915511273	209.4494656911502	24.26963452945561	199.0883931609984	51.37017669264942	27.882119087156383		88.70526741340711	90.65107234324404	88.8938424969415	32.19532055722571	46.7967193907612	335.2064725744922			72.74548585032298		52.51366957597708			243.696948060837	45.55226290227568		61.261757898230194	112.97208419058737
Blautia hansenii	Blautia	Lachnospiraceae	Clostridiales	Clostridia	Firmicutes	Bacteria		51.80957487916935	12.819792231671585	19.04086592086824	18.67970020169465		17.433790698317583	19.443201263282013	14.736437646097231			13.224568113769037		20.22141869618572	60.209118558971824	28.42810975946764	11.055433371354114		28.664788326554373		20.33725088854761					13.779324825197634		23.231736217616422	34.37032906158216	55.64537225030524	23.723803047031648			37.21844711679714	14.864847674795458	17.83908424280702	35.699858000320766		23.306048605917525	29.4381437156526	27.507782561526884			15.172361682724686	43.59889379020202	42.33965782632351			12.174330036064417		66.10699798175762	38.04831076767886	35.739797603661955	38.27616756070539	16.433644490632005		35.49825782903608	54.69107436015968	33.177714870003186		51.05794995063873					31.8281282971527	52.07477821458379		29.59158132448013	19.69208244883937		25.45609679345807	29.102279048577163	13.069667436015864	16.535696789565854				17.001842544127854	10.838936169980869	10.847108628368554			66.46810065456832					36.47223395965899			58.875168888014365			18.99135343056567	
Blautia hydrogenotrophica	Blautia	Lachnospiraceae	Clostridiales	Clostridia	Firmicutes	Bacteria																																																						11.604212936002808																																										
Blautia luti	Blautia	Lachnospiraceae	Clostridiales	Clostridia	Firmicutes	Bacteria		414.6751973704129	111.5200949855803	43.72678410190087	64.31028585085666			46.3816147701684	21.431188894279167	20.53204062907247		63.86893794179481		275.73581243494027	73.64572048785703	75.76549451422626	15.723061976072886		150.5806987768592	24.114018731172944	127.34428920469968			62.60990598149031		39.43537202444281	54.54839850429066	52.78962061551198	28.66955161153429	154.04457236969137	209.46787730155947		23.31184831039914	114.0899910660386	42.7561884227408	185.66888279504	46.616454260913606	106.07993084093332	170.99732954890737	49.00059630209203	75.65557566767565			35.82162021271122	196.67520624410395	71.68961191095524	23.966842713532305		27.085374253901875	16.5379966342706	414.7414019449778	17.062055526989074	153.9262650313249	183.04575454472385	19.455039480545526		498.0791777011942	957.8313880091424	38.66676548343949	1.3717904220215098	167.85406459483082		14.06127737920737		55.62829122237273	112.88168377548013	211.1120332673819	36.73310930297239	44.81566601338957	35.51935343874601	69.10795616886801	66.58193451369766	76.60755159134737	45.19143085869077	128.4194582937844	44.667042217509696	13.570016518156546		32.293196828957086	33.945079123871224	65.46303029780348		15.169343340620532	106.73881545803566			29.27817061901879		13.866680775741344			77.11937754056125			30.54138375896929	23.918883850172215
Blautia marasmi	Blautia	Lachnospiraceae	Clostridiales	Clostridia	Firmicutes	Bacteria		76.00352977842168	10.74853480815518	55.41738140035349	14.79866479155856		22.953276202035862	15.264608852472756	15.514525256986955			30.32016980230842		15.216603375075042	102.3842886648338	33.83388581839548	12.785178398339518		51.8566988324393		25.956087030938825					16.063302240071426	14.55300301493492	66.56763723028556	62.44759430592524	66.4364170305816	23.250142402006038		16.439040684634076	31.49467952172917		42.66323181533781	40.21514957354315			18.57389050488404	19.724274068413877			47.48465737553338	76.27705456336841	96.92592435493512	27.68909738286096		13.095752817415514	14.0628222980904	72.01000610134146	152.2905226412449	41.98454068037263	70.59307331571911	16.22628544171682		25.655608906787958	50.01938618864818	51.12217328487136	1.0196685780960324	84.27527921018832		20.00282749835429		25.985961776190106	38.38094355224416	111.20014751635873	26.48004867946545	77.9173125753225	18.070882274317952		23.540069253122752	74.42408614016793		38.98167555916605				15.405501318269495	27.339138730713195	13.064056334924928			63.20817374058723			11.577905313181027		48.13845788813938			60.58813199639295	11.60974723199585		25.242367428690745	16.10581392018821
Blautia producta	Blautia	Lachnospiraceae	Clostridiales	Clostridia	Firmicutes	Bacteria		1353.4078323641627	356.8530647425773	499.7394360043009	235.8632876488789		265.7891783550816	575.4630161553245	409.0589345529107	74.69601798309465		576.3777310285559	109.2031917200558	462.77582138343394	1136.1566423653885	540.1003521252934	191.6472996089697		762.3199147616089	235.99907969233928	595.1318510620598	31.6809643838675	24.729624938830156	293.8593549221577	40.447509703970255	242.6025988064543	433.909541859324	767.9800681175526	689.7889527633064	1151.834613078879	427.9395350583928	138.27693931178206	441.15774869107673	665.2357016097449	166.36450015658272	954.4114423900554	909.878705452781	300.6032638926356	686.4331140679734	535.4479708101554	598.9579118503822	19.71770173785033		492.4076291912773	1129.307712139345	1180.729607111707	229.6058895486653	1.889589953850738	236.7839634722296	166.37779673376562	2049.741625097693	2088.8480084215557	917.031378524259	953.443624404735	389.604571092857		733.1022561586097	1599.304047686196	498.5350387336354	3.0873077238424877	1240.4599790749703	29.8348899748538	270.2081536358762		267.4543770141055	566.3634541862374	1183.1711811492596	504.5869679003944	715.7054623455988	197.6641271568241	163.30065157185447	498.6194175165252	798.4229666645313	137.95915212181754	756.6431438152854	180.9346980764031	102.98589440425305		447.13097645013056	352.647723993529	135.7692123694565	115.4318883031465	117.75743500948064	779.8751353116993	2.0276151886439817		275.8323381265652		618.4745596337714		1.6307859392723418	874.0954105842042	92.60119411760422		230.99287434062228	322.0610798421981
Blautia schinkii	Blautia	Lachnospiraceae	Clostridiales	Clostridia	Firmicutes	Bacteria		97.03827662317715	41.32992319955744	28.2940283879925	33.49811636808939			35.24320651843325		21.97852966469608		36.1958656202185		22.140376373937407	30.851147654558137	16.981584267862452			75.9017397748752	12.763746348723608	155.1570501342858			47.967691570133454		21.137780123016395	12.411232827224378	20.75222123067776	15.55609056611334	62.20228524036951	90.00743587766874		11.610564111069255	30.176502741978613		59.48446222692451	35.070154246067155	24.185846229524223	67.16576444236875	30.356104015101696	48.78780283702852	5.110090039115815		19.362393699659115	86.30638732476423	29.305259615289305	12.642989205105378		35.18726515848531		70.02155899376862	22.486832886670964	45.9488824626097	79.7357449973778			25.60022519672409	74.41099745933586	31.02994599028789	2.4903499460798204	100.18558899153888		15.905662849198118	10.011111111111113	27.422247505449047	121.4506830006933	74.95786021471234	39.89414329548583	18.441009522088297	45.18532993687849	11.146730315376612	59.96553107099442	80.40097710042492	10.540650725801587	70.02896956452265	19.40613268299156					35.56279502979813	18.91444204601598	35.40354822618739	19.48744798524244			14.663398379758268		10.82659842330091			35.87310243337114			12.627541655699863	74.17870946631707
Blautia sp. N6H1-15	Blautia	Lachnospiraceae	Clostridiales	Clostridia	Firmicutes	Bacteria		52.562712433576415	10.288994381640236	25.886291045323578				29.57570462306872	18.187797145603216			28.889325076005463		20.528167153080023	68.293713395583	10.931170943937634			18.273599810843688		12.161917821524153						11.543768157084896	36.38523116528822	56.80306470295141	35.33837921685273	11.55726977525492			27.459140296045117		22.5156354113216	20.791114085917485	18.678030359657868	32.674236681934765	10.103724220847669	10.552269466266438	1.0000000939013407			30.767349849589145	78.60643467261825	25.99744554304496				52.08538463686711	19.65713983143876	24.881842873157886	29.13699713199847	23.593209638679024		19.688247465672397	38.43278871043411	25.280277945558737		60.59760307470499						25.21685110396302		98.3673126027158			15.111062694691991	58.94123733665565						12.370723451164784					76.21439717397526					15.778067151249196			54.404526882525566			19.926417400703176	
Blautia sp. SC05B48	Blautia	Lachnospiraceae	Clostridiales	Clostridia	Firmicutes	Bacteria		887.2678693273315	216.7984894998669	211.1816147721842	130.0975949034151		100.09083430174708	296.32277916229214	130.96498477435162	73.84110241261139		361.3661989406864	28.37039073959321	341.3084933353084	478.49629951874965	257.7444884997464	80.96823043081079		608.9614365816499	116.35662125448164	301.631537538685	33.68895176200844		143.47783488121738		94.95032858027017	154.254593218751	382.619454271748	308.0141390330676	506.5569427766087	368.5543406701427	62.87834878745289	115.73755513111207	387.5153309703659	108.816576152442	335.5133997587872	435.6904391229479	227.97849937505163	373.7028642114472	190.39562177092185	279.1641381497052	1.8298365383099489		182.9202288802707	501.376658182446	557.3024801734664	144.92421113329465		131.96372277355212	94.07189427211053	794.913039677894	400.2002802658688	532.4896563797461	672.8015846134351	143.09361887038824		750.6498977460054	1269.9965070709304	310.95525610568404	3.9088650676362247	740.3762093012041		82.87687397898753		196.53547725601453	347.0446211311792	842.3314171482917	169.26923332579676	320.457542742752	178.3706944841614	134.02301031751358	293.33455235565225	487.17403927887176	70.75209089200467	340.49463781048325	138.64337780721496	28.130460907473363		155.16268818995644	180.13417874888952	120.07875889889152	47.64256344969467	59.5337463678221	806.1074854208049			103.333268183801		116.27292860254944			589.3826761962636	53.70868677788551		145.57930964242436	190.8586245044672
Blautia sp. YL58	Blautia	Lachnospiraceae	Clostridiales	Clostridia	Firmicutes	Bacteria		393.45501201346735	89.48091070313309	137.96371731811942	76.83501588545184		102.6092443560986	161.32438820504154	147.90280095543395	27.789125367864383		151.1912595104668	29.08481150605404	115.64808125721588	532.5309259544774	194.2420328281271	61.9812827393722		260.8864145324543	60.69650937906462	105.84543019920405	13.494907411687253		50.0507517643161		47.72888824435559	105.5685983236019	206.4658356389054	290.14299408720865	566.3807338600072	132.0610253341153	35.6620074642525	47.27269364771768	230.60996517693812	53.60350054612525	348.75914233890046	233.70251173876855	87.748917696764	211.4308192740679	190.4402682899208	209.405170999922			150.89701582315388	423.0174461560287	511.8330301972099	100.67991083588149	1.1909639999439594	81.03760728179562	62.480975848592834	611.1149066850073	531.1494608129377	210.9647131529264	272.9529210537061	127.25925154165846		294.6415014493011	493.576127216951	150.10881334133373		329.16774366290326		77.46227413305002		83.43048308001866	176.2899208743756	394.613729582506	154.38368642260284	303.1854262029452	79.32146815965467	67.14993842908554	129.53955423531238	297.8340424541464	45.50403670897696	269.960536663528	46.56577793259574	23.73306998796672		106.3412474170009	128.42097548777073	43.49400966792627	16.556276065541	42.43635194439004	304.4956619618953			57.43028545127556		210.2179834270375			303.1783039466286	33.86363704667757		100.21882218780968	112.08169533622409
Blautia stercoris	Blautia	Lachnospiraceae	Clostridiales	Clostridia	Firmicutes	Bacteria																																																																																											1.005586592456229					
Blautia wexlerae	Blautia	Lachnospiraceae	Clostridiales	Clostridia	Firmicutes	Bacteria														54.47668557361631							36.60824460231811			31.59080235096572							15.324713538309798					32.27246567075168			13.876104558211036																		20.84793926402598	64.43373256962258													11.775282517971352				29.417462687853533																1.005586592178771					
Bradyrhizobium americanum	Bradyrhizobium	Bradyrhizobiaceae	Rhizobiales	Alphaproteobacteria	Proteobacteria	Bacteria											1.2148934595156242																																																																																					
Bradyrhizobium amphicarpaeae	Bradyrhizobium	Bradyrhizobiaceae	Rhizobiales	Alphaproteobacteria	Proteobacteria	Bacteria	13.239934983794932																																																																																															
Bradyrhizobium betae	Bradyrhizobium	Bradyrhizobiaceae	Rhizobiales	Alphaproteobacteria	Proteobacteria	Bacteria																																																														59.57082609774207		3.996792692964556																																
Bradyrhizobium icense	Bradyrhizobium	Bradyrhizobiaceae	Rhizobiales	Alphaproteobacteria	Proteobacteria	Bacteria											7.129117520274062																																31.46987098215729																			49.3456837644174		13.317781853122296																								12.903062527131413								
Bradyrhizobium japonicum	Bradyrhizobium	Bradyrhizobiaceae	Rhizobiales	Alphaproteobacteria	Proteobacteria	Bacteria											2.792873530775638																																																					1.0064596129530308																																
Bradyrhizobium lupini	Bradyrhizobium	Bradyrhizobiaceae	Rhizobiales	Alphaproteobacteria	Proteobacteria	Bacteria	31.13210948185736																																																																																															
Bradyrhizobium mercantei	Bradyrhizobium	Bradyrhizobiaceae	Rhizobiales	Alphaproteobacteria	Proteobacteria	Bacteria	93.70928462637964					62.66661744450956					61.90108846637201																																37.16577175573921																			20.860912286591645		1.77224514635963																								96.2405544941451								
Bradyrhizobium pachyrhizi	Bradyrhizobium	Bradyrhizobiaceae	Rhizobiales	Alphaproteobacteria	Proteobacteria	Bacteria											18.242500648067068																																																			78.68628693543901		40.59701482345277																						58.93462783171521										
Bradyrhizobium paxllaeri	Bradyrhizobium	Bradyrhizobiaceae	Rhizobiales	Alphaproteobacteria	Proteobacteria	Bacteria											7.129117520274062																																31.46987098215729																			49.3456837644174		13.317781853122296																								12.903062527131413								
Bradyrhizobium sp. KBS0725	Bradyrhizobium	Bradyrhizobiaceae	Rhizobiales	Alphaproteobacteria	Proteobacteria	Bacteria																																																																3.1553949913884454																																
Bradyrhizobium sp. KBS0727	Bradyrhizobium	Bradyrhizobiaceae	Rhizobiales	Alphaproteobacteria	Proteobacteria	Bacteria																																																																3.1553949913884454														1.0476190476190474																		
Bradyrhizobium viridifuturi	Bradyrhizobium	Bradyrhizobiaceae	Rhizobiales	Alphaproteobacteria	Proteobacteria	Bacteria	93.70928462637964					62.66661744450956					61.90108846637201																																37.16577175573921																			20.860912286594655		1.77224514635963																								96.2405544941451								
Bremerella volcania	Bremerella	Planctomycetaceae	Planctomycetales	Planctomycetia	Planctomycetes	Bacteria																																																1.05	12.620022171915428																													1.0476190476190474																		
Breznakibacter xylanolyticus	Breznakibacter	Marinilabiliaceae	Marinilabiliales	Bacteroidia	Bacteroidetes	Bacteria																													17.702654222680085																																																																			
Butyricicoccus faecihominis	Butyricicoccus	Clostridiaceae	Clostridiales	Clostridia	Firmicutes	Bacteria									23.6919288779782									1.0625																																																																		23.222289327387813					11.080144003122626							
Butyricicoccus pullicaecorum	Butyricicoccus	Clostridiaceae	Clostridiales	Clostridia	Firmicutes	Bacteria		306.06512283175994	121.00260220335748	100.7213082250822	139.74112931944555		134.89473122171907	102.18886257855534	892.6178313423911	24.56226867217425		170.94306184103894		115.77737369812584	214.49710341125345	294.19497434566824	106.69198102943868		137.39165780764966	120.33291944524844	47.59986000980848		25.969618406813456	11.66114025273162		30.957577112242348	299.57542499362165	98.39626834573752	251.5766888442608	172.44812388676985	35.497542996539764	70.16990548350424	352.1261919413617	239.214973377588	150.6681816390905	76.70880273707779	169.1820652110682	91.66478650431816	139.47555505929498	98.78542159403642	93.78894651038378	2.999994335365744		423.3179749674208	97.92209308041322	218.2255568978645	56.67529281492028		66.23894551962306	50.61580315569477	608.6433016100069	262.8289626801397	196.0981674140312	180.24535805423216	159.81774984732922		156.0845500453982	316.1163072506603	184.9777724697284		134.28517330013486		109.56491259936732		60.84681701446379	308.79382882967366	161.98216388121196	237.8941257603831	246.4054338238184	180.73010300583027	71.3240841263326	348.62031462211206	45.92880894906626	35.2447901299964	31.26117452335605	66.67736911320021	52.0334863853897		599.5378257182181	287.7965960876192	56.70088496595901	104.20140001504464	137.9546072297319	809.3538533186282	1.004502009130059		34.937914310518		675.9849260012754		1.0064511406938352	363.7906460555269	51.70556209318256		78.69390327033678	173.58090238845384
Butyricimonas synergistica	Butyricimonas	Odoribacteraceae	Bacteroidales	Bacteroidia	Bacteroidetes	Bacteria																																																												1.0106382978723405																																				
Butyrivibrio crossotus	Butyrivibrio	Lachnospiraceae	Clostridiales	Clostridia	Firmicutes	Bacteria		239.74186027165305	81.43495692978864	59.14903577030795	23.419325144032904		168.35439037016306	75.83877115724724	85.08253509285201	17.641504461642715		117.93705825104271		82.67161076359265	244.2315236876081	176.04171892181935	67.44102769239763		134.91191321662785	119.69508967350345	51.62512697430471	12.962636928445116		26.464782740469985		18.452906495530264	178.8082683221498	198.3346786061512	294.5901784686348	200.3825489647994	111.1530787718341	58.48701521803968	257.0279919098527	250.80329096983056	95.51942091500976	138.77473908946862	329.50378936478296	48.498200387543584	146.9438123888373	349.3953538474862	181.07747858572196	3.983849006137922		133.2472477514122	243.42458975918825	175.72391851179532	38.618156864378655		79.37974426623768	111.25972840622742	163.3106172119743	167.9880509445037	297.4031012038885	258.90718288803794	504.6945733913197		117.05120435402516	241.74755839577293	194.62452910043223	2.0000543063094103	255.0773591175061		74.16179051586751		40.29602807408363	53.41360446913741	192.335408723608	251.85908675917932	212.25764280253128	34.29354881258559	128.33341809627004	103.36916570359676	80.92445561444023	27.89950546344387	90.80796988974264	78.17132751657913	30.84072711789497		125.27434534666288	183.83324326424145	18.21859032948863	30.25689037489368		146.8733422909634			29.58210300986928		126.76376131702445			247.0149258032598	16.404465696898466		133.0166642508741	133.02437023525815
Butyrivibrio fibrisolvens	Butyrivibrio	Lachnospiraceae	Clostridiales	Clostridia	Firmicutes	Bacteria																					24.116828039374884															31.715259825276032					13.21249972685529																																																							
Butyrivibrio hungatei	Butyrivibrio	Lachnospiraceae	Clostridiales	Clostridia	Firmicutes	Bacteria																																				21.62098308408064					13.023949674469597																		14.313263002483376																																					
Butyrivibrio proteoclasticus	Butyrivibrio	Lachnospiraceae	Clostridiales	Clostridia	Firmicutes	Bacteria																																									20.10350239408879																		11.764270582114891																																					
Caldicoprobacter faecalis	Caldicoprobacter	Caldicoprobacteraceae	Clostridiales	Clostridia	Firmicutes	Bacteria					20.777980690267448		21.24502577321387	17.321484273738648	27.183772105394123					14.040566369573805		22.30336837029922			18.01921434297001	16.15936155235029							55.14724731578253	18.277516284518075	18.14408882107344				34.820627988615534		18.817230918008047		26.89383406323228							27.10751820384517		15.4603436294896		1.05	26.84766789851207			13.12963233972306	36.473092619539344	34.60217191047312					22.58387681514269	2.021276595744681	19.049738855385517					43.09852366708117	24.945270676001737	22.904228714533254	32.338101394968874	18.102875064383323		25.785139129948007	30.155095097212065						27.72753580580097	31.480645954779096		21.220453324351567		40.02991424340821					27.22503104814665			14.68699211622448				37.77035529511904
Caloramator australicus	Caloramator	Clostridiaceae	Clostridiales	Clostridia	Firmicutes	Bacteria																																																																															15.104011921110637													17.93570448464619				
Caloramator indicus	Caloramator	Clostridiaceae	Clostridiales	Clostridia	Firmicutes	Bacteria																																																																																														1.1166666666666667		
Calothrix sp. 336/3	Calothrix	Calotrichaceae	Nostocales		Cyanobacteria	Bacteria											2.009333010403027																																																																																					
Campylobacter lanienae	Campylobacter	Campylobacteraceae	Campylobacterales	Epsilonproteobacteria	Proteobacteria	Bacteria				31.14752192982456			44.24081850061986		25.08740893451643																			12.05350236355823					62.21652985164246																		13.041174776849989	21.098071419802576							14.047748526522591											37.18813305242687		30.12903095531369																								
Candidatus Babela massiliensis	Candidatus Babela	Candidatus Babeliaceae	Candidatus Babeliales	Candidatus Babeliae		Bacteria						43.15629812225302																																					40.17696160267112																			21.203175390721903																								24.463430420711976										
Candidatus Nucleicultrix amoebiphila	Candidatus Nucleicultrix	Caedimonadaceae	Holosporales	Alphaproteobacteria	Proteobacteria	Bacteria	13.950361010830326					38.012882447665056																																					15.624373956594324																			18.17415033490449																																		
Candidatus Paracaedibacter acanthamoebae	Candidatus Paracaedibacter	Candidatus Paracaedibacteraceae	Holosporales	Alphaproteobacteria	Proteobacteria	Bacteria		11.031035932773804	14.100915150830415	14.342227012523994	72.20638336309383	17.465378421900162		26.125622791902224				18.06968475421776		20.10616153205596												19.205946113347785	15.06215481618567	40.17834065677966	15.06266111874304				11.036380327209164				39.09481832096346							33.19011746400963		11.067794952064176						19.07066219062665	33.11873242982416	16.036455471135877	14.137093772369363				11.037516699410624		26.07035307439772				12.113395369337422	43.13141660535457	33.47667216354177						15.0785250938887							22.14527795838752								22.470744680851062								
Caproiciproducens galactitolivorans	Caproiciproducens	Ruminococcaceae	Clostridiales	Clostridia	Firmicutes	Bacteria				39.0706272146994	49.62250116781448		16.673822282493614	16.98429495145379	40.68264465391297	23.18426624906488		17.959414120243384			21.631118404214572	11.753342661217914				13.532200637802491	18.78658565843049					18.07017742484032	61.7075538652286	30.405289826237368	30.670151176402896			17.9875279771936	45.27065242745283		18.02859503282084		12.390164406076542			22.334991262750204	19.976694875901728			27.169965585438685					64.38009339551726		22.6326739761613	14.95607911937081	25.57835936116648	33.222306875164094	19.11018397306493				22.565289174467345						19.63859235742083	84.07864709012307	23.28863814743243	27.194684620422358	34.948549693957375	47.60967068906928	11.967606918758031	29.861326603622164							39.7274019092504	41.75435573086577	21.028450696198536	14.333240608939011	16.00435594789688	63.838566851216775	2.998799515289229	22.28321867965257			39.80551560795379			22.659056667804474			11.33677465362503	43.52109302289762
Caproiciproducens sp. NJN-50	Caproiciproducens	Ruminococcaceae	Clostridiales	Clostridia	Firmicutes	Bacteria		53.922041826298525	29.05509599980339	199.68117260111663	205.82214738027096		232.7766978312777	103.96853865451126	394.6694403850455	77.5972641452695		95.53228482134554	13.328202281905524	41.57312299588519	172.7712701678029	186.83825703254612	92.48515341498756	2.125119498976716	161.74829814873888	125.97910150207696	113.7163060217138	16.773714662816268		45.32779508342468		80.18735755528769	271.20079610502535	219.0505829047613	293.0856676463053	44.26856089541352	52.722451465321726	60.39556282026199	230.1922977789652	53.874125882722446	214.05686619059517	132.6572258458203	198.65072812282628	23.04682349906919	49.35559050325809	221.54096569644608	516.3333261466921	5.238919020424396		201.12776976236773	68.32393701890916	141.30538309035364	44.04221729680807		371.2032356935451	43.89859025609828	345.683095838511	269.50861143359833	332.872604739935	329.4734846158693	273.88492063312964		34.38189650125134	64.59518673230686	224.899585396793	3.2472235490918586	226.33584613956023		94.9270879222268	1.962869733332447	117.9537266084204	529.4739104730486	326.1266881794264	297.62406792916715	320.23124633684915	194.0977691510522	140.8006370993029	206.0421216431028	58.8125476632856		91.56532576681732	18.738496719449277	54.95827286840429		329.46984080653846	456.53595357992407	69.64474267147355	43.31850038594855	91.05931083275966	833.7802855163837	1.6540106645481274		53.67123614693399		343.8886617700959			438.9830023592425	111.5887526246045	1.1166666666666667	175.8780669599671	261.7853997791899
Casaltella massiliensis	Casaltella	Clostridiales Family XIII. Incertae Sedis	Clostridiales	Clostridia	Firmicutes	Bacteria				78.9901146117407	26.456843886801057		94.02254294000052		96.93324378906924	13.90248331152842				15.187418356659595	37.60283989114168	35.897205197853374	27.796311259158152		20.201482786123865	29.627532162409125						23.12482017384728	76.54363598484048	89.16667851779388	91.1181363317356			12.48216761250557	118.01691996826862		49.74745015775248		36.32376345499876				20.46335962854818			113.28705050590214		25.97658361445068			67.83801107150185	26.610756808870693	30.748884312333217	194.6796806597194	143.63137991720978	80.62165761260216	40.42716429322342				17.796545405926523		38.49539474187007		22.54029936249517			58.52543563990027	42.344135585717865	52.13769684768441	126.9483240501638	42.626179367892405		49.0708825610514	58.062641770270375				13.362226919926655		169.66554848433674	149.04376068182614	19.277807171068748	27.26074055150079	16.81246948227857	140.23431495570873	2.0089820358282		11.065039976926332		110.57655724875572		1.005586592178771	109.9029092435869	27.69981873052552		16.122704072309958	34.94462209406055
Catabacter hongkongensis	Catabacter	Catabacteriaceae	Clostridiales	Clostridia	Firmicutes	Bacteria		22.322141685452177	14.817525885084205	49.7747905424052	57.46544468154743		44.86274962828849	26.6531992781555	52.004123861441634	37.179874132266896		23.26347115475339		14.560055121510567	18.90584195071849	26.76555250835424	21.65726275654482		24.697677515484926	28.64055195554988						29.39007123412784	100.14337003875016	42.5289681529978	58.693052657324685		20.959095461894663	24.803826247878863	99.75117445773115	17.081382623193633	30.08535942321097		57.04199939197725		15.426711780300783		23.121273045618047	3.666188474149625		78.5043247217378	21.06926949464376	41.71449007608492	13.227220438487029		55.009117313293686	12.20022473148727	39.18869060661867	61.11273768585964	58.30653806772713	53.384219088513966	17.1578344090033				50.22788546383685		52.42484402407271		17.784532467361686	2.0022222222255293	16.25903737738819	92.18713035781124	45.189823875954175	46.65409224789356	41.09018239597737	67.7581448066217	14.076365966026732	54.32831346165008	35.77637053873492						65.19260691969613	39.84450641778728	30.383220571090288	28.304441755069643	18.23281769348704	26.034736868284043		11.9763650906315	15.21406693190803		70.94024643462465			24.84945731898355			16.169207353365184	47.49051249065948
Cellulosilyticum lentocellum	Cellulosilyticum	Lachnospiraceae	Clostridiales	Clostridia	Firmicutes	Bacteria							43.02252943412743	10.459527731104762	38.72241126407117	34.807989528712724				38.6346893237573	16.712086081763303	16.942696419024852				15.614354777722792									168.3715880911847		112.50269788666988		863.2877127088316	93.46638106886796	23.00738503580709		272.9880069820593			26.756562088961157	33.51746414056819			137.57922842577338		22.562410844028182			376.7420785537883	14.108708881303802	18.988021678798308		220.41756536285797	128.68534043912774					60.94212515808447		60.86134856749395					102.22885139132282	25.358955745324465		13.38411064100625	78.36133817165788	23.201410749279543	29.437347289273404	79.25577079970127			10.8735163866399			59.5222566251512	25.340081702690945	29.226434246871197				2.0089820359432955		35.4629320986514		40.37154394438902			63.01646853414869			20.66597306525983	337.95097409963614
Cellulosilyticum ruminicola	Cellulosilyticum	Lachnospiraceae	Clostridiales	Clostridia	Firmicutes	Bacteria	20.38898916967509		34.24528373006422	27.12848856757201			94.50843832946484	41.9573629515414	55.41427334055717	30.774260440735137		43.47585889879729		39.82399651298863	25.52192752658155	41.59678924817325	15.105015199806752			11.6389231206397									294.5061432517958		124.61553575655564	35.78053566064818	447.6495980793434	389.00738271974575	51.61703074989629	75.31715653541208	374.93647754801486	21.161491762169177		119.35711137660203	70.0025997030595			159.71330906536548	85.9467893510994	13.23607634461189			292.0277511431289	105.3845834858581	53.41017055028464		195.1866157571452	142.58259039627956					70.94624759783368		41.35306450345222		45.37400200719625			73.80717002813006	16.828045611383928		34.14775072870102	57.1397147301337	186.11305507166315	17.727975727039134	54.33273098000221		16.067434084569612	69.64344402346882	20.59311729081672		85.76524915510329	13.230711512727677	19.446732758632045			13.260463658496809		11.119741100323624	62.89617300755086		45.190438274994655			72.91635895091243		1.1166666666666667	39.68464939005996	265.6123421027348
Cellulosilyticum sp. WCF-2	Cellulosilyticum	Lachnospiraceae	Clostridiales	Clostridia	Firmicutes	Bacteria							33.65387760531887	15.01314666046129	32.31327752014997	14.311256968547978					13.031061012163844	12.072975986697472												27.59148239874339	134.83764536959555		71.33927551861369		461.6748843224484	161.58120176906928	29.33966094723577		264.36822287691166		25.31327124184194	23.50416534980771	21.736183240755707			87.11571603751008	17.653025677445317	28.65967142911469			234.7610867103928	45.75365460720575	16.49085093688405		137.0233178747749	69.89278908067385					46.27101174483281	1.8122590894587756	31.14359198783972	27.261225502356737	15.029829231835915			54.24016334705059			20.238046413825774	65.15023412360435	51.08807000961024	19.11248096214975	44.6053546017159			21.073229595439425			35.99475809056082	12.58240647449286	18.927756652919165			16.808204780427143			53.58093210137277		31.15437397668798			50.59886725256405			18.44270715873373	223.87823173501397
Chishuiella changwenlii	Chishuiella	Weeksellaceae	Flavobacteriales	Flavobacteriia	Bacteroidetes	Bacteria			23.432671917340453																																																																																													
Christensenella massiliensis	Christensenella	Christensenellaceae	Clostridiales	Clostridia	Firmicutes	Bacteria		87.96868300202026	52.84367883064719	194.7832874133656	166.59607272679534		154.37238191103634	75.25712616715408	333.8817980799858	97.41991402389756		92.7275616084522	19.983971513400675	47.195059637565926	80.82059481070539	130.08025163175577	64.482174072071	1.0625	118.39260902056988	123.46771824096324	29.213998329450888	19.252675629988623				51.02156816955488	596.5406422096345	172.07619553443	182.52921957668843	19.53509754882218	32.621487628533295	54.27785563537606	460.1107225760183	42.69085879485365	139.55421719967245		194.5583646279985	28.50929929697161	52.56994210783347	63.45727916078011	68.05340470815419	6.61140405192024	30.543016648159156	458.6991087899283	55.48802615397096	99.87241268023496	32.13329819348512		281.04695395646417	45.2834246978212	97.52355529508304	273.5534499320313	164.41297280694184	125.20759460175138	80.7640436277285		16.836774733842464	26.830936345934283	109.2504320138966		120.30953581292344	42.783424172338	73.9326212680936	7.606617123734979	39.79260458501285	266.4076028859526	186.88991069516555	239.59317217207652	266.5836951395221	287.73654789018593	30.292564363096496	268.62981199433733	72.84901944049108	24.66113265247193	29.657272525378403	16.132077129466808	26.85799126856928		368.6021181544082	271.9135384529797	54.90548952617702	217.23222277862956	55.64456222993406	214.21170927776407	5.8185647587401945	39.42007240261864	32.9018214417548		298.4056902591531			176.42153148926187	30.97224957894134		71.98514290659165	140.35172351743012
Christensenella minuta	Christensenella	Christensenellaceae	Clostridiales	Clostridia	Firmicutes	Bacteria		20.28867014105449	25.77763075210131	101.23146096512588	67.24101692410215		108.60846342226476	25.77845957625914	166.482220832224	33.34309249408564		29.45774376600225		19.57602601293879	47.06607341645213	76.47328678314896	24.01522984785032		31.10306010102858	27.62973954268322						22.08736602885129	214.89331098108156	119.08584230007868	104.17823954663	16.831242882624522		24.668854535037852	293.40146120706225	19.818250017586557	110.33330508810538		74.0743744642811		18.246112139793347	25.62192797765138	22.639737833262654	2.7030564812013447		255.29618276619232	24.51704640595516	50.86725545129269	22.163166976266197	2.0999999835352203	105.24956118236923	19.69736314786641	37.703917329861696	109.46769655500655	71.86305567004025	58.52126733962335	29.52203083742387			22.9327402148365	46.219236993397885		48.76788230667872		34.65745657563751	1.720040422598642	15.618431304987476	77.5704746349995	77.59573731197578	98.14856168550814	77.65536111492865	103.23205599931592	14.366481498409277	130.64514637710388	41.74409727883829				30.476734560490858		164.67441123352455	142.64100637106216	30.986192918582415	72.80873854708679	21.11830215207946	75.2117755796118	4.324507695939506	27.674930581788413	12.019920344860074		193.9385845984894			55.8842445796825		1.1166666666666667	27.35247349425798	49.96893243920174
Christensenella sp. Marseille-P3954	Christensenella	Christensenellaceae	Clostridiales	Clostridia	Firmicutes	Bacteria		515.3334243378547	354.2413638665424	709.2057871515548	755.6378033115411		795.0089675155098	739.4734228864648	1380.0830978390609	417.7984374899552		954.17942569883	31.08547866947729	325.11667700318753	479.9640576497805	516.9809458809639	339.23596738694823	1.0625	798.8246141633429	500.1852190250402	286.0983120966057	36.01411644136269	23.88630621526023	142.81973827234577	24.692612510614207	169.77222370842225	1671.9982921830156	631.1191950699932	773.2041592577382	150.22236119693065	361.5934694473846	280.04292366957065	1151.3293720943268	446.9203977956796	638.6095242041224	96.3196270269616	1016.5902995279164	152.2016810158004	272.79968165422844	333.84460630988946	602.9332688906223	14.019289218348076	64.3192538025921	1025.8781556580748	539.0463900586807	1093.7849460098555	224.815027018588	3.1500000000000004	811.362810825933	281.62490323972645	480.6099448386177	972.4859846586312	1016.269026216475	952.2354540673211	345.27307574972394		173.32514303066114	367.75364143388776	643.7595079114976	4.042553191489321	895.7498866493981	110.68717865573154	396.4927807638924	20.706675786996403	276.4426586385587	1058.968003923981	1280.3346428555692	870.9369319647622	852.7532856514966	989.3644395676416	217.30943618227343	872.6454990853101	664.0111923032615	115.32317669759428	171.8636789803715	166.62247945274297	160.34279448834226		1236.4053842708852	865.4427664407242	212.0858493454369	351.130741990274	340.6055556236212	1839.4405082045644	13.9647119764582	96.18052626849148	267.8625934621201		1008.1222603013694		2.011173184357542	1535.433805646966	161.42845091236788	1.1166666666666667	358.7703727319294	655.6413340560784
Christensenella timonensis	Christensenella	Christensenellaceae	Clostridiales	Clostridia	Firmicutes	Bacteria				26.81009257769154			23.603451892534707		42.081253840929286			12.653463617207374			12.991188347140064	25.57815373918303			13.054592888410838	13.42049693040166						13.327114403825648	35.98395828413408	25.818728396520815	20.091734567748286				80.80259720595524		25.3479828110562		15.525980750022368		11.610777836052344		11.510801199164014			37.215289648282905		15.715899870363431			28.954602738727004		12.279772630748353	28.330618330303327	16.41642949988039	16.26538748637645							11.389668756017173					26.991408582422903	13.036940676992671	35.51803339784674	30.910620615060004	30.11575383893421		31.505725264833323							50.87572574032392	39.681685724228046		16.773429885002063		25.08081222228023					46.56413253833254			36.20047737495277				10.83730751655387
Chthonomonas calidirosea	Chthonomonas	Chthonomonadaceae	Chthonomonadales	Chthonomonadetes	Armatimonadetes	Bacteria																													16.665616359129682											29.077955689132605						26.159967016014424																																																		
Clostridiales bacterium			Clostridiales	Clostridia	Firmicutes	Bacteria		30.579778030650377	41.08892082857131	245.818518598442	136.5802115903619		195.1791526120558	39.13918606994039	339.78858193144947	78.40737106867917		60.81029839175188		38.00069465416615	142.99104392561372	113.05359390010432	98.0079075140472		33.794410985988726	139.35159382295348	27.005939823332454			14.698354000063883		51.56140666352984	256.6922246456329	287.38846406758626	308.96970317707104	38.01688511593451	34.55294827923162	29.744824968477456	277.93971463455614	25.476696103287345	129.11481504021836		119.187415041898	12.113059712973842	27.553956603754514	82.82339267623487	72.72519629187303			306.5024149031345	93.91418495003434	181.3971090184346	46.69280340725956		384.8871921672574	11.977734958370364	207.6032043452012	273.09339278220784	425.6146183266413	196.6028623257864	229.4105049578908		31.74749975119715	78.71594248920216	103.36579320538814	1.5159336947612572	109.58885853463326		77.58448134920057	5.506110636676295	64.92858525935489	393.9366308754218	185.01670073457265	113.75178723883722	292.6191447983176	233.2651381663204	73.70548096895294	161.42594108048053	34.27810195926257	18.55074166277653	36.013796413576074		31.495961539473377		472.7060231774543	364.42041713069614		72.50561758855157	85.686620828735	266.73199045072414	1.5058773776228735		12.476266711872368		262.1475994403183		1.5111868382016769	369.1341836527566	67.0554169312231		40.67842318721557	292.2744658657051
Clostridiales bacterium CCNA10			Clostridiales	Clostridia	Firmicutes	Bacteria		85.79511281273032	28.335790856735787	120.33361130014887	110.31820165039636		117.64347708344148	27.282793532112148	300.9420248001728	50.86993920678846		69.08769795994976		43.1362938507645	143.99654813491412	100.46404752621748	45.42583744893621		111.20541688337572	69.07327301305455	29.94314540293124					22.657486562846163	125.39429099411848	193.37755941811267	176.63030206134945	74.2955823314442	27.100137139695786	40.02513877409254	187.3375852050225	61.01066518775733	85.69474220700708	15.593208699514085	137.74555866488728		10.813828511013424	67.64908581825607	77.14531212441153			173.34995863312707	75.9102600489284	149.28934495086028	36.81908682732792		207.3587295781144	50.84505158076551	134.61469847371396	238.89362426432905	262.5165410371296	181.11973105233625	120.41072075104266		55.89098058756692	107.44939222812567	190.1972575798298		156.24495258199295		56.49295378576168		48.48113231952061	264.38953572723966	146.94334958055774	91.9293512952566	204.42379906237716	178.0742552457175	33.16796792359472	135.93275627387595	68.29629632525445	13.198590764283756	27.9669125742824	17.928907949109185	23.698646337645485		379.2161698053616	202.6851451171524	67.81801709793014	42.75599340668402	52.419835333333005	345.5026138097584			21.32504014869536		222.07946159105583		1.2653252616083512	405.7446485964003	61.39377209413446		102.24244035609232	230.88331530479252
Clostridioides difficile	Clostridioides	Peptostreptococcaceae	Clostridiales	Clostridia	Firmicutes	Bacteria		224.5080767384109	143.29726918382494	112.371979730128	337.61068156174053		161.90218355562573	108.952717742188	597.850402790542	130.96665198929796		126.5843560837839		278.32242247055683	161.14193459941004	316.9248409205055	83.68408000689728		212.0497670140527	160.9880320959091	220.42846955533685	26.15582986839572		103.42878735893818		65.76885939931682	257.4484699024457	250.6589587373932	249.9622715963885	94.09221387538489	181.10804668675308	81.2942619386348	370.0681370063606	241.8668564913769	248.9118966945928	114.18080186498672	170.59481234047033	62.11872572815411	157.15951541650753	169.5673315715803	256.6851927173652	5.395294216625381		393.8312733249974	268.97834643983896	102.02983033585048	32.93544287833714	2.304089185650338	685.9731519619264	67.29935973805915	587.583299365346	168.25983939568476	1005.6392990810446	1238.8577404970886	135.5837758577301		78.11604692539221	196.02140703921336	732.0945038377938	1.012969269943148	391.5416487545425		122.0112838018331		165.33323004563724	546.5522150709738	479.1234014017503	143.74167177398752	343.5131826233317	322.19425137433456	197.8654665692064	305.93502706193334	311.13802449915835	47.91895721586688	170.0520111636438	81.89987778807239	57.1765944532798		573.9344525193185	335.92389734752913	208.51297779945295	123.99834516737138	133.63810488488605	818.6513593028374	2.969648829258487		73.08183718448633		249.3507550269375			901.3734691771116	112.68402524240724		361.8795468528335	458.805589469973
Clostridioides mangenotii	Clostridioides	Peptostreptococcaceae	Clostridiales	Clostridia	Firmicutes	Bacteria									14.049176047764888																																												12.86501181646968	15.385363005893014					12.311036098997036																				10.163363955428506					19.123581693409417								11.934652692380991				
Clostridium aurantibutyricum	Clostridium	Clostridiaceae	Clostridiales	Clostridia	Firmicutes	Bacteria																											13.152973141551064																			18.70252602519569																																																		
Clostridium baratii	Clostridium	Clostridiaceae	Clostridiales	Clostridia	Firmicutes	Bacteria																	15.89146397489766																													18.842371033350503																										12.474614559552949																								
Clostridium beijerinckii	Clostridium	Clostridiaceae	Clostridiales	Clostridia	Firmicutes	Bacteria			12.756205926720618	41.01336708383294	38.41575289886091			16.996046167432038	112.60802536592328					15.219943994742422		16.43438627229066	44.1576387861026		36.14618025825448		12.119531146310036						71.07599155600523	12.325412315544078	20.4785910175068				50.82878412445876		25.265202006301077		26.26505570383841				26.063352915578072			47.77287595563286	48.7945971568065	155.2374057012866	36.212833723430585		21.199157228067435				29.617881815155883	36.42407977276911			19.63622332602706	33.12178045950439	23.2354301156584		31.07005696472185		12.77769354264553			49.21768577812053	20.684646942208342	26.92882111866465		13.65713047566697		57.138147934817	78.26733353409628						27.25766117286252		30.785417033050624	38.35979371618153	22.41559998347573		2.008955621626612				10.73771842920404			26.2534430503151			20.320503551116964	32.80481128824223
Clostridium bornimense	Clostridium	Clostridiaceae	Clostridiales	Clostridia	Firmicutes	Bacteria																				16.136412707711383													15.959018783386185																									38.13211104799526																																						
Clostridium botulinum	Clostridium	Clostridiaceae	Clostridiales	Clostridia	Firmicutes	Bacteria									37.25145187355229																		17.065529848736553																			19.63218643950663																				25.382239502722665													21.957960500315064																	
Clostridium butyricum	Clostridium	Clostridiaceae	Clostridiales	Clostridia	Firmicutes	Bacteria		17.578190673480794	22.92348876326714	82.06142505489835	131.21242144678266		16.48625017459811	16.2973269762217	128.4866660489451					42.01205747077933		47.47533448592105	51.44132514955395		103.54910688039868	31.41527050247161	28.023553629291754			24.217696441694507		30.485819267668443	104.1889286133896	26.512517772131893	22.31761198651496	22.23315022330364			83.22424665952164		30.92468590699174	15.036624734326852	16.735475718935042			22.440207100666345	17.70467284919272	2.3547872436288766		108.82322806619035	88.86925195144649	192.5372082626383	61.71557721067303		43.5242559602676				48.39897322683563	51.07590715740199			28.287356370888407	40.94122734803063	32.28920527384234		38.34131238478912		16.06604417186738			128.9678824823122	32.51540561866576	52.56503117886237	25.317149276819407	12.616953933771915	17.614068508972245	74.5076694154426	71.56784471647832		21.446126797742878				60.95954694155928		18.57741185904048	39.71098120158385	55.33631702612495		2.990386725586556				14.547719975456811			42.27528477117032			28.08794665108353	79.47405568321616
Clostridium chartatabidum	Clostridium	Clostridiaceae	Clostridiales	Clostridia	Firmicutes	Bacteria		51.439504598475054	20.428033900446668	30.934414173536183	19.18375827026324		54.86040547835494	30.34324985382368	25.34757105637068					44.17588328738965	16.90477670722056	20.921951140272885	31.099460325583447		15.987043980033288	28.382312589654365	12.527017797089393						43.56465535957914	17.938263217412914			14.238304032958624		67.90747468538954		49.88872019798848	36.25157396420098			15.661858886085415	23.215695912171523		3.992380439133021		22.444206966861756	89.63212614877025	101.76777599956588	34.988944524860294		14.103311835825991				28.122090928731367				30.7300113848229	113.05222626815372	32.8266826515886		32.45697828962911		28.86562271315419				13.3556481543841	14.502723373365226	12.133760459263932		41.349326886176975	117.5007957619671			17.919849713843874																				12.966364597672884	
Clostridium chauvoei	Clostridium	Clostridiaceae	Clostridiales	Clostridia	Firmicutes	Bacteria					88.8892148452095				670.1597163290609							13.835567729956658											18.54462455682141								15.343855388104688									29.998134145033905	14.973318095335388	30.18284761119208			12.443873369925791				29.813387325393037	21.492315693864857					21.11868245870032							111.25824857315465	16.83444753549064			14.284068003459648									116.1521586994943				49.44362153649065						15.78270696883932			29.021864679238785				48.310325497131565
Clostridium disporicum	Clostridium	Clostridiaceae	Clostridiales	Clostridia	Firmicutes	Bacteria					101.50432565933876				61.15717552989489												12.891244853362243																							20.66860159616627					13.492845276139317				34.65984925559375	20.988195747657507					18.601456133675825							96.50345465508768													32.95893902557092				33.16022828402174		1.3961941181559214							24.650154282175244				40.42364938124014
Clostridium gasigenes	Clostridium	Clostridiaceae	Clostridiales	Clostridia	Firmicutes	Bacteria									18.093703357447986																																																																																							
Clostridium isatidis	Clostridium	Clostridiaceae	Clostridiales	Clostridia	Firmicutes	Bacteria		22.50279811605616	14.876076412704146		254.16665178843857		16.264768068077935		601.9692635353229	19.94348543443818						42.54565430714554			17.76497171906041		25.717448620568888							14.024685723151231					37.83498961687671	18.369215911891068	48.269927498232136					16.632095645181874		1.0020087714642267		52.19291344041056	29.86723782512449				32.45709069804342				78.10596701192961	37.68107668468326					54.009546049688815		21.893104465664795		22.07151347045114			264.8270588226677	26.220367959387747		26.16991828645394			14.17512549150531	12.674372432849326						127.43198029050438				111.8482532481012	30.940016723839385					34.46193738499227			97.23192981891346			19.281398362932265	120.46818590764266
Clostridium merdae	Clostridium	Clostridiaceae	Clostridiales	Clostridia	Firmicutes	Bacteria		157.51500433607845	73.85888424303354	385.1973210104928	173.8292019957155		269.8626878428518	178.4359615252954	466.488987500008	101.01201967601044		149.33572045363547		97.77825237319485	250.20356955309188	159.57526161245505	77.63322064388665		191.9490853551409	104.59883486022692	129.6843190632035	15.95018614904232		111.29571285470672		93.50452922289404	447.1794162480453	347.6471485201101	444.335761340934	57.17152757323431	83.53891488614455	52.23899733513208	383.9291487428048	116.88921566312158	197.02945783726017	123.21704177364802	388.5274802701541	49.57735140681245	83.81491546723463	212.68394224055416	651.6481556785043	8.380464234113752		407.0586578297063	113.94932799238627	313.0955716715004	77.90508547616005		354.78249354439	110.52720343454064	331.7845000528089	271.7384955082684	398.575174899162	529.7099814626429	349.2598316823913		44.28481209448689	154.91614033813062	206.36063203156775		246.43367814549015		117.10316604228976		174.4584385931663	393.04409375029206	312.42951793299443	318.97497277007125	361.3648714274431	362.2433392740968	159.42479338688983	285.5932839969069	113.35683791063114	30.56269118798232	93.87575397093394	41.70035115956092	68.19321209911253	1.0476190476190474	427.0726400760316	378.56620858971024	118.58781475538102	67.73427337570932	96.26857568830415	631.0365630525058	3.609413904261892		65.37969481362111		385.2887721175628		2.018947758068	441.9329121477447	70.91361288556048		188.72410883709009	295.88693760210174
Clostridium paraputrificum	Clostridium	Clostridiaceae	Clostridiales	Clostridia	Firmicutes	Bacteria				62.825822039267656	88.5380171894546			21.015022065193016	83.58328321179775			21.550639484165146				19.71895094152392	30.684607040188336		50.636293071620514							21.16520596221988	96.75993228245152	19.994423205546106				26.66669880516059	48.44945830796375		19.99581960482761							2.630002317842372		40.41017738941584	68.0228424997057	204.3794195266925	50.82125101610613						28.692357624531528				16.03542179456462	20.610681058141186	16.195347357944165		28.472331923516094					69.18494029577327	20.75728561220364	47.90418447731864				66.63962130182564							36.19243900919906			21.080494180710247	29.06062613238209									13.300757015510523				38.72956958083856
Clostridium perfringens	Clostridium	Clostridiaceae	Clostridiales	Clostridia	Firmicutes	Bacteria									23.927405222709517																																																																																							
Clostridium quinii	Clostridium	Clostridiaceae	Clostridiales	Clostridia	Firmicutes	Bacteria					35.07596618923968				40.67574932322178																																			12.28535952942369					10.346739590984482																	30.72047074303123																	12.66342282960876											2.2333333333333334		14.585117542302257
Clostridium saccharobutylicum	Clostridium	Clostridiaceae	Clostridiales	Clostridia	Firmicutes	Bacteria																			20.7488857885092								24.54303522502864						13.561595591935951											25.524466602476235		18.937794250822108	14.187138732845533										10.943574369788935	11.251465011981274																																						
Clostridium saccharoperbutylacetonicum	Clostridium	Clostridiaceae	Clostridiales	Clostridia	Firmicutes	Bacteria			35.995188697214374	46.38673069683605	35.5624606811435			26.181661913083648	47.936322410547774	29.2652944556685				24.915964800535917	20.295691060351334	20.102786472186946	25.07971197340334		65.72974191548053	32.11549152719517	45.30110320241742					15.628688192923216	116.61150429403364	24.674867851234115	50.8834762615536		87.46844363407251		79.44363738330941	41.03123837980794		25.182301057004278	66.23210528088664		51.58454969731665		76.11681462103107	3.020821227931484		63.40314803069381	75.90606336880597	217.30600568149347	50.37816862398031		33.75592262252553		17.053844015749988		35.04707467315125	65.24315934039686		1.1739130434782608	18.781466392245303	37.6796354843216	34.57154374785358		67.46292273694326	12.11610022326966				62.14581028015692	30.27741800966817	24.766891603919746		27.00038572730353		112.44780747489362	183.55987667026776						27.087456097445735		57.848167201006966	60.0940862991103	21.72932745067902		1.0044913306920733		40.233763550511526		21.87345806483947			26.434455669959835				51.92794221749854
Clostridium sartagoforme	Clostridium	Clostridiaceae	Clostridiales	Clostridia	Firmicutes	Bacteria					16.20756856721765				65.16093289937439																																																									13.808679239659526													18.30208807120371																	
Clostridium saudiense	Clostridium	Clostridiaceae	Clostridiales	Clostridia	Firmicutes	Bacteria		35.08331774012463	50.70505504967802		537.5830891377163		26.53636883124993	16.0849956352746	341.29546765454484	21.396782438445925		19.824471874346308		61.00945757634057		95.2505405587936			13.838526943497165		77.7935804182135			43.98766895430366		20.663316335203827		19.58567440269969			29.887881694986906	38.673206838150186	69.68807753082478	25.23649601363493	80.15170390574629	42.5442957981823		32.841881500009485	51.430315346863736	39.22972316473987	40.14473654107902			159.7330023271539	87.60685242895293	18.057334953321867			203.49720149517117				196.67170940348305	149.4029682932544					140.12217148971055		36.1508982921839		37.47530362979428		49.419740731986735	542.0766113176451	34.682255744099066		42.87984068980197		16.651453307102667	18.77838880039593	29.92862353175945		52.1585511941463	34.3778148225704			165.82397935009232		27.72905433946179		254.39938326398544		1.6166886311649111				118.42512696393987			138.6848062096121			80.62897994458748	206.90304944524948
Clostridium septicum	Clostridium	Clostridiaceae	Clostridiales	Clostridia	Firmicutes	Bacteria			16.273812121497834	20.54769461952052	73.92638660705579		18.69965158140995		423.6943596519217					16.45117686127681		24.10103709201969																	31.24384840836637		28.58448322265659									31.459236254844235	41.15458778415668	23.187831051610065			11.764624816842868				37.06518607886149	18.75183216233099					18.91966272029918	1.0106382978723405	21.50291934846454					110.6316650758247	12.724144441800304		16.694413759370953			21.849622354235866	25.808031140184607						100.0220898412097		19.557178818877908		63.62103833967235						17.93305657656643			34.315146737209496				74.9810601744964
Clostridium sp. BNL1100	Clostridium	Clostridiaceae	Clostridiales	Clostridia	Firmicutes	Bacteria		161.50599374285153	16.1156281985268	60.42196038338023	31.36738563475232		44.66623393356772	55.27964327240927	62.6080215983523			57.07269397867209		25.840298313159906	130.00715155119994	41.76796067611312			82.98662509247569	23.79295385772537	47.395145065064966					27.534217655782545	63.8942993149243	109.63124679479188	65.4361300252131	42.42411347764629	16.2690058007841	28.315106065248912	23.04029614868952	97.8232613343043	47.8016829996076		71.17514229571957	39.113878026796826		76.82436070267023	72.13185750272443	1.999999999999943	34.59682804674458	55.331827041835474	52.523166452847285	82.04003015217016	30.84816423889544		14.733158548683134	37.45536788849578	71.55157600642256	61.68000646581347	203.16667360484809	231.2016295479772	61.69890267019012			35.36361702930775	270.09633579594407		150.3008949026049		46.87140699207815		19.376239197249365	78.07663977042769	104.86145761124722	54.48174571263017	38.155001220196695	20.052737403434858	34.77243882700405	38.21346057034315	20.013993949088764		56.56697623969253	46.691232060691526	22.62239758236759		47.21123109173531	30.208176520573705				26.38809750521524			34.76721891009788		55.15898935777206			15.585769565241616			191.36720356013413	15.996428546466031
Clostridium sp. JN-9	Clostridium	Clostridiaceae	Clostridiales	Clostridia	Firmicutes	Bacteria									23.19298887901141																																																																																							
Clostridium sp. SY8519	Clostridium	Clostridiaceae	Clostridiales	Clostridia	Firmicutes	Bacteria		26.878933756649207		16.320385072057995	11.02755433882504			18.884392567322845	26.40364897366811			17.007696832677304		17.296085015431295	44.555427567782615	20.013016028027003			26.780613988267252	28.497754362723462							24.794554876138434	21.11840230549716	46.86843679089337	12.99914029792484	21.50503023842888			24.03836504479834		19.934447717801397	26.3897004032938	24.55429757077337	28.051199732107538	21.2213757421352	26.73631501141986			14.977310409041294	24.788760011644143	47.233895177308256			22.420323480719404		22.374144766463115		47.61458487451722	53.1758261720884	20.167729405927176		14.251436946430593	29.95523062487973	45.608182216828745		41.92570384974429					29.904456444447984	39.23739142378989	20.905864398862715	63.74260450252499	18.93909086232124		30.008548655397515	47.22854965273721			10.340838336484897			28.406119589455784	34.87939917737285			13.053380109495937	141.98694945038068					19.05553813115792			92.95334838442432			20.95197366759793	15.689283036221523
Clostridium subterminale	Clostridium	Clostridiaceae	Clostridiales	Clostridia	Firmicutes	Bacteria																																														16.798142081311436																																							2.008982035928144							22.25664357119763				
Clostridium taeniosporum	Clostridium	Clostridiaceae	Clostridiales	Clostridia	Firmicutes	Bacteria									17.010791111686533																								14.614669067819545											15.527502839821237																												15.381256616818453																								
Clostridium tarantellae	Clostridium	Clostridiaceae	Clostridiales	Clostridia	Firmicutes	Bacteria					27.28031511950394				71.64981315115823																																			18.542734333972646	11.320397813781664				17.63026933203474				18.874424438027805	17.086766286586023												33.540477753911865													20.29013034514459				22.831157446731915									21.07594216250499				19.373751645011996
Clostridium tertium	Clostridium	Clostridiaceae	Clostridiales	Clostridia	Firmicutes	Bacteria		26.15463676227092	25.66541005982164		372.2858059445721		21.574326382296487	17.705677070300077	1863.2297395133075	26.88459541508184		37.92752651457883		50.5009830620896		55.40440504854436			15.732122753134602		39.04431945342828			16.49686479373825				26.37276716478817		32.038975351576305	26.051107616977973		57.24801917873907	30.951281279764565	60.63212252732149				52.00618199553366	31.007415100324792				74.81718294601039	40.403207911724586	25.36808810886575			36.62160969009047				78.07717344139843	64.21402352759976					43.58862808219913		25.475915768914565		24.983432146401505			308.0024008019644	50.22853024364911		24.43602393444036	20.89145894404523		34.073188536911864	12.319234413332188						236.61165360691584				148.33902395375534		3.0371757883427875				23.023726301909573	1.0		92.7762585190882			28.17366086214506	144.64739502488382
Clostridium tetani	Clostridium	Clostridiaceae	Clostridiales	Clostridia	Firmicutes	Bacteria									12.59590709671684																																12.04609875386694					15.07207482325791																																																		
Colidextribacter massiliensis	Colidextribacter		Clostridiales	Clostridia	Firmicutes	Bacteria		145.58445969044	71.03938126983788	203.24252410219552	210.30496860850764		205.87113920841796	73.1589800566367	630.319582464866	85.9149519601641		111.64387282437686		90.0026399629877	203.29305265122775	189.8627645744676	94.92971861876494		153.09919468429442	130.28904951323457	34.20539954811867			21.611108919354216		76.35250993759881	381.3588674433183	294.4459597959384	269.2056563264581	94.6047393595729	33.46544313226531	53.23722493105981	332.0115504701906	108.65384176292878	165.26233603246618	42.81194156444912	252.30191635152545	27.5309209676752	60.11919649155394	130.17033504990448	163.33708507360595	2.99938790544237		335.3210373086952	141.57480772096457	194.18108540081107	38.1042941875596		256.3451183537125	67.07438643237703	264.0577417984722	290.43409816738057	324.3985068287041	301.7679117175659	163.74056557261284		71.78136991372193	203.17571210552285	291.5233876077953		241.1309932194171		113.071507741701		56.059473975288135	384.4946433818192	195.4633499538687	210.83076881078324	335.996893171101	197.64735524748352	76.15774763803427	227.98686320798024	57.55085328071969	21.821265066273597	48.5719348077853	35.81791330982998	51.23632255214734		571.2968802613658	361.4890114395213	94.60754933441176	70.0476854767411	70.25607872373432	436.84850893636144	5.022614033943854		36.24676783982813		589.1981701582752			395.2454019233434	77.37285968297938		158.89404382508212	287.5268965719382
Coprobacter fastidiosus	Coprobacter	Barnesiellaceae	Bacteroidales	Bacteroidia	Bacteroidetes	Bacteria			13.284888340867074		18.433643902280373										19.44459795381457	18.882280385434605											26.49744144340075		44.89421570733607				20.95197010629217				15.936758999896991			14.560188590794509	11.81361708446668			21.46167440245561		21.7775647970426			21.55375304581307				19.81433185945754	15.321587854447372	16.403808419080654				21.50270523718633							21.72290444548933	13.317269465421887			24.165865951790156		14.270182990307754							21.410151133957328	23.22145037784308				36.85824113506058					22.35241074580449			22.095715101016257			13.63359983205642	26.36420016974832
Coprococcus catus	Coprococcus	Lachnospiraceae	Clostridiales	Clostridia	Firmicutes	Bacteria		11.007965519440171		28.13324561403509	50.16973772257675				56.399332605803856	12.109777925091151		10.038369784628731			15.08126524774964			1.0625			14.061828789368205						15.06215409579556	31.13821443919209																21.12098419130002		14.087819632138723			21.10867347374727		52.16469910971554		33.118732429824234	35.08601357940851				24.068436292944472	53.18076225112796		16.043296363414942	15.145125279087074			13.12282211095796	28.08573847728136		19.13613431190396	12.058648810808382	39.19830240661212		33.141934050845066	15.0785250938887						58.19653710923677	13.08584606631993	34.33780335537744			29.081098476596694					48.30349386939309			24.06737154517087			17.12705821711864	
Coprococcus comes	Coprococcus	Lachnospiraceae	Clostridiales	Clostridia	Firmicutes	Bacteria		23.781558058428384	19.120601085928133	22.3625078394267	10.830951022424731			24.181832593340868				36.3774238871469	15.44365378939458	23.894776913613427	18.12011111944333	10.340406274265344			19.624755413741347	21.314645730245047	37.93799851264606			25.048649478651807		16.776290517813486	12.09849863785961	30.306900976846592		16.309352052996065	20.94066862068939		10.33367877729124	12.425877973316735	11.686925938265317	15.663361919722863			17.39516739075689						22.459597123796662	14.746250258079511			15.221718269491893		28.087649729463024	76.44957898228124		24.093490322368616	12.770303163869738		17.031430896438845	57.73900641523497			31.90107437057102		11.940826902053436			10.100346128357623	31.588034174316668	16.316760352447123	18.541377443135552			11.222309157104313	43.89430832699929		12.330739614339022				10.147138941297865			11.494437172954326		16.765920787685438												
Coprococcus eutactus	Coprococcus	Lachnospiraceae	Clostridiales	Clostridia	Firmicutes	Bacteria		228.3127549951114	146.28880838972557	19.997843854579028	55.03074457099675		24.69009020602817	149.2451287247572	210.36169059718185			129.17676603564692		395.30259741707584	327.0716103171039	119.25623087689316	52.21718771387555	1.358374923534786	70.31182911349407	147.21418040369977	36.024494396483					19.36186173086419	414.3445574965339	41.29575623951462	35.96843830935386	143.7083632390477	16.125393666075784	36.10463721595684	76.87802128571717	508.1047726227208	10.146864086433045	175.53988239204745	173.66180497773706	85.46238839827181	809.1016748027641	80.74149246843194	187.62334745893725	6.000000000000788	42.40901502504173	44.80438755528086	290.8076187751578	87.6118048157736	48.76329581663707			38.39840638689195	22.1841676836696	15.354303536031049	314.02187243341183	220.93661161555872	59.60801797014807		72.04220156996462	361.3528230133872	67.41742904235828		188.84231604550803		37.35118651151409		21.35035888573209	179.89885966868655	119.60444391133574	161.30579519332215	34.336544883555746	23.17061622580217	51.004959918284776	43.4610688677226	31.893813482694256	32.938472043903694	117.50296703074778	144.8809781861606	15.135434510839092		497.2541899271753	286.1438676742404	18.348652362352883	23.42190741352972	36.18418394351468	1917.4381990053253			42.414553057554585		71.70984071302065			2086.6288820610457	67.70744812219985		42.18996059595269	116.39840231911936
Crassaminicella sp. SY095	Crassaminicella	Clostridiaceae	Clostridiales	Clostridia	Firmicutes	Bacteria				32.327384048268605	16.258362514991617		43.49616848770236		74.3649649931125	19.35017053398804		17.15220754442042		22.85128719595622	19.106273438159292	28.15594718463365				19.91214717633368							46.263015149592846	32.48961206818288	32.965494312611106				61.29309781996128		28.363592962291506		27.00192895921253				21.189334791741985			61.76572187789093		29.19828182209872			45.99505992319303		20.42304307297125	48.25091666867802	43.338734064938805	48.455957005037774	16.36365262073992				22.19029789391462		26.5798904250701		23.77374048023879			34.22680125771484	39.171198793869856	35.096036001818185	31.76751383109261	33.366469364125074		47.12567008094569	31.475407940170573						74.49612608993128	50.353679229415526		24.600923132654103		56.869154135340025					44.630508946003125			55.61965333837546			12.839331199452646	26.63061938572701
Crateriforma conspicua	Crateriforma	Planctomycetaceae	Planctomycetales	Planctomycetia	Planctomycetes	Bacteria																																																	20.83605429581888																																															
Crinalium epipsammum	Crinalium	Gomontiellaceae	Oscillatoriales		Cyanobacteria	Bacteria						57.44437117937485					2.0930654843472785																																																			18.17415033490449		27.836024292039323																						20.015533980582525										
Cryptanaerobacter phenolicus	Cryptanaerobacter	Peptococcaceae	Clostridiales	Clostridia	Firmicutes	Bacteria															37.44441444502461	61.59050398436899											20.12149357349888		36.45773862684827						10.095333417918006		26.14664356556404			43.10869328637558	13.070223264020866			19.110705527521883	15.51700576584315	42.314586115391485					29.091851425280737		26.093546762891386			1.1739130434782608							19.173729409719797								15.891139248494664							1.0476190476190474																		
Cuneatibacter caecimuris	Cuneatibacter	Lachnospiraceae	Clostridiales	Clostridia	Firmicutes	Bacteria			10.664408720441314	17.429757641155888	16.767718781656583			15.78940515875607	70.02398009832466			18.58684303030589		20.037058891076043	61.22790622202784	20.22819487815928			44.27410421211536	25.115112120876837	17.670499415605224							42.92874737575791	54.76691801406887	48.655418227948346	13.57375382527789			21.54577224542653			15.002326026308229		24.145257980624155	12.505761109708384	30.160060142669288			35.216516903419304	44.674983937656656	45.36363443161786	12.488728707417934				23.972515404759697	36.26983608925763	27.331652967642416	25.544796191730452	25.46873716161954		26.677235547690977	46.894663469212624	50.54157142158553		56.1429952264032				15.217007162345954	16.83069250839235	33.628835736229206		38.16775123046428			12.125633649368742	71.6901011148108		20.18390663347697				137.13762511907512	13.43260684348338				18.3099489542543					47.2837135035201			12.555069248868095			25.53841442199885	
Curvibacter fontanus	Curvibacter	Comamonadaceae	Burkholderiales	Betaproteobacteria	Proteobacteria	Bacteria	46.14350180505416					115.0660225442834																																					53.56928213689483																			13.125775241875465		15.016666666666666																								69.552304964539								
Cutibacterium acnes	Cutibacterium	Propionibacteriaceae	Propionibacteriales	Actinobacteria	Actinobacteria	Bacteria																																											40.17696160267112																			31.299925576779955																																		
Dehalobacter sp. CF	Dehalobacter	Peptococcaceae	Clostridiales	Clostridia	Firmicutes	Bacteria																											16.06993595574057																																																																					
Dehalobacterium formicoaceticum	Dehalobacterium	Peptococcaceae	Clostridiales	Clostridia	Firmicutes	Bacteria									10.53084406595156																		34.919634299656934						24.10019807547538									2.0		13.556756838777046								44.52091364857365														11.676772083975782		19.39801411309922				12.05663416594983								30.655937765527163				18.04199498313097												
Deinococcus hopiensis	Deinococcus	Deinococcaceae	Deinococcales	Deinococci	Deinococcus-Thermus	Bacteria																																																																7.007777777777777																																
Deinococcus oregonensis	Deinococcus	Deinococcaceae	Deinococcales	Deinococci	Deinococcus-Thermus	Bacteria																																																																26.028888888888886																																
Deinococcus puniceus	Deinococcus	Deinococcaceae	Deinococcales	Deinococci	Deinococcus-Thermus	Bacteria																																																																6.006666666666667																																
Denitrobacterium detoxificans	Denitrobacterium	Eggerthellaceae	Eggerthellales	Coriobacteriia	Actinobacteria	Bacteria																													16.14205267225276												22.76937639325605										16.410113493292123		18.132213299342347	15.30043889307684													14.406142404842251								15.06805005601819				23.85618621576801																	
Desulfallas arcticus	Desulfallas	Peptococcaceae	Clostridiales	Clostridia	Firmicutes	Bacteria																											11.614390655469876						20.755544989322768				10.658834016364205																10.79671245843318								17.586008137632227									17.062140613308856		13.0558109499344								17.59119751241182				13.179943101700344					17.720184015700017							
Desulfovibrio desulfuricans	Desulfovibrio	Desulfovibrionaceae	Desulfovibrionales	Deltaproteobacteria	Proteobacteria	Bacteria			16.11533501837914												24.129867966824836														27.112789443107317		16.05261734265336						19.10325933205283				17.065563481536284										18.0570075400871			34.08355604708737	15.195112539582087				23.08007386354596												19.16188314313256													23.05392196612759												
Desulfovibrio piger	Desulfovibrio	Desulfovibrionaceae	Desulfovibrionales	Deltaproteobacteria	Proteobacteria	Bacteria		21.059250417304003					20.1210518571607													15.14630390143737													44.14551683926807																14.038120767238416						24.342233977191743								21.595254295875986									25.107570376349383																								
Dialister succinatiphilus	Dialister	Veillonellaceae	Veillonellales	Negativicutes	Firmicutes	Bacteria														19.100853455459667	63.33857017586515						26.11482489448006										17.936323214915447					42.21755398254542			14.05871869841364		30.113431295229645								45.122531196560764		50.0917482416205		24.08635085805396	58.14253646182927					49.35551970807354	2.021276595744681	29.0680560534769	28.27090052096254											102.60874768351955	11.208134684147796																						
Dorea longicatena	Dorea	Lachnospiraceae	Clostridiales	Clostridia	Firmicutes	Bacteria																																																									12.09940372238067																																							
Drancourtella massiliensis	Drancourtella	Ruminococcaceae	Clostridiales	Clostridia	Firmicutes	Bacteria																																																																																				15.760134877861402												
Duncaniella sp. B8	Duncaniella	Muribaculaceae	Bacteroidales	Bacteroidia	Bacteroidetes	Bacteria	17.169675090252706	106.29053780983278	142.02703165093936	478.3434541033795	274.2457385554698		253.86322482957425	80.38715729494743	353.8997985046564	147.28726577969266		140.42799770448957		119.02611705518414	233.07608231208607	278.2501726415956	75.13089095053323		120.6928055671854	200.08159161082983	68.57902331402292	22.73299748233894		42.59348704465701		84.01561083565657	334.0952347586692	468.40416481112806	386.6035996164324	80.11960296177175	392.8041627587186	77.41435473314016	279.74060687814745	166.39275790079918	109.93702100861408	152.80307455400097	500.438386643325	44.03771480019486	70.02584707930525	317.53988135484525	274.9041217311647	4.000000000000004		168.23388804407156	196.1379729429756	355.31191734492984	71.59689527174467	1.05	405.0768056559323	96.98820931143705	471.1153628068488	407.71336526693193	424.6028385641732	499.8387059035217	209.4490360096268		82.19479805542609	134.51676105741112	337.27845589829013	2.0212797860579066	287.7007265825296	14.32654322877851	65.9072607272445	4.004444471694974	119.31361139874504	343.2573372329928	220.49569871834763	169.36282215419095	363.34617765508574	402.3949090234692	121.27618130935068	182.04838291732983	126.57751945933192	33.57162257341987	104.1376434941472	35.588972549372016	33.43852258628808		386.0927744475663	463.4250934265202	141.31859230611454	65.40315483053463	158.28860944728046	938.0521606643832	5.022455089820359	12.23171521035601	129.85788846115733		346.4127704667171		4.022346368715084	781.8131149014272	164.4865480301913	3.35	221.0158914809596	350.2236806664046
Dysgonomonas capnocytophagoides	Dysgonomonas	Dysgonomonadaceae	Bacteroidales	Bacteroidia	Bacteroidetes	Bacteria																													13.508199040805742								15.26408991652141			15.455534941184144	20.717774507486293				15.486870675054089																																																			
Dysgonomonas massiliensis	Dysgonomonas	Dysgonomonadaceae	Bacteroidales	Bacteroidia	Bacteroidetes	Bacteria																													20.095770180431064				15.061351825333398									1.0																																																						
Dysgonomonas mossii	Dysgonomonas	Dysgonomonadaceae	Bacteroidales	Bacteroidia	Bacteroidetes	Bacteria																																					14.354181487973168																																																				16.831572798876458							
Dysosmobacter welbionis	Dysosmobacter	Oscillospiraceae	Clostridiales	Clostridia	Firmicutes	Bacteria		1281.7627276450496	775.4392846735548	1888.4885985958745	1080.042841007344		1773.063282674525	655.3558740836716	4114.352288470918	804.7689819981031		802.5481898641278	226.15151902193443	817.5209132117582	1937.1532081516743	1209.3148845390758	657.3049160207773	4.020917901985148	1744.2015572347934	726.5329158400378	539.3444181694242	112.68273506658554	53.75047078139678	265.9314383016819	34.1880672676195	406.4450020223164	2134.99696403578	3025.2828051198026	2878.674474809091	979.1665456870091	530.0386047044645	361.8272714740996	2242.1196523619974	825.8516856056265	918.957619810189	319.1753550704993	1944.834445427634	324.5630958466621	395.281027524745	1047.3558141309045	1155.6586365556243	6.700643479981606	26.55587691761621	1935.913044233132	1800.083833117011	1486.3963773193034	361.9324912319836	3.1508407898931887	2646.9609513404416	422.7619399082184	2209.578423675161	3932.013621095704	2949.324204874286	2482.44600734382	1094.3614280021816		791.351707423022	1740.7308456860085	2293.8791746624265	4.914068363030537	1967.439036801094	163.1853617017416	844.5891738056522	3.084901528655185	745.2545389553433	1990.786383990148	1750.602331507347	1048.0416820166406	4117.717217092072	1697.845731193472	635.2478746105644	1182.966445533416	786.4953179666845	265.3000255539521	592.1393356558209	205.5623794598858	340.41125417874656		4259.82205936254	2031.0319503492567	666.6402126241943	529.17949616739	661.4545245973368	2434.7285092438024	12.604217915601255	50.85351309231841	426.4277697525318		2792.7895548219203		13.73897234676773	3810.671158430869	635.9254075572195		1148.8544594975272	2625.60684031154
Eggerthella lenta	Eggerthella	Eggerthellaceae	Eggerthellales	Coriobacteriia	Actinobacteria	Bacteria		38.23332410637801	25.180205627470613				22.968304867552053	19.30122684482307				28.01203974188625		27.02247098342996	30.52875209787028	27.31179488703376			20.93271739732284									23.101989003672585	11.379170534539616		21.460371750979384		24.11171801888742	35.907695024496746	21.82839242171918		39.12810430367348	20.15421033955021	34.38947421341056	23.117395963889344		1.0		32.8169052064538	34.12631189588185	21.12942668384543							21.242313263941845					29.04529161357086	20.0576407943369		24.58667180090493						50.38193668993307						31.10006493760002		23.092098688946265									25.40285898758126			20.35917984386101		19.548148436945105			22.001263210149684				
Eggerthella timonensis	Eggerthella	Eggerthellaceae	Eggerthellales	Coriobacteriia	Actinobacteria	Bacteria		31.054326592372583						17.877548811950035							14.875370514878782				22.27235012001762										23.124668246338395		18.671174584265152				18.925097677665025		21.197965596299436		20.841811068435156		25.43620656464928												16.858957587973414	30.49363945190929				20.51411978203988			20.691478714060167						29.294147707030564						22.36121107743208							31.591026151288837				18.16253291873839												
Eisenbergiella massiliensis	Eisenbergiella	Lachnospiraceae	Clostridiales	Clostridia	Firmicutes	Bacteria		67.11135144852415	17.710765425718044	29.81210826459664	17.25675342384465		75.10058066308865	25.953298476961663	47.83644033096702			31.762396674788803		24.580676527619204	79.17800553275991	62.5093284458047	15.29847005938929	1.0625000042671644	54.81111129330768	47.37640122380799	18.23714005455642						41.17852767188759	77.29111021085882	210.37595713451108	42.42022941734064	38.25311205557055	11.660003667587798	114.37764375853574	78.83819907389513	26.265669545888997	36.72586238734242	273.63621571758165	15.518373454106856	59.77588410300002	44.05897215817799	65.01656963725479			49.05015172160737	55.80863794337054	69.21847922628646			32.571739538101404	48.64396196544806	34.554048207858095	40.39776031927717	115.09519071528106	96.17847809866323	42.93622386515281		23.984502186271783	40.93017527125468	99.09746295315765		95.44893131466108		22.19118178991224			18.30677869740869	101.00680536170788	33.89462685790157	67.88877934074803	12.593654884222923	31.42395283165966	60.76477313375327	23.486709806354185	11.458846873384998	25.40420760277992	20.78266655684293	17.208791231887467		79.1050573397768	97.6240682113228				53.90361327750688	1.004491017964088	13.998057778316172	14.376194423074278		28.88245239305324			161.99200829906877			40.712477782070366	80.76779114905037
Emergencia timonensis	Emergencia	Clostridiales Family XIII. Incertae Sedis	Clostridiales	Clostridia	Firmicutes	Bacteria		115.63222748633656	111.6290627712866	333.2108008343275	93.12021132456734		275.2105904026133	95.46934452877612	452.8822688172481	52.01686862885397		97.11812990560048		224.76594391574832	301.3508647633357	193.24633979271096	76.6753134823164		154.8050460047482	138.91555858804634	34.59130854363091	25.330998323742616		17.220683003194836		58.02724299199623	268.80887096000004	250.53531291823663	500.0025166878486	64.85345063947965	126.95329100538704	87.3270906938909	471.1388488081987	108.2073257660919	232.98129490373915	52.08606906153281	389.5279082437829	59.34353174477842	125.79734034927448	176.19134514060408	294.48054078357296	6.127745971976236	30.674534624068663	406.4694644508031	96.65836911700887	245.37329296901248	60.149290206224045		211.82333141292577	144.31489753479843	283.12258903613576	420.1225724760952	356.4976261907163	341.7341457923464	434.93891874802887		50.92688412976024	110.4510344939603	255.41505379990227	3.036953399551913	227.00859871681712		136.15844236863128	3.004750776340237	46.50959625343777	234.5459285093412	284.0277049380835	216.13596167276063	523.1524024366054	159.8547575302191	107.28957549313157	253.51067853995156	307.30422803104034	43.61337063270287	70.54617672545501	31.22907050692914	57.04625664492157		594.4668192027673	445.8151149370112	113.37048435511534	118.41564244534968	46.95647197051245	1050.8929416794178	3.152565012668589		73.0757530891404		382.6951653265875			696.4217695318821	154.12322266773475		121.89077445431604	146.8423612734082
Empedobacter falsenii	Empedobacter	Weeksellaceae	Flavobacteriales	Flavobacteriia	Bacteroidetes	Bacteria			13.8900027598967																																																																																													
Endobacter medicaginis	Endobacter	Acetobacteraceae	Rhodospirillales	Alphaproteobacteria	Proteobacteria	Bacteria																																																																2.00212163427212																																
Enterocloster bolteae	Enterocloster	Lachnospiraceae	Clostridiales	Clostridia	Firmicutes	Bacteria		191.700820895304	52.03682002083188	60.81166553066716	18.273706684343534		43.85908967073758	85.2730719419634	54.65550238170866			83.45329661144969	14.08737090832466	88.15779973298541	126.6752408634956	43.21418594977747	21.292450958239925		116.46597510263985	26.92386033042516	86.47962633747254			43.41071800715012		12.514502029963998	60.66664995506577	84.32948459377003	118.15673479752137	95.0642302871106	66.05010482400301	16.67061543036314	40.49836156022143	105.70126464645818	21.459685470556963	52.07516035203153	99.18251823018996	60.63339671635224	115.11294486298527	57.88028743568147	99.8016256622376	3.97327044834216		36.17488288568616	84.85713256048275	117.63168984884584	20.790982345403144		27.251297185643168	32.36275914255281	125.96828290430736	255.6833843070728	118.74322210554104	139.2154313005284	36.27898618004609		113.40124141402303	175.61668110021236	96.53502331281024		136.44593761813195		44.84178065936883	1.001549807039696	36.4825226326793	48.25311020371103	126.63078970266484	47.85621757162321	120.04324476836705	16.107370410886666	35.283373584005496	65.61986418453108	100.71587508855217	25.62036079381873	48.45187818126656	27.6807403155359			66.93176268650367	61.48445028558571			20.487558279290827	138.3863863607546			22.741147355163424		62.57675075412171			140.4532866741435	16.249850061022965		43.697260544222665	27.370322736694103
Enterococcus faecium	Enterococcus	Enterococcaceae	Lactobacillales	Bacilli	Firmicutes	Bacteria			21.104013848810933									24.095437320173904																		16.080629794918586	18.05919451056393						32.092801799568385																														12.944905195106264																													
Enterococcus hirae	Enterococcus	Enterococcaceae	Lactobacillales	Bacilli	Firmicutes	Bacteria																																																																			13.16747309614024																													
Erysipelotrichaceae bacterium GAM147		Erysipelotrichaceae	Erysipelotrichales	Erysipelotrichia	Firmicutes	Bacteria																			25.241391465637427											14.836768747151645															23.658659645325848						22.42079371655521							13.33314768213131									36.90954515063153																													
Escherichia coli	Escherichia	Enterobacteriaceae	Enterobacterales	Gammaproteobacteria	Proteobacteria	Bacteria																																																																								13.055913413969266																								
Ethanoligenens harbinense	Ethanoligenens	Ruminococcaceae	Clostridiales	Clostridia	Firmicutes	Bacteria				24.221122492111952	48.48717575134292		16.503102035581783		85.43316314301664	29.81921416931388		14.386630747544784			18.51698499914638	12.216494000785373	17.099149530720197		24.287948442711137	15.541647513144127						16.661613911395197	94.768302253984	57.069811710363865	47.96394956922025	10.260630362352623			77.58345326589237	17.086230428797556	20.70934055777372		34.452988565115355				26.15244876985749			78.2915795192379		19.11757951057709			135.01708803903946	17.61028738319025	23.18193414009868	14.060706296838518	42.0660445201988	39.72693033539385	26.70992808446152				41.71701674681782		19.78865570108933	38.29281382664151				107.19322367639396	30.166592503818947	57.64311465577767	61.12535935499367	114.38455036958942		35.86202784586801							110.4411351022256	79.82815788554146	19.23998120594073	20.612562878220267	20.779819722385994	105.78899715563924	1.706324498101751				80.91662737401616			35.951248465962955	15.973064383272026		29.10043495844371	111.26442452540634
Eubacterium coprostanoligenes	Eubacterium	Eubacteriaceae	Clostridiales	Clostridia	Firmicutes	Bacteria		206.14560069418863	152.52033061290865	132.49362141033626	142.03460814444549		31.07783350039749	69.29963484157585	78.23172363159028	92.41932336551864		127.02680524938376		227.45781951874727	180.74822569726544	73.65692526578373	25.522964691342537		151.4520312236454	58.0919249499764	42.21795074000534		22.748863061537158	19.14044313863747		46.70133266074873	174.17543059595192	84.91701997698478	241.7123867589383	84.76583249895123	65.46753611136695	33.42151667228858	202.8016316925377	245.12825080416675	45.85175672421489	49.570427231844974	97.32311389491544	79.95207309385864	180.21678093165423	64.69423962303311	125.43775609445096	1.999999951530767		174.00888970051358	164.07763872278787	182.8109722510364	40.59915707294266		404.2406147118656	78.40850665297535	132.54932187514166	90.57327646453592	63.6410748944581	114.47673584340058	226.6388651822137		132.20524985273553	285.82169405413816	107.51283642394458	1.0106382978723405	83.44794425963067	64.34642640313702	29.44287623969341		77.72705707919592	229.2087886067096	129.47946206608992	100.4442461519822	226.00681543505107	97.1642188545798	58.86232404105698	88.5071636701858	74.25214162405932	93.1314568341122	62.64505580473079	44.96343173693938	24.706903792188896		141.313230667807	220.2755144379244	53.017539201307926	47.65192259987722	39.05890688638884	280.3982598053719	2.0076216360122614	31.839159311669725	31.08021537691108		169.49774614607725			260.39691022558054	61.77907597997229		72.79996499561014	156.15558393664813
Eubacterium limosum	Eubacterium	Eubacteriaceae	Clostridiales	Clostridia	Firmicutes	Bacteria					20.09478023536619		18.08288698780241		28.085724645180843						17.287205694732176												27.51750330356354		26.336530690483656				27.77343885759633				22.65548131998898							38.69887045706963					16.92254044616245			25.27690172611725	37.2744482147662	23.780919770649845							25.094460352262978					20.14080310158865	25.302419765598927		26.98783379556297	23.236214307610584		24.20869148623977	26.130732156847717							28.80007321088006				30.555051200431205					28.002880936132375			26.693424591520365				
Eubacterium oxidoreducens	Eubacterium	Eubacteriaceae	Clostridiales	Clostridia	Firmicutes	Bacteria		287.1121563851676	145.2549198494357	144.29140492473462	35.47302515295317		113.69009724620496	148.82304225475778	159.60741110298667	41.20859744545017		142.1111917768015		133.87792416174378	334.2628568478543	117.77924685674265	62.3610767933668	1.8291250721980497	226.19401582533908	110.13959934927944	89.75884133432923			32.101868203605115		48.22778061428455	153.6639761041015	269.48493151051497	299.0594297783678	232.4895435777561	87.86253504244279	49.50396201844593	415.12840038164046	383.0075977290582	51.50459979537693	165.7071267325612	811.4305344736878	76.62870396748023	184.75722406330263	145.16611689669463	238.13254571269687	1.0006421916367525		169.56915852401167	310.8914129866293	275.3140344937341	73.19262049660753		271.2296131744705	96.69768718896026	224.9272097192909	184.82028941132248	304.208182582384	294.0317712082488	163.2051648192145		146.3055950822867	350.0764800472048	169.17806697634794		370.8475688746719	17.452115003275935	79.12488289561891	10.734985236522464	43.87954728655394	77.03300060822325	345.1651972817763	155.87519419701653	212.444481266998	101.73863523642969	52.48746162548143	210.44690060415908	128.9914984947104	44.34258415110904	123.76123471151472	91.10558390427008	31.84699512464145		206.8050054435201	269.9621954137774	53.985452354458026	64.5487202161449		471.7023694575423			102.1513011769209		168.68553659088215			495.4706343667401	33.65560816159543		121.92562750150988	182.0191391403572
Eubacterium pyruvativorans	Eubacterium	Eubacteriaceae	Clostridiales	Clostridia	Firmicutes	Bacteria								14.232487910486975						14.860312237541493	16.086682863676668						18.0794846078668										24.078476106835826					75.36469007692257					28.107993170466397										21.066513101069585		14.05037133386481	42.10321629364972					63.21486836935166		14.03788216915867						13.057805052612345				21.17892347398862		22.11517013770345		24.117433582487088																				22.164428280977077	
Eubacterium ruminantium	Eubacterium	Eubacteriaceae	Clostridiales	Clostridia	Firmicutes	Bacteria		33.12497584595495	32.24147725889166	27.88492587078553			31.929677789736644	49.69045810757605	18.988164032906344			33.54463612978021		42.29086232807902	78.68281992489034	45.63241084476399	33.56842966834847		40.19977111119066	44.90995808620413							32.20950252180828	53.21196647256071	38.51708548624557	29.395863452123272		13.004422289065248	59.22397109538298	59.44301918063938	14.342662414779287	14.729927280285477	88.81754548556717	21.14919153219487	131.94089479183538	38.38109090715263	31.612092692710355			32.63507086148101	74.01249173655165	55.38782911630472	12.871449373337668		20.68217172106247	19.24518440764548		19.00506380135173	44.153638974475	35.611861381662905	34.03449019565386		23.51373177159176	129.64143753806758	28.688305331826346		52.51139559011116		17.55314238337182				80.37518568519089	26.845510509002917	20.1784375424124		16.934017539439303	32.95408104649136	13.614435257335703		19.58565877531944	17.188447990277254			20.60348509509704	40.72021895631124				108.47024939927816			13.366614511272758					100.49228034622678			20.659342343243477	22.58484459343057
Eubacterium uniforme	Eubacterium	Eubacteriaceae	Clostridiales	Clostridia	Firmicutes	Bacteria																																					13.206274218189412		13.917673384512884																																																									
Eubacterium ventriosum	Eubacterium	Eubacteriaceae	Clostridiales	Clostridia	Firmicutes	Bacteria														11.0473652925282																																																																																		
Eubacterium xylanophilum	Eubacterium	Eubacteriaceae	Clostridiales	Clostridia	Firmicutes	Bacteria		43.29485637434575										15.257020191974764		22.52270497778673	20.67954014928492						20.58771059174421			13.747596817948192			17.311458504907048			10.385715363155208	12.669205147149528		21.613413447865163	26.407404484674544		20.39651708712937		12.08458800840532	41.93927212322603		30.075380540662664			17.283029666476892	17.429877467308398				12.091216956570964				15.053877366335811	10.02458719879541			17.248615043032412	20.02328340777488			20.05293132313574				12.659655042122266			16.558447586670543					28.3399516479476		16.197293512207423									14.013614537838048					17.147874052307916							
Faecalibacterium prausnitzii	Faecalibacterium	Ruminococcaceae	Clostridiales	Clostridia	Firmicutes	Bacteria		234.38684935828348	56.07707009310525	26.200722899376327			37.401195864571534	21.91290309592802	50.225601225595646			44.21946921148928		63.18342839391131	105.19410581436664	20.40111938780504	22.907763181086864		60.20084914362737	18.213998215407138	16.524222261459514			13.970472143102423			42.47190940528278	31.135806319295117	92.41521508973284	160.8888683967855	81.45021492638365		29.61280798207175	63.67282440853352	23.741538082063883	254.0026530167845	66.7230647161659	58.65289147241938	179.86802917422	92.49657232951697	49.36616174229576	1.0000000001077936		37.30972143047902	138.49469156025464	108.93273471609682	14.357111785424255		11.030004681237456	25.374821740258053	41.00218788439549	37.1510802572846	103.57731226083555	76.59290185380512	63.16661037334328		486.6493679938188	177.67514753840962	80.79951549682534	4.042552670916035	159.25629566238285	14.989364758930332	23.58602236178725		27.273100650310127	30.313808363306556	121.24436445104146	34.24918838669804	59.47305083017823	14.421114476093974	29.34334539757802	24.72030730040408	36.89317833406008	38.77779695421803	65.31297063070338	21.620772137510563			110.7215318555202	22.234566924757328			11.1283814250247	54.76678236749098	2.0089704596206426				30.74782966156392		1.005586592178771	35.12940131535175			42.139538540088	27.198530582266685
Faecalicatena contorta	Faecalicatena	Lachnospiraceae	Clostridiales	Clostridia	Firmicutes	Bacteria		100.64968338054123	61.93127181571624	65.4248435552335	41.49298730260712		78.07301147220292	58.7733712517414	73.67023698075407			70.8057237302485		93.52382403656712	94.96790018706515	42.86065552617274	19.51438615476807		58.537746874635175	40.52720951054656	60.72543259195288			29.111728005825643		30.04628656351548	50.877622831019735	133.10472885944037	59.76382536129499	75.4873159303585	114.8839389427608	19.95343502248316	131.44785451639024	151.95008243908342	32.83019787834486	52.55652763859935	72.76559369909201	27.772796367830814	64.04307728107	48.99944329831782	88.20360329737436	1.471830833035008		84.32945894985666	120.65331267521609	86.97692019046875	16.48447448356766		70.99724545524967	33.71416916893972	502.0797906623093	326.9504825987996	121.43852688983192	150.62013965340296	44.75438883431291		44.336620307403685	141.58467365439822	53.71227429412267		116.280964436768		59.62250632358261		46.52354053600192	104.3725829116188	153.0537062306525	57.658673522540056	80.43526832342171	32.461363707367695	41.00900466333353	81.20537322701472	174.22718810843563	11.271659787319154	65.0757342881982	17.29477488990125	15.975925662958002		53.26674037667909	112.87582029655196	18.7161501194321	26.680162057229055	16.547009656920622	87.76443012371708			27.248311556298358		43.5725255450452		2.2617111028629044	59.79929551883029	16.512202498130247		44.70127498502127	91.39704249744604
Faecalicatena fissicatena	Faecalicatena	Lachnospiraceae	Clostridiales	Clostridia	Firmicutes	Bacteria		449.440785765857	185.56547750444943	348.928232677018	122.20260854781289		276.479940932858	177.6806788388109	344.13375916789266	31.81600145480956		214.19176450615265	74.46052687028038	278.3598631469611	443.0176046713252	226.77926742830445	80.82686571808723		351.3817300518622	105.36892687658668	134.25022114610326	34.1103385150643		40.95188532723991		73.21283054131422	320.0663443420207	338.5274402526525	484.9125863701853	210.21005508618344	140.20589074838617	89.62373114685244	388.2505531842517	344.8251286285468	156.84555206647718	137.36188484525297	392.4220553899851	121.59882394026852	223.7523155663268	143.11213017710818	197.27956617704737	3.777076415998706		485.529024902201	374.0807275641404	447.9135549603064	87.193282112245		184.98925268434783	107.05419571777324	619.1021456727019	2432.529023659547	459.1841407142511	429.1562075047271	204.99970921060284		224.0653678721475	415.5504333420903	213.2168398259637	1.4163433887251289	482.2038973585268	28.12518014585492	168.8897573533388		61.536409053313136	338.7430426480968	465.8151592549119	266.3222063185182	421.9904338592885	117.57352486640563	85.30091728391875	235.6779156944997	463.4158993297563	78.39961343133197	118.4480281105133	97.39408147623598	68.06283407810847		511.7243463796104	281.19258307128104	51.14765013776449	79.17807196802782	51.4882530536362	383.77640505256073			103.18041769959044		343.9781289882358		2.69427613285526	576.9725054981492	61.56290215947966		132.38019701941244	320.4977962891962
Faecalicatena orotica	Faecalicatena	Lachnospiraceae	Clostridiales	Clostridia	Firmicutes	Bacteria		404.5496886449732	174.21560367840297	316.5529287981726	95.60275919780248		273.6927694329894	203.89088634878405	279.1797286325655	20.908893676106317		251.1598342428777	78.30838507555224	195.49678007807464	337.3133196853188	184.0946907659317	95.15736149875674		445.8297233600968	123.09722050420812	144.07454687967575			83.71188818371365		105.33470416939656	179.1077396828595	405.9985738247099	347.6834856445387	300.21035365627745	185.18123005903223	63.90305641113047	218.2541410594353	402.2348511903947	102.13686825502135	135.41407849380676	362.06069856491615	99.00354000720355	212.7394878238396	143.90524669889433	297.05100469129104	7.508915524817172		293.8269947918933	299.5500149890368	422.681215194147	57.95977553528609		118.9677031447915	113.17495677660524	1087.5450588152005	1898.096124899032	309.6371882301542	318.7377278317178	222.4910538263749		224.8583603215229	467.7209024707228	163.36683042064266	3.329216059530397	402.7354070179398	15.545268517636416	149.29262913841		98.31192724229396	266.10042815184323	655.8253711219775	178.94450393247547	371.8086020934521	60.159464185023445	76.9062505582007	220.61861568993763	277.80194251380175	77.6054568460065	174.0459267696867	83.33897690332667	60.390013749521664		313.10804033348336	250.3525354720898	62.79127407983346	28.10803639955001	35.92095148440707	470.6681648830383	2.942813531952444		94.33600559319513		297.79439928768863		3.2178362950723955	379.22302775873766	62.61890542373173		98.11246605878272	245.6658135500529
Faecalimonas umbilicata	Faecalimonas	Lachnospiraceae	Clostridiales	Clostridia	Firmicutes	Bacteria		559.3494681140993	258.7587847394202	402.11815137866506	125.72960504661604		317.81846809332114	375.96387074778073	367.0460167730337	17.253541751946816		481.6460466749925	32.244086108906586	333.902771042352	502.2865052543187	328.77472548474697	155.23830061278366		446.4240463687547	266.8335948092346	182.52038156385467	39.21958338025375	36.58754946661546	96.84754660449732		135.15285095138034	420.8254798320051	616.5910163261259	456.53094105612206	402.2161747192464	396.2400500348304	102.60328426631976	938.8000071134652	526.0441131200797	161.52110972428335	199.28111081199967	583.8734259999966	176.0977587925415	414.2809126125219	250.37088075751024	331.2446669142142	4.538477611461244		472.60170900720567	575.9538598346928	518.177052701173	106.27915877943116	3.107919624622985	238.1481378139626	160.88051613945854	1674.3414750016952	830.8869067694214	602.6006237202398	614.6608451627843	242.21885302612137		272.9836261201452	721.178081320256	293.02315894045086	2.4956628382123074	617.0195454768589		187.70816722212965	1.814053975506828	111.45606123278284	313.20158395866406	818.992523994471	311.154904597508	370.4257359041436	108.12824342193724	165.3548944500457	392.59606780330006	418.7168713324601	102.01777782476816	233.41463987575773	160.20395623035495	98.19603545272216		412.3476090258206	416.07673255672506	89.94026346854929	81.75516350438403	54.89703104324303	655.7682041382587	2.6234794021252963	13.944054456912978	175.39470320059417		308.15186549116754		4.970589283127199	775.01504127897	74.01683270460586	2.2333333333333334	173.4338171622285	389.6164930719886
Faecalitalea cylindroides	Faecalitalea	Erysipelotrichaceae	Erysipelotrichales	Erysipelotrichia	Firmicutes	Bacteria								17.07364726840255	30.10489072142005										13.05847329076006								19.078728521685196	16.07133648474433		13.06551170836885	12.14079152805292																				16.050676648430752										11.029764561678483					21.064180208191168	23.10226844384853					15.04484460317894	11.18236128261522											16.02553821064794								26.073096442331806				
Falcatimonas natans	Falcatimonas	Clostridiaceae	Clostridiales	Clostridia	Firmicutes	Bacteria		65.62335614980228	27.757219556293563	41.08274162228079	18.40562663786181		41.323457279886256	31.871999520305653	74.16970668177632			50.35188172533515		23.513126171012345	76.78621522404222	33.23993878450162	17.067463860016886		51.21340404505071	21.06825781997731	18.176791487634585					19.348926222535216	67.48197401275306	77.21314110433373	85.04363869900557	28.965158112410503	19.382841233767792		42.69750217744087	54.14436104132359	22.861674794353966	22.74535764410802	70.34564255968246	18.67625484168844	30.25901360465644	33.31462131338225	57.13242769680076			55.25756420147329	27.814963272076177	54.33155792098063	11.770014544303807		84.9064367351147	16.521776894336462	60.96835830311059	152.38728176576743	90.60057408534968	80.53395713786841	26.07056638482006		12.376182204885012	31.54056776180937	57.326416168543055		65.05769090070044		26.57756465820353		27.831434104407656	41.25966134432284	87.8934268072436	41.720578177089976	74.5952586419183	50.495325616400486		73.95716051417568	32.802591018466075		23.333172264348683	17.668582370329084			71.87959588132537	77.95858482925595	16.280472815958724	19.63313702151572		45.4422050157268			15.184786963476522		59.92533929798349			103.07184876407251			32.52455227167083	18.67236533615372
Ferrovum myxofaciens	Ferrovum	Ferrovaceae	Ferrovales	Betaproteobacteria	Proteobacteria	Bacteria											2.0037386313148176																																																					1.001111111111111																																
Fibrobacter intestinalis	Fibrobacter	Fibrobacteraceae	Fibrobacterales	Fibrobacteria	Fibrobacteres	Bacteria		37.104393592061065	43.30995367755056	20.09517543859649	178.47528051634671		55.33290436495135		81.63330778306006	27.247000331447367		18.06906552624589		16.084929225645297	45.24379641543282	17.19632486589529	18.34903345502424			58.56315340907664						10.108392691235675	25.104293035301087	75.3348453632417	26.16956035353948		47.1540617266984		356.16971074862204	18.0807463279079		82.42472674107478	119.64202897053003		13.05466743025444	71.32541172914271	100.39112387121428			58.33529629166539	75.25978881783877	38.23420096151621	15.257862473347547	1.05	47.12797686230248	14.291110818470342	23.072847682118752		80.29577310352755	27.066353331490483					40.13665532964431	1.0106382978723405	12.03247043070659					86.25774553308285		31.811097968709785	29.683188897936613	226.29769507468967	30.25560496281435	26.111826827938533			16.06743105051131	10.099275433975556			43.14437500005969	62.404862974047525	33.5081322362188		64.51958329169267	190.44323483670303		13.343689320388348			340.1331537064312			365.0222429543305	70.29604200630772		35.2615904478154	74.53319063507563
Fibrobacter succinogenes	Fibrobacter	Fibrobacteraceae	Fibrobacterales	Fibrobacteria	Fibrobacteres	Bacteria		60.62962262341712			212.66174730720596		201.3536647010974		152.96422838381383	100.00578196553388			15.543071161048688		59.49732355989265	131.501307784798	27.52354678339644			21.204825462001477						12.130071229482812		33.147131499785125	444.6400212430095	13.087377049224022	49.16114061187381	22.464241987756573	233.77047903823507		189.77101448681395		118.63876214014324	12.092526208995604		120.60664033091884	27.352378708517666			33.18724895461499	17.05196243465934	18.110937194286837			104.28327890129104	57.16137466808235	368.9559851246277	177.65827324988894	272.791115449224	165.62614428188644	11.10771653543307				157.53022715089537			12.11610022326966	40.36815601726647			172.46151807487146			393.80862035734856	711.2866928000718	175.4799841432293						25.741396761133604		262.8796701060526	87.5743759335392	75.8324630965905		30.591233670746888	106.42669858738805					317.0856934707436		1.005586592178771	107.82020581164504		1.1166666666666667	126.90830847419828	129.4902311398931
Flavonifractor plautii	Flavonifractor	Ruminococcaceae	Clostridiales	Clostridia	Firmicutes	Bacteria		124.00272100415776	98.03352980696344	349.92174046956046	353.86426880270983		483.7083020277884	131.70756104622566	687.8379935500855	89.9180166849866		197.40090541986453	36.09828263626138	179.40478045729904	441.4514668241712	343.1861646606096	176.00079217291236		259.8882366109121	244.96660148025623	73.95564666600025	32.551485646389395		41.009370300492655		94.47922569844631	584.3325441718438	497.0731617404961	649.0617104932107	120.6454923516233	108.78383305681824	121.31074769730084	597.2786371105896	152.89034905745876	411.21455398371376	57.4784080930114	436.69030660841344	30.69848695027686	42.5341853930827	238.6425742631661	296.0430179945962	2.172482360584238		430.8244568736411	205.32796259517116	424.9213887582044	85.2441413305734		450.6289180651908	125.29825393117449	608.9969637547545	865.3242568074803	841.5328801398078	721.5858753220873	318.9185860288395		162.680901071521	281.80990478780507	476.770912000868	3.788115737672944	475.8941957792063	33.21592988915698	191.69542339431453		115.43761820007892	691.6123844247878	375.76706046083086	326.3414658344539	797.8302797236223	376.2315043829771	153.97521254669766	417.99139938990976	225.9076005890497	43.04666050697799	89.16793722636704	42.47133817259551	83.25427876765693	1.0476190476190474	903.0092363269088	637.8254855203343	155.88032986521048	112.60968811637105	148.75426431153005	973.5122720669858	2.6713409322190147		83.66346349093068		627.8246328694565		1.0056131320846058	1139.6747973111696	161.48898392149724	1.1530770858674724	280.4129303127897	493.7854432340192
Flintibacter sp. KGMB00164	Flintibacter		Clostridiales	Clostridia	Firmicutes	Bacteria		176.6149604097235	105.81141494825071	342.95405482616604	236.6704125399623		367.1282873082426	105.77327605616266	672.4105008290888	95.8783182213426		145.01601428349667	48.72073255458872	132.44939124491796	375.0116806856852	314.4836487848729	170.4193659811683	2.125	222.0028141822761	177.80607039727653	60.48359296733484	44.83406907054895	25.649113901693923	37.35565281543328		95.67633343158178	528.6248283122725	461.067032866829	602.4541412097592	101.25160312632306	74.42174097548772	101.14114635699488	525.9038282005969	174.26559381557604	273.13759844729844	60.85300863368074	450.183270889037	56.58282035316952	70.49467874200312	204.57423173373505	211.7373878581822	7.042213055681143		430.60239975546455	150.58575230950763	376.8019286911317	72.64431398955253		449.5905876138464	115.36564597771672	402.8458806153755	592.8206455936112	876.4220689309549	707.1525589659173	317.97837903739656		123.8380842384982	212.12860413731804	499.75343053469976	4.523257379290913	464.6615178526352	22.212832302724077	140.0112618103248		97.18989816430371	548.036832100215	321.16656148235074	317.82621595160543	655.071070250631	358.69025849937145	112.99036768580258	378.7042226822298	173.0289190664908	30.652105248134227	71.30403724122911	39.88868370579703	54.31772254625124		741.9601152246261	543.8875936440159	124.47915967666036	128.03565552151096	114.0917839465248	646.1906619413043	3.012961860328488		68.77467765799913		603.2923418797591			684.8460640330995	116.24845882890249	1.207647153253786	249.58206513673775	468.3070668724022
Fonticella tunisiensis	Fonticella	Clostridiaceae	Clostridiales	Clostridia	Firmicutes	Bacteria																																																																																					1.0044910179640718											
Fournierella massiliensis	Fournierella	Ruminococcaceae	Clostridiales	Clostridia	Firmicutes	Bacteria		29.875341169433035	14.533484526905744												23.058477955411156	11.898462443945556			13.4378857941662								11.161150911088422	21.715534528566756	36.45955093016552	26.38551722121383				12.095522042818102		14.010673751809229	21.12794611301723	12.61566654276753	25.027507798884816		12.53169612588194	1.000000000000001			25.01377970300582	13.015409415443804					13.226714496775768	12.31941112983702	26.095031107422543	19.108582628455533	16.294018582842735		16.99371837766433	24.81201019028497	12.407518416519157		40.12376117834908					13.814205935451346	40.723998074409415		31.860965533521583				14.15463777362867		12.656496006712874				26.245950604774325					26.357727447255904					16.526480316595904			28.83520394072807			12.436872078497707	14.63267832640041
Frisingicoccus caecimuris	Frisingicoccus	Lachnospiraceae	Clostridiales	Clostridia	Firmicutes	Bacteria		364.69184097818567	47.831101418160834	213.0751888041048	69.094930643608		173.6775907701357	114.9489233057289	218.20831975124605	19.28975952758993		112.4141097296637	130.58848973458365	44.72657922323347	132.72623071145335	109.46765257392728	46.964509285782725		23.496610338167937	40.44351106170237	140.97108422138473			64.58977732436969		20.21803280783662	169.90296290532888	105.8236669842243	121.29866013593384	173.76043260813154	22.593315960464505	57.06299763504447	79.72449389471055	173.52693920635986	73.82989240278778	131.53152191619898	58.80729487006781	109.97845725761351	87.41185839239886	100.732972622451	229.03894639955985			54.6359534355701	265.16923760768026	164.55886383191273	35.58157622281867		97.51059845113626	51.95416072859004	792.9977869465025	4181.600106681377	82.4205556890347	104.4325168519089	55.68883026323849		42.71626750640506	122.54666888545306	24.08446154123332		85.435728102779	14.13545026048127	120.39091490082244	17.01888888888889	36.345685088810086	141.86166099677902	51.66675550242952	73.36561633025647	348.148813288357	84.42948591259515	24.19905058409283	37.15959162610454		31.7412961742541	62.75314440594226	83.49256382616615	55.78728245686976		215.3466376547788	99.75201491542924	21.68549501667782	43.46554320155648	50.46762255085112	185.03098355591655	3.0134730538922154		24.27009911461935		186.19861151999828		7.039106145251398	75.44847088141064			16.352854009313862	65.38140588623345
Fusicatenibacter saccharivorans	Fusicatenibacter	Lachnospiraceae	Clostridiales	Clostridia	Firmicutes	Bacteria														53.29639061176288																																											124.03550415582788	153.2074866930575									16.996323725396447																													
Gabonia massiliensis	Gabonia	Porphyromonadaceae	Bacteroidales	Bacteroidia	Bacteroidetes	Bacteria		37.23297991290022	37.91172140251811	25.835404846862552	21.31553363980343		86.28753930859257	20.815959690449382	65.68443812677883			18.76570487457221		17.824718748519643	104.73753573218605	117.42719681574366	42.940007643438605		20.06872967156093	57.42269732430267							64.15942759798705	45.36184934329569	258.2048117514758	21.49096020361653	28.148183872183004		73.3001802847816	35.267634732327004	44.26489194382087	14.296698077410596	127.47972350537682			31.04398302464647	27.08411931683508			64.82603526757522	32.63671123895484	72.78718034589707	32.329797426056366		46.93899404387128	46.80580890575755	13.558502569773957	26.336700849266176	110.6713796828149	35.08370806426699	90.51402209359568		11.548663274205529		48.76375330742881		26.597984363316893		42.09288113745704		19.249087080587135	59.780004388133335		58.10102086115519	56.42782911794933	91.4515883780047		34.41092120186368					22.449631919574504		47.80833925778547	265.1877680093777	15.556221693356749		30.33161103308145	119.4662187345768	1.0044910179640718				175.61471538887216			82.94132828353231	17.56775184508278		31.71286855707283	81.51287009346495
Gemmiger formicilis	Gemmiger	Ruminococcaceae	Clostridiales	Clostridia	Firmicutes	Bacteria		291.8873914113077	98.6545081913513					37.49300860439246				41.9391047627717		97.87652412788913	82.09438924078971				80.94311472370119		86.37927025078248			29.31080232847945			10.272790370358033		47.30002109697247	179.2330029461543	236.2958870583153			67.58316015313996		226.29510505565077	41.576028069612384	192.34022934581893	603.3825362858158	67.62965091060998	47.219714748483625				127.25091388755855	97.43259661828353					49.00478092738488	14.81278294244376	73.00141435118742	92.91792311563964	34.57303032376855		100.30323283951584	159.66494192805123	69.32177471637438	3.031915414190348	224.8182916281091				35.330694002114626		199.0004305485377	19.262831681695324	27.62631979183416		22.192838307079697		64.07818672403096	55.79240336193429	202.6919343877395	18.865796982247844										17.7915857605178									39.345942889368686	
Geosporobacter ferrireducens	Geosporobacter	Clostridiaceae	Clostridiales	Clostridia	Firmicutes	Bacteria				17.097140219311026	18.915658266941215				17.960633995259883										18.06405508931628								35.72246007630323	12.225999205896604					18.83474912093935		19.33674041603631									25.205828987681528		15.71681590673376			18.3216945960074			13.0837251351964	18.448806951534884	15.566641676223622	14.148447056211085											15.372889570754817	13.922980388410908	21.302264716664947	13.860138273326632	19.16499359558529		26.47926112890037	12.641927018997071						32.84744534247978	16.36614797127602		11.723375379107605		46.64217803605888					16.20362107052735			32.28999394418989	12.208158766579595			14.582365111746812
Gloeocapsa sp. PCC 7428	Gloeocapsa	Chroococcaceae	Chroococcales		Cyanobacteria	Bacteria											2.00388349516158																																																					1.10219032910088																																
Glutamicibacter arilaitensis	Glutamicibacter	Micrococcaceae	Micrococcales	Actinobacteria	Actinobacteria	Bacteria																																												18.10370034566793									34.96001198580861																																											
Glutamicibacter halophytocola	Glutamicibacter	Micrococcaceae	Micrococcales	Actinobacteria	Actinobacteria	Bacteria																																																					28.370234022915387																																											
Gordonibacter urolithinfaciens	Gordonibacter	Eggerthellaceae	Eggerthellales	Coriobacteriia	Actinobacteria	Bacteria																																																												1.0106382978723405							10.167627303337923																													
Harryflintia acetispora	Harryflintia	Ruminococcaceae	Clostridiales	Clostridia	Firmicutes	Bacteria																																																																1.001111111111111																				14.315910858018064										2.2333333333333334		12.04592116814281
Helicobacter equorum	Helicobacter	Helicobacteraceae	Campylobacterales	Epsilonproteobacteria	Proteobacteria	Bacteria																																																																																														1.1166666666666667		
Herbinix luporum	Herbinix	Lachnospiraceae	Clostridiales	Clostridia	Firmicutes	Bacteria	29.87513606726952	40.16158634418509	12.56608601202659	18.746829713179626			35.569524314016185	13.874830708173551	27.736631393351537	11.727656007392376		21.41738801404296		11.120401830891051	50.22572306886416	25.404884655169283	11.5429203735566		19.855701145714068	10.616670718703466							18.83580307899695	16.098423980834617	62.47208445370894	18.18160696120996	19.89185672169354		133.6789285128419	32.62959379051276	13.828838826972754	25.65746457738608	70.26101212659611			24.460882725312526	30.54575092886604			13.545213392164422	31.716090634175057	36.01624183861131			41.122448625300656	19.14491352200184	29.63143341369336	51.42193721259329	40.81052576178795	27.824319557336043	44.93255279664732			44.60234182110815	30.06608752609912		26.590714311533432		12.920439441842282			11.776692266764467	27.857548646299364	21.43158601021966	33.14209740053408	15.97374371363902	17.767956797184343	26.504725542850448	31.309271447368896		10.663856271183509				35.705030388598345	22.41505262601575		10.322953592694928		60.089457175002295	1.0044910179640718		12.663690727920477		30.683379858675863		1.005586593525655	42.84213441446222			13.323265388677962	70.4993960616906
Hespellia stercorisuis	Hespellia	Lachnospiraceae	Clostridiales	Clostridia	Firmicutes	Bacteria		11.658265241793732																															10.202944768864876																			17.91391391002346																																												
Holdemanella biformis	Holdemanella	Erysipelotrichaceae	Erysipelotrichales	Erysipelotrichia	Firmicutes	Bacteria																																																									30.248509301246106	15.04277313413453															29.68847609898524																							
Howardella ureilytica	Howardella		Clostridiales	Clostridia	Firmicutes	Bacteria			28.202382838251285																																				22.092528433920247										29.55278959541109											1.0106382978723405														10.192106504467024																						
Hungateiclostridiaceae bacterium KB18		Hungateiclostridiaceae	Clostridiales	Clostridia	Firmicutes	Bacteria				32.836098491395134	14.848860062606564		26.107540554915847		37.92694587643254	16.44123869546353					19.761498840421936	12.330391612499062			16.72776815000505								55.94066436734244	28.53515147751917	62.33009294179462				37.36639703844378		17.219658242109638		51.27960042372639		11.697349373890564		18.963685514412155			27.80296728937429	17.053909238945252	49.65768140797958			122.70816885268336		16.285002462561188	40.94420929482085	32.04491476959658	64.0978861881406	35.912813192238914				28.97368922549604		21.024724816432144		14.757353046932996			36.45405904808849	28.56426664132183	34.8977643109744	34.30052148608367	69.46905668256971		27.8237496944704	15.71424596187476						59.5751011670299	49.27184786031428	23.63791573915869	15.315637985020215	11.105489141556903	72.74997364891986					35.36009448740646			77.20432034201578	16.16591279511082		25.355494821331224	41.522921156161416
Hungateiclostridium aldrichii	Hungateiclostridium	Hungateiclostridiaceae	Clostridiales	Clostridia	Firmicutes	Bacteria																			13.915886311924648																										13.6046067132238						24.299490421263364								12.570103674378002								19.81367398968287																													
Hungateiclostridium alkalicellulosi	Hungateiclostridium	Hungateiclostridiaceae	Clostridiales	Clostridia	Firmicutes	Bacteria		50.82312301180641	30.43859508243873	43.97200831654619	36.48618409359597		41.11503784360988	45.50309686944775	75.21338149884166			49.41497861707208		34.58207972948125	82.96628263911857	40.86690125969917	29.30365701162571		65.33584653850681	50.20819721233855	23.71468927193391					29.59525090448495	75.2287476883385	79.56786562769018	76.91419796509008	56.24661273435221		27.39879491785879	87.07912918523301	62.46308696472168	52.72210446511587	33.17496086923833	81.62340700017326	19.05898357524375	36.15551288496124	44.57870151560392	41.19486372168706			98.96409481164406	50.67290593513692	92.3276642539354	29.63784423026892		44.23252653074664	21.68747217339316	83.29220317603946	42.80725791529815	84.86262023573545	92.2909324869643	65.63135935574809		18.856134704009158	48.792153899535165	52.68124687934167		108.49611009175094		32.29116852598919		29.672436957240198	127.59734119262876	141.8899335332792	68.05372555659639	54.94510917164254	32.972119966802325	27.560027394890746	90.9618554312622	30.34436502362588		30.057103425111396	15.999658837028498	17.70188373419833	1.0476190476190474	52.70944910597673	121.08236853397386	39.95720555952475	27.509591760934445		142.98133797323746			25.641394673914743		89.10332289435871			152.79732273414723	21.71194864678292		39.33211480531144	48.88420934472556
Hungateiclostridium cellulolyticum	Hungateiclostridium	Hungateiclostridiaceae	Clostridiales	Clostridia	Firmicutes	Bacteria		33.40238667844378		15.986867567363497			22.58474743642448	18.66250273611196	15.626795316715192			24.680148897896768			46.95633858483066	25.72384823464381			21.37482304106132								24.96427113937014	24.559882376265644	33.779445364908526	21.72277793624029		23.085763008717333	20.93303092910021	28.58835156938348	15.86136199872644		17.789889324011217			19.213768243975043				25.002213262842123	24.520071414894023	35.05887102092449		1.05			23.177591876077365		32.20249811804632	26.81180929539656				15.738393431943395	28.349780715279344		18.62838398656256					20.39538234788182	35.36603738019657	22.98933964797943				21.624940094935766			16.810183472388353					14.61215343750584				13.94026950306842			16.131232205537625					13.213246158824148			22.4392732744	
Hungateiclostridium clariflavum	Hungateiclostridium	Hungateiclostridiaceae	Clostridiales	Clostridia	Firmicutes	Bacteria															10.343949130174728												17.083618109029352										11.72957908392114			11.038997649547529				11.490397308960745																1.0106382978723405						21.06118864164727						10.986049422917484								19.40369787144985				28.871819573637747								16.980417396077804				13.23743854794004
Hungateiclostridium saccincola	Hungateiclostridium	Hungateiclostridiaceae	Clostridiales	Clostridia	Firmicutes	Bacteria		19.60700560847459					12.677015846307752								15.957497257210996				11.319760835594575										11.96588678446938	11.04169313441355							13.383894796374603							13.056694370744772		15.034964503042522					16.457767226852972		19.219835502196013	23.17971150804545					37.0506371280185			17.16447531629681	13.077639437718638			42.31174347428762	13.494948926228894													17.093380209342858									16.97864144581972			16.876234841378352			37.56499070810764	
Hungateiclostridium straminisolvens	Hungateiclostridium	Hungateiclostridiaceae	Clostridiales	Clostridia	Firmicutes	Bacteria		22.403738411318688	17.626901805893414	25.59372211051444	23.028827027349543		20.77772089698921	13.154083660309	36.92573483446734			28.48595665749599		14.010773084628337	30.70507729175519	28.00951416992856	20.23617268364828		22.45964109246063	22.476029727738386							49.00383035770076	32.981810907142865	25.34555753369844	17.72066328058264		14.137329226570404	28.67603944532212	16.368869208618644	18.40635668907705		36.86529955258483			19.8777644739098	32.5007655886542	3.00002285589352		34.381307259268944	20.967919206506767	39.96097655990625	18.147357011535284		19.666074060871345		21.922557130125043	24.89549200962503	32.94885794871463	41.40874473466058	17.971402503725514			22.912540430603183	32.52820790246135		25.372021091687845		18.631069307278405			50.698622873738245	49.1654264880606	30.65369151009747	25.53035710112692	25.16760391964066	19.014645817398986	20.60817908177332							29.39084033471677	43.96457717023046	28.65029341243432		18.88074687858361	58.54727969514638			12.253648097449432		33.78867245643943			63.56547027849985			19.838284220600688	24.13372347851196
Hungateiclostridium thermocellum	Hungateiclostridium	Hungateiclostridiaceae	Clostridiales	Clostridia	Firmicutes	Bacteria		70.17391784082885	40.94236234932979	98.99238364920836	67.61780060724543		65.65803109786918	43.7455470090812	154.31325989557615	22.99748004706137		82.69119656622846		39.32538928061315	86.49697660056654	63.11254145436354	65.01129226699184	1.0625	105.346044909792	75.60003886602016	21.331831593630103					30.72186078964717	211.9752253149664	125.70414768767652	121.68303812905404	36.0274130643307	20.96338371291341	25.65172941350104	198.94087597605375	52.14746558900219	86.02802166191479	21.947242118083537	138.09000763314253	18.856778026806587	36.418703157497454	43.1729411264248	65.83040047222465	5.999978539994987		177.18073936132765	81.19433334703787	182.6879579016197	29.81193578107593	2.1	125.61446072420418	29.969339592431936	56.31617026266903	94.82094268729668	98.087310052745	114.98244311578752	77.52211617194405		28.585760350149176	49.69741878174485	99.61089279957658	1.0106382978723405	111.66007136106892	16.15452450253048	32.75267826168622		31.333332923470973	167.29349141631585	169.35338574840608	145.50263542168292	108.49258230715732	91.16006487169597	25.62132502933535	153.79695945721838	44.3617378212132	21.37644953046111	22.259092326271706	23.83703549208268	36.40575080163551		135.5067557700468	277.75322667549267	89.31777068538935	36.54381775199094	40.68739812048175	502.3059522640216			34.279186695927535		181.52452827312268			507.7599315574824	62.96536192169289		74.1896040585666	91.29122229553812
Hungatella hathewayi	Hungatella	Clostridiaceae	Clostridiales	Clostridia	Firmicutes	Bacteria		781.0748291884537	242.724802384118	288.07911249553524	110.33300509394442		192.65166686229404	347.4901979333757	256.82994451032874	36.89435710402808		459.2489852188247	36.80096908717637	317.71449984204685	541.2755454121896	232.2939067436532	112.07050638287922		439.6557154317645	188.86440083034512	399.9525094284102	26.70412847180801		185.58342161046104	21.462517602122087	87.25399987869207	213.61838316594515	465.5529365965712	633.8009800461709	458.2271192153272	258.2231716111781	68.45422822755245	426.4653398953057	644.2358998610433	80.46285583920569	233.2307266571001	570.8030950088607	222.9410909147421	466.498594444511	242.13032102979847	420.0087131780629	4.795617934523807		271.7959795869873	562.0633663182372	443.53556393930137	133.73487244830187		225.15234143884248	187.738939393864	401.4008506885243	1090.5612083147812	552.5942303914095	626.9465177735109	272.03313445621484		311.9656397520393	698.2556590168031	351.0394871743846	2.117882781685891	629.3713836892318	23.714554104875564	179.22775686350218		186.53041554492955	190.27073623405892	623.7793423532254	164.996742333085	491.992504844597	97.60831150845664	118.08535996686886	245.6924246332281	360.1897390825673	134.63544640127773	221.5277174471679	181.59131162225128	56.60978872224518		293.4984703823662	352.2044596257747	60.39522559325899	72.01846129823768	44.6377437094452	485.9522411556302	1.1081172723119428		105.77665802463868		321.3081100535047		1.025056370115093	569.0935608107677	47.04877778060422		169.22083675502847	262.75757914659874
Hungatella xylanolytica	Hungatella	Clostridiaceae	Clostridiales	Clostridia	Firmicutes	Bacteria															11.826545116694502														12.557600451395809																								14.88099542652187																																											16.987086735272385
Hydrogenoanaerobacterium saccharovorans	Hydrogenoanaerobacterium	Ruminococcaceae	Clostridiales	Clostridia	Firmicutes	Bacteria		39.88910178911747		21.81376892834421			28.11820627788834		59.43109888782369	12.760998888332177		22.95436111212884		10.451702566495468	35.37839757724627	15.2993078159147	13.323380317362806		61.422191539379874	12.61301261857085							35.92193796475763	35.354858917952626	68.54108611902525	11.311023561072798			36.87562093163945	15.866081990009988		13.509555855534613	78.32115277274733		17.66135161417597	27.660575861311617	15.906376750232308			28.11708568748058	32.83257458436014	32.21736601700039			29.876746421595023	16.95801251795807	11.730682379003364	19.91154603291025	24.063115186644374	31.75571254682082	25.9718464032111		20.825799262273083	29.281074558708514	30.654889818271325	1.010638377953844	59.07301295215928		14.65888805953702			13.85058418661566	89.79341687946892	27.44794595200787	45.97826833265651	25.83866793678744		32.49093330613445							79.89701324512929	59.11677216719994	12.59684761832482			74.74789411089446					115.57759384369136			96.17761346146575	19.681927695496096		26.25021025264847	29.306896804797628
Ihubacter massiliensis	Ihubacter	Clostridiales Family XIII. Incertae Sedis	Clostridiales	Clostridia	Firmicutes	Bacteria		84.4209797802323	60.28851620510016	493.2814090673603	128.51412545015674		397.1214352745942	98.84450229575508	766.3670497916396	57.49183216414367		96.91899910179514	25.54769367287998	169.64011360838697	335.32374620724	215.74151152600456	105.57864839496882		138.8616314595631	121.17316265117496	28.83577722112165	15.836907419115375				96.46041577145002	389.5056867929907	348.61724603949693	517.6099571228053	37.12267076948489	116.97329435196605	83.6245249666356	768.6099410981452	108.7044872778805	250.60172959755965	39.94982384156804	370.7526731260958	34.74443656322167	88.60095333876363	128.2423116741621	272.7918779520353	6.169631147782377	20.662694090455545	691.6093579013954	75.38037771722892	314.9660255695762	86.24900067721182		420.45649259764656	189.8292428149924	234.46898266186625	830.5718480835479	583.5804150771136	425.2757966047701	368.3057459586148		45.1540835105082	108.72410200225497	269.4667663011223	2.0162380898124788	263.06342166823634	13.125775241875465	137.60152352847402	30.297232358369072	45.54427473902555	334.7309806402751	270.88470763829054	263.86996252666955	603.7674064990173	193.0646806419849	107.55385616918896	314.90824460586595	317.93203211118924	20.0222000006874	37.37328601635246	38.80650467265261	71.49132512871483		1067.5058640491447	663.8013930597502	122.96940596147329	168.52042209888936	68.66579231698435	1186.744942367274	4.893141826120901	44.4789644012945	98.97242842096271		695.6728642861974		3.016759502674634	960.3221035712428	182.83750319247144	4.466666666655984	138.62586929444382	184.3407592789848
Intestinibacillus massiliensis	Intestinibacillus	Eubacteriaceae	Clostridiales	Clostridia	Firmicutes	Bacteria		284.2484707109131	88.9267066004051	13.086783887541536	212.8712481923957		20.209011208267764	82.18752641023525	498.0735993086533			241.77796270202109		98.71579037740206	78.03248703762695	241.03676966855176	69.94662115507683	2.125		33.979613369914766	55.60430437410254			20.13307053264248			37.65895733658248		30.95521682223422	136.05412170116756		48.73559326495806	40.732408190844666	64.74699745854468	93.39407934605012	35.479477650713626	13.948401930659758	70.36370505463725	95.46533363339417	54.43233999128525	19.2179743285581			202.8179028400796	94.19958489950936	155.25468419301825	61.970783510178265			15.394469292626331	189.74676135124744	61.77774099554626	25.197866204816503	22.40521633753954	25.041445776023878		60.19547276255971	135.79971133538615	23.51396872261151	2.021276595753797	20.01732188391984		86.64452985665949		14.301922638773116	134.49101646650925	24.773436075987952	23.933276315036604	91.70619191057126		20.709742678414457	45.62498447150431		29.74017697907539		41.486663680668215	46.77011775479654		200.39386895837228	42.40988919324378		21.57997021324209	89.6668116279707	311.83945497166894					297.5716174100504			46.43497887040645				22.540796794681025
Intestinibacter bartlettii	Intestinibacter	Peptostreptococcaceae	Clostridiales	Clostridia	Firmicutes	Bacteria		101.3593560732965	83.20207186325204	98.9605800200814	276.030336237171		56.70838297366991	134.59312179490368	237.17885612132724	38.26255562894016		107.1244178114501		199.302384359782	173.62542078107958	153.10383255514807	89.68393243508815	2.426430912908482	150.01981255923553	162.91801707538175	267.57982171547746	19.08270204421189		156.05320980788696	19.185088104412703	46.06837535990375	250.76804232545504	117.00291529739116	230.7709582089673	32.206553093578776	180.62580790584624	42.368277323425694	124.07834669108932	77.06115197875393	135.61208577997024	115.85206738540484	96.82131179871374	56.81715527109373	122.38507042289744	140.668580087494	331.71484143454825	3.505587044203118		86.05244196829315	76.57384048135516	135.4858331556134	50.02136099625792	1.0500063188963362	203.0395189870428	52.02913732517254	690.0313283585753	152.23411802164185	572.9778730638445	891.6753586575878	182.8316197494228		43.27342684533896	140.04576308994612	552.9779354003521	2.2146794236619844	328.54889784845955		61.495993855548384	8.011345434755084	101.24152766724671	405.65495350828326	392.5278909036505	163.40985159006556	312.4626716918496	145.30471803314396	135.03243922063265	196.41383473516603	306.13503120659806	32.91309039216247	72.01979331665571	44.23414999343464	29.146294525023123		258.5468246180069	214.89174376141983	127.24697112551324	102.15880911839966	41.73781019444144	836.2071355525491	6.362567303732744		33.62665756872699		129.52685012628385		1.005752003032555	728.5290441388959	82.40173202332016	1.134271456008746	302.3634112265433	117.9959814650536
Intestinibaculum porci	Intestinibaculum	Erysipelotrichaceae	Erysipelotrichales	Erysipelotrichia	Firmicutes	Bacteria		44.11800813467524	129.29218269754944				17.888777280444796	628.939947000905				175.51407438215784		181.72442386397427	3248.5960927671063	193.20640449582717	16.310251960021546		108.48625470704977	38.34020919249046	195.57073265712452			71.05368749356424	14.332678780515112				263.16164205829483	62.310624447734696	221.751924109092	11.232120994619208		53.23762417406599	14.131884057971014	437.6411378815815	164.5636166389472	31.063864965043123	146.62175249862702	121.9544441727429	194.848545537707			111.63949505602172	130.51603231160118	1464.690634995953	106.13909886982196		40.10891377476675	16.331996690217046	174.58858781721236	74.27521062237703	900.2018081238601	1505.3776974789805	11.107738918881951		58.48034890971199	234.5815923468452	754.6504479572101	5.054087999227559	1070.488589702974		74.36867876113419	8.008888888888889	142.0036788374563		321.39637765946594		3257.653074984798		87.9421544599216		6588.468430278991	92.7506777942529	442.27628763818143	61.60515339563781	11.326214574898785	1.0476190476190474									448.2108688059583		20.05441651321893		2.011173184357542				287.6262302985761	
Intestinimonas butyriciproducens	Intestinimonas		Clostridiales	Clostridia	Firmicutes	Bacteria		71.87556092104792	56.36237104341486	280.1505527023901	235.70625483687527		213.9074397734664	75.67247143822499	717.5428999336938	87.92424214664202		85.67795731847814	40.97030323157344	130.0315718645652	184.471970510886	210.32349731256707	91.02559115690404		165.9830635065409	139.35500737218686	71.45660978315357			14.698398519711397		51.56150255814601	483.5825629081229	342.8160064442538	361.1863010939495	38.01688511593451	27.70123123613264	78.2387228897544	480.5383179300648	96.22353172155478	209.64705350854655	72.60652857458041	256.15222038033	12.117209493948089	36.83104228538557	195.85296580039423	254.36453050177403	14.672926568887576		312.0056835495996	59.03127903408258	195.6703512424055	37.67978313132956		442.5389194021429	142.86700144035734	357.66854676125814	683.63881864718	238.98714360870048	370.3806963635059	214.53716511278287		54.41209872847025	78.71594248920213	329.1143407508854	1.5159336947612572	235.27195141574663		77.584481349477	5.506110636676295	63.919135645274245	420.8367360116624	202.38985042141636	332.8347934075005	587.4816999682538	255.24559119055675	73.73016258171035	303.4576507691941	101.5924645800198	18.55074166277653	40.995365015167245	15.146012696997907	56.93874559241363		873.1395546274276	452.836147149443	192.679027774719	72.50561758782241	102.39582978842806	579.5666519350409	1.5058773776228735		69.97279047339232		541.8849564847068		1.5111868382016769	372.5545230360016	79.94650242598985		214.22606817434425	380.275458515254
Irregularibacter muris	Irregularibacter	Eubacteriaceae	Clostridiales	Clostridia	Firmicutes	Bacteria																											17.345243715327474																																																																					
Jeotgalicoccus psychrophilus	Jeotgalicoccus	Staphylococcaceae	Bacillales	Bacilli	Firmicutes	Bacteria																																																					21.07555768985685																																											
Kineothrix alysoides	Kineothrix	Lachnospiraceae	Clostridiales	Clostridia	Firmicutes	Bacteria		33.10546819842885	22.408601490742967	40.92587710298446	27.031737514960927		31.75555029771034	39.51976959650434	17.714318045142104			72.52233093573739		28.235529166142573	50.65223543745906	55.90108674574132	23.721009720108004		18.23885574057613	74.3441904312866	19.826905614762406			10.896526109034571		23.175765114430376	78.25416196432678	40.327543865569744	65.83056461899167	17.57484692002756	39.97081274663709	14.289051588415902	268.2446920241079	19.142944884115376	24.03136714456612	34.25615734047059	58.03876925097565	17.511023670871904	50.91234249518288	50.627580928091376	37.03673328264681	2.0000084895764267		26.25538999867112	38.46179739253763	14.136080060486064	16.408109212665394		21.45586953167033	16.661425637915812	17.50149190143247	20.357667341133794	75.79144785735691	49.55271819186922	27.72116019514627		12.203478505662988	45.78448009328088	24.52805819179389	1.0106801806064811	30.628469617291397		11.697312010839545	4.004444444444444			26.193397691986608	27.579548763105183	67.01510965901807	15.90909836089264	21.552505200293997	69.489050022095	16.308691141089565	14.511280281133152	51.5137460385463				86.02294154006061	68.24638939524239		16.973314814762457		14.013392948099362	3.0137022993331204				24.110891934696			26.32948483722199				68.23791314401018
Kiritimatiella glycovorans	Kiritimatiella	Kiritimatiellaceae	Kiritimatiellales	Kiritimatiellae	Kiritimatiellaeota	Bacteria																																																	26.070467764792408																													1.0476190476190474						12.0279937783045												11.041677943166448
Kurthia sibirica	Kurthia	Planococcaceae	Bacillales	Bacilli	Firmicutes	Bacteria			42.05510934275081																																																																																													
Kurthia sp. 11kri321	Kurthia	Planococcaceae	Bacillales	Bacilli	Firmicutes	Bacteria			11.38974104026242																																																																																													
Kurthia zopfii	Kurthia	Planococcaceae	Bacillales	Bacilli	Firmicutes	Bacteria			16.07549525794344																																																																																													
Lachnoclostridium phocaeense	Lachnoclostridium	Lachnospiraceae	Clostridiales	Clostridia	Firmicutes	Bacteria		16.145741990092347					11.87251437934164	10.96755634345372	11.385878578194534			10.421330857772915			12.158396223774382				11.693394690812172										14.066977155429878				19.633232392655263				16.80697434108828								11.994691799290864	15.741967764609484			11.55951203760474		13.927708162229756	37.16239458137246	10.327243975606232		11.958186117020697			12.290864455188514			14.517170891797958						13.267491077254231		10.73752091308225				10.837301464869574						16.57907454625062					11.03518909422712								10.581866867211284				10.528295505345062
Lachnoclostridium phytofermentans	Lachnoclostridium	Lachnospiraceae	Clostridiales	Clostridia	Firmicutes	Bacteria		118.18457185407564	16.041862026289028	30.48706179490531	15.658177844705794		96.5104885001468	24.162292702684493	44.58526107403219	20.48856841958932		36.36848767493725		13.699367614908256	107.90892059651176	47.029618057538514	15.561091208481754		23.480853186799543	19.854989750272384	21.37651177605248						42.1506857859718	43.34007762398189	110.8440184560627	30.849086764668765	18.32635226888801	18.159713379790198	274.37034230542633	79.96645264376652	29.198230299277405	40.21673091595343	235.10454528512724	17.600521153263305	14.801232004538484	110.3788461629411	121.8347566859612	3.916365950445999		100.64498570252	30.845466950999224	45.309236046378096	13.654365961838607		110.2809013289414	90.41621995792504	122.2620819665988	53.86740623148656	86.05062449475001	49.03259893453528	128.507992221425			11.503718812604456	63.023962906376816		36.13488760145698		67.40729636321493		12.310874481936146	12.494590272332855	63.08035681103677	47.59496341843506	60.52210080232495	27.87011230103921	61.76083966442409	24.52756985317861	18.813695537574617		26.23109677689448	39.17207757238564	11.174638480571184		97.1449986496076	81.63460099462574		21.35369992091888		54.448650552731166	1.0619640557742045		43.98749317515086		41.97749385720888			73.45177799772559	13.470082005754076		73.15587237243405	216.45307075131424
Lachnoclostridium sp. YL32	Lachnoclostridium	Lachnospiraceae	Clostridiales	Clostridia	Firmicutes	Bacteria		239.1720579909035	66.8060076814586	105.34027265796033	46.33219915638441		60.89116796742628	92.23611586960688	98.92357825057093			119.44919819084367	20.49391497040105	77.20547063009113	187.6653861167705	71.04501875767636	45.39896196348652		191.9607398869073	71.32055935951541	130.57941738972772			60.02404508106861		28.113847064490862	148.7545390305673	175.80615355699445	242.5973497329746	125.03897633278092	121.5831659077256	17.39918812431069	117.75379078577689	158.44679368529216	14.540241263944202	71.68897205024481	167.58448850559012	54.995003846672034	123.21105452919709	99.12479949940604	118.8834388211394			78.63543591749703	103.4419331609425	204.54747073567827	29.449463635909662		36.97715258936684	29.892022684553343	173.87735207943808	516.506043372054	270.7365917842315	318.08904354558746	69.04437972844933		113.45925449400978	175.26619099335628	159.60047764973305		253.17389065821592		42.79883097628742		104.12176638124132	80.58637948977629	272.626115624348	114.4685660774808	234.20679876786605	35.430799937311214	37.41043209146175	92.57349285554083	150.62552793368303	25.536179845125965	113.17772531890512	36.848491864950994	20.117486465060995		99.47333547566406	139.61405400477577	35.22634729652964		18.27742319452421	209.1531889199094			28.764125058823808		111.13451265889664		1.0784187298401702	230.1905198110186	42.370903509299374		91.40387015107608	34.980982065749394
Lachnospira eligens	Lachnospira	Lachnospiraceae	Clostridiales	Clostridia	Firmicutes	Bacteria		117.0162665824853	54.53358326167927	18.266194733197928			37.848863845314	38.42443387878011	15.427103308890985			57.550243015455294		64.83420440640792	104.0661409662838	15.452468168251157	16.096437604346054		68.41664085623832	19.1384437472754	13.910217452059692						21.284773587739306	42.133934501200486	32.845574630553564	187.8073545177563	12.449524266779116		16.609093415816233	48.724229363339525		41.323140417054354	46.59479562917412	23.81400245268578	86.90420191299168	15.073311123551733	36.21913972076744	1.0		16.03246009491846	140.45991442375586	82.99377659458132	28.83476323689509			14.279679627234415	22.089703996954476	58.98533131739736	21.308381212991144	25.7539486860889	23.043075167808382		139.8271406004922	171.43313224472715	19.64089401321105	1.0106382978723405	54.74019125058515		11.251107711677353				92.59926921500023	42.20520275499439	13.409398483108571		11.045214532107725	12.884721674812674	22.40929255484085	18.505838820932347	34.11777552020635	13.427126822219927			12.21798289955245	10.08294543913877				11.594528103158847					19.08949752317469			17.632753030570058			11.256069980667274	
Lachnospira multipara	Lachnospira	Lachnospiraceae	Clostridiales	Clostridia	Firmicutes	Bacteria		10.128758575330185																										12.154287168728214	11.783481884904733								18.054882885913063		16.71494553387311							13.169117868747168								15.843385120437874																					10.20344503397066									10.02869926208062								14.139129243888616				
Lachnospiraceae bacterium Choco86		Lachnospiraceae	Clostridiales	Clostridia	Firmicutes	Bacteria		128.81224900589214	59.72372927648113	110.5164543624407	48.24449929967687		61.71659281334587	70.25889601392942	101.17125485018153	33.84879101492024		81.62446356094323	21.558475967505963	79.53836775546492	111.7721366026458	85.17569337666002	32.45244433894872		123.03249831348586	60.14826454260817	63.358302535417685			28.079520916567517		37.152975909585344	129.42923113632384	143.8305789787743	110.91650301743614	99.49789756386625	65.68316152259919	24.147757659636103	258.8156766601094	100.21344354199104	33.012566533511546	39.484647703253685	128.04123442086134	40.28001133857733	83.68590904020525	67.47374652580199	97.69181219140198			149.92780369995427	100.5658821808081	122.90899272181484	34.59576914443044		166.61829803585135	36.04481422998437	178.36689770504017	498.60145574187294	165.07695426005847	183.08796233290988	74.84403125174315		56.58075157213251	139.74618651710594	101.24566006839376		147.53121321512216		42.22741416284393		36.003776819378	126.2841248309952	188.0859189476873	86.39450384931483	127.53208168578286	67.21749017404163	33.00084559399756	134.76891314338897	150.16580826914642	23.99328830725431	61.854570228568754	36.36916872240882	20.494430096753707		123.84185238032173	143.6112258851626	42.89141334066387	29.54197185393376	17.37440388397203	100.03648649149972			24.56902894044693		106.69689290932058			128.13629825582487	22.20751869362465		64.27298651303052	179.53608722275493
Lachnospiraceae bacterium GAM79		Lachnospiraceae	Clostridiales	Clostridia	Firmicutes	Bacteria	33.26624548736462	3366.219659386547	1257.5523599781238	1003.4870815451133	713.6599553186982		1600.6103208812117	1280.071538013092	1158.9760406931466	215.5416015055684		1573.1553382174918	48.60700001301856	1795.5788952800206	2724.6524199687765	1642.9385844231035	805.8920840904314		1519.0204906532692	1357.5516137872323	703.6510119451008	104.58435764243092	51.2226504077416	523.2127970288842	68.64621418002123	414.13956261838393	2312.201753676548	2524.999514631495	4955.869469850962	1454.8923352465004	1507.171746309449	425.525190109278	5649.231386840831	2572.6127092263005	779.9908723162595	779.4327010061612	4963.6754153018765	986.0261205779556	1720.6443780855882	1876.139586831707	2146.664989738358	19.197261365676283		1607.6080276843252	2518.6737085575605	1885.5696332538405	461.310457332928	1.0500014377473752	2307.422799655371	1130.5494574725285	1143.3165168260084	1901.6050682915925	4031.854879740528	3659.199196090723	2077.332800611513		1211.1552024479258	2245.435117998996	1869.6363410585304	13.12513001810202	2324.79043373552	63.609526173383486	841.0623944469127	13.014444444444443	455.0957584067269	677.4384783942228	2285.5498830136157	1638.7777738081036	2778.6127365876805	781.0299163162014	1022.5778812257248	1850.8247496456036	781.8235463453823	477.89538683103234	748.1935277030672	718.9652340510683	315.68703047899567		1693.870742772854	2995.515723466184	186.0606103043241	255.18141583228925	77.4380864302796	2714.0962261939885	15.157253724711955	40.48867361335178	369.36826908122873		1509.5616370282935		4.024788748568326	4144.296421550343	243.16195293093077		1365.8978252976897	1302.734079619701
Lachnospiraceae bacterium KGMB03038		Lachnospiraceae	Clostridiales	Clostridia	Firmicutes	Bacteria		15.45669724812672	11.11717918718219	14.235813431788966				10.320798966683933	12.618054004542532						19.889490495080857												14.290611402450985	16.693697654963668	29.19732908822974	15.09682081512507			20.006612004012407	20.413454308645047		10.511165666706155	19.533708451790652			11.623696993633695				18.669212457172723					25.576997238347666		24.86909757358547		29.2494100909209	29.44721150087469				16.31322243048864			16.67686978149825					10.083924185461647	19.91328929982767	21.18194542648735	16.24951073413889			15.036953789628011	14.637846391046912						22.891034391000044	26.283348087314973				26.11357407409765					15.685714777813011			27.295797669210184				
Lacrimispora aerotolerans	Lacrimispora	Lachnospiraceae	Clostridiales	Clostridia	Firmicutes	Bacteria																					15.732325605564991			23.111639976551636															14.301213633890669													20.41864730617267																																												
Lacrimispora algidixylanolytica	Lacrimispora	Lachnospiraceae	Clostridiales	Clostridia	Firmicutes	Bacteria		168.68286046614242	54.0485937389204	65.69164965535703	23.836810667778632		94.75326177987218	80.23184234274781	77.0056923247986	19.434363981519827		88.17911271060856	15.461577964095024	43.27033949380754	136.7391813595533	58.25880791084737	19.580242959551683		126.17787798252375	55.66397259804796	41.601047910293246					21.396346702109646	82.42607038592638	100.97711861449464	156.40518870263955	105.76649610014746	36.35808181888331	24.536841518376345	129.149971623614	144.27537548965296	30.483809897963344	36.189117342482135	188.3036543398201	20.497515798485257	37.658535499780704	78.95751392031289	147.89724250971295	1.991413113181706		74.87346343871815	148.6467574582578	150.41152621933827	29.689173348852435		82.52279542320247	36.001304032198895	117.21573493772992	388.49242393167816	108.15237506415885	157.34766966693508	74.73280036169687		65.30799295152148	100.57830392191164	89.51127690261924		141.50444625757802		48.57743531264209		39.49506636540824	45.28494443439416	164.3939973865806	53.19044118273489	103.21619952086884	24.98000858150925	34.01998677129955	71.89139831120393	75.6402162202316	21.592831011494017	63.8591681688309	36.25457617883735	14.299990133594926		107.62594812248676	113.55116037088136		21.48489521917559		150.47586178995462			28.798128429473092		79.05100338663937			163.27074153461652			55.65590556082854	74.69890930348886
Lacrimispora amygdalina	Lacrimispora	Lachnospiraceae	Clostridiales	Clostridia	Firmicutes	Bacteria		52.98724032143694	19.157439119314105	37.12643044891447	30.911394867764947		29.21877136658403	47.139500131944565	24.215218442877102			54.65767828999216		28.922080147788247	56.94656032834351	13.879545212164157	13.586011258133524		40.92347513723894		46.507675817759605			22.07069372514657		28.644894827173754	19.97812956146413	32.6950022121039	62.440765501961785	37.97452174131362	46.14504885232081		31.70839625048415	40.61354849729516	13.178880275679552	17.37968283170625	55.38333548301495	15.583652927289734	43.6106219548432	29.34108856912449	64.76042945135971	2.057755923272491		24.36969587823133	70.40494163484495	42.423843551758885	22.73048369615196		42.18936478698015	17.240990378333926	41.87704270821281	99.15198497718808	53.5730290915989	69.64803680701736	32.222907709007266		26.12889606944803	32.32364364914078	49.16348396334119		42.49402397586832		15.51018020968373		29.93755020178314	23.0888422272484	77.63999614007147	14.38456849251524	61.00392679741035	21.43334354679626	18.017035623794435	16.850888994538163	32.49374603822255		40.83114129258485	18.73846896752213			19.51836926423229	26.47432270979523	20.34956218583164			20.859333825500556			16.53399096040372		25.082770241442027			23.147606295249936			19.7066629280793	21.920502698156287
Lacrimispora celerecrescens	Lacrimispora	Lachnospiraceae	Clostridiales	Clostridia	Firmicutes	Bacteria																					14.989925143028882																															11.691348952766027																																												
Lacrimispora indolis	Lacrimispora	Lachnospiraceae	Clostridiales	Clostridia	Firmicutes	Bacteria		50.9942035467522	11.266427594723302				17.760274778267224	13.687295413721037				25.125595314732013		32.687611721916575	24.31727704420021	11.666730686065904			13.890891553495308		10.827331021727984						15.115436098875326	26.961695598575325	34.79601699467568	22.33594484205012	18.363739408230938		29.32256399549921	32.336568802388264			74.91337021453717		12.46550459915952		26.562342135262703			17.87622846587522	24.721231272096617	29.652571985885515			12.653641406769454	14.332164397168809	23.38383859170325	146.87354525822371	28.94314626647212	24.83764597124249	18.22382683868792		13.365505648880175	23.5760262536489	12.103945723963315		28.117464008988584		13.593904734463132		16.033756719198514	11.647335939805933	21.587169452319195	10.574126951442963	32.26930173261199			12.79594604029582	17.8467088220582						11.00332369240508	22.882086358663862				18.548316094738315			10.407132297188966		21.09168005128744			47.14800351794037			12.459897405414244	
Lacrimispora saccharolytica	Lacrimispora	Lachnospiraceae	Clostridiales	Clostridia	Firmicutes	Bacteria		1370.591181825106	438.527850699642	584.0359897699115	212.1853587981128		498.8392569911176	562.6470149202324	455.9654284778518	104.05040782150562		752.2048878298954	148.9059322447638	599.7730634689118	1111.4596293768032	431.250190231887	191.151066047638		822.7547047048816	273.56077872463527	543.9233959408734	52.72780356687107		269.20002273346194	56.67540046500229	235.62265874408973	352.2434730909185	984.2969960771616	1109.5889852195105	1049.0428595524118	700.840854755852	139.73147317295954	908.658344609013	1176.9671451228578	161.6114648749097	419.2016922025823	1252.682253339421	264.0889993635914	660.0184968224971	530.7440767742446	975.886311062969	4.712678998560523		450.17080373867	1186.8833080178183	1099.0494455473238	187.0691521602685		673.1121429289847	310.96418946065705	1192.995425379629	3513.8596915048447	1054.2159858998236	1277.046455594792	614.3317829206064		634.8304406061027	1254.8479069075454	663.1536619013197	14.885116220467111	1140.1241687576842		296.49354389135203	16.099825210138217	348.2466850800932	377.8670209418938	1231.5080372320303	335.51772453072294	896.0955095649413	194.60587334869385	306.6213532515874	471.5881053862156	759.11791519225	167.1292939407726	583.9163983371127	323.1156158583537	94.1703603561565	3.139337102131825	552.1838748540238	667.088412013845	136.79835868228622	131.03343717666786	104.57319736361436	704.0302073474315	3.993377220995929		265.2245294306739		648.1204521127167		8.853005577971306	963.7839363255088	89.30442812558641		313.8507207126845	720.8247756162548
Lacrimispora sphenoides	Lacrimispora	Lachnospiraceae	Clostridiales	Clostridia	Firmicutes	Bacteria		297.7552603331393	124.03965174026744	92.23424488063527	45.36181388722096		171.74741528830458	77.36529136595924	77.03687436801769	32.723259574617614		142.16528239805362	49.359016935902616	170.5123287472757	213.6338570594136	97.9985740319999	51.16751046223502		137.4860444356957	71.82961680528385	151.25418259168475			97.92973244609698		34.93046449763541	116.80257868617149	149.7171276710849	299.12383413975874	123.33481124693344	184.83687163386685	25.366935098398063	184.14908622777472	207.68905366030975	61.81484256823399	110.7718953479257	488.6663767172458	69.78869143300831	177.4858601710007	162.42575497825777	309.98240177003083			77.63326775601416	189.99772873660405	169.02592403616757	36.67109291288119		131.17383392147156	127.8015538375708	296.0696034642322	907.8443836817232	294.104795641378	306.97720419650034	202.35600960736795		134.10912558367122	234.78523570246745	178.92213617607445	1.1791887417535405	205.00787553835733		90.99613028414612		74.49511441173797	68.23317913746288	215.19414656959228	80.60398299099658	300.4483524101624	39.45441624671379	129.23911364925624	70.96765960345478	73.53657667247813	44.80642441026458	89.58413802682585	78.03545204590259	25.573516083758037		111.76535615120912	155.843324553151	21.480548027819264	35.3887864988074	13.01615470802238	80.80510337402157	1.0045867220871043		63.34837217021903		128.74268974457945			133.984372202738	24.48343933082368		85.53946292465992	101.65622823882568
Lacrimispora xylanolytica	Lacrimispora	Lachnospiraceae	Clostridiales	Clostridia	Firmicutes	Bacteria																																					13.681140435331022					1.9199163237919483				12.116114046949477																																							1.0459778800088542											
Lactobacillus acidophilus	Lactobacillus	Lactobacillaceae	Lactobacillales	Bacilli	Firmicutes	Bacteria				27.550453711527272	186.51381207193225				82.42509518998392	14.847083389936754																37.76110551008063	89.72503252890564	119.0976416614654					14.817051251262574									3.5136178467924286							67.22411974386566		261.5308975286569															294.6818978930876		169.42391171647108		12.887673419464814		87.28371061357998							106.42209611658636	57.08196242120675	16.612334121830315	79.51164633598795		44.195879311212856					17.777191573947643			17.72684267221675	14.069186417663447			31.74319090664058
Lactobacillus amylolyticus	Lactobacillus	Lactobacillaceae	Lactobacillales	Bacilli	Firmicutes	Bacteria				120.523542818569	1117.425171186585				292.72963015238577	33.086067229170574																221.1075474093163	380.4341442395374	274.4712425326939					32.82348996757764									15.937571749713555							135.7911103939722		664.8606244925928	17.113658707483406														1084.026291807044		417.9066364766755		72.48055623622714		323.8635706054206							293.42456268144616	141.64872072246573	27.30242325796968	159.8825850702801	68.97083987169616	85.86596794771174					67.44438080473552			53.99542387822551	12.607426481030863			113.59996106430523
Lactobacillus amylovorus	Lactobacillus	Lactobacillaceae	Lactobacillales	Bacilli	Firmicutes	Bacteria				974.9496663385468	13741.849355128365				2154.99661733455	214.3045051058516			36.6372643762706							65.63073425665986						2325.4932102298594	3077.650010310901	3033.187701321613			96.53045264259242		266.0755671781017									246.33780739065256	46.87312186978297	63.62242629117301				5.250002476757899	1242.051111435952		8023.053437027953	89.55427465847144									33.08457802668791	200.9253287025552				13553.619189256438		6727.520651573075		613.1165016382047	93.6351032275378	2859.077844598085	18.83630132054537		50.2107220328488				2862.502518669997	1156.0256595588394	167.4333286276088	1775.762909916761	449.0860624610261	698.7808753973931		20.015533980582525			251.10727577752724		1.005586592178771	342.6492294336818	98.4724285833601			835.645273579218
Lactobacillus bombi	Lactobacillus	Lactobacillaceae	Lactobacillales	Bacilli	Firmicutes	Bacteria					21.993163502073408				14.755823589593849																		17.162641246969134																								16.63322833549427															38.68688856055992		22.81379515324028																20.81601035165805												
Lactobacillus crispatus	Lactobacillus	Lactobacillaceae	Lactobacillales	Bacilli	Firmicutes	Bacteria				90.45208805690416	609.9304345972413				229.43474451265388	18.58749024515038																108.17863603067752	180.07911093888652	251.8743155944858					23.06924149570656									11.61898768791197							101.71865353770238		726.705100879191	29.866350537820978														913.0901924690496		468.0238936451352		33.12047900729041		208.91853021802277							278.8613748113526	136.2090158169484	21.02178197571875	81.06509945063603	39.90599145742799	74.8708741596887					31.774619095335808			43.41651039907698	18.046999540042428			109.12538984469325
Lactobacillus delbrueckii	Lactobacillus	Lactobacillaceae	Lactobacillales	Bacilli	Firmicutes	Bacteria				15.18874266959347	518.0400176793835			12.062882511042304	872.5485746963325	514.5646939267968				26.13784767391708	282.5752720811764	20.23097042594726			92.41381846771034	51.60709283637632		47.66666774968911				13.810176384648512	51.55117027488004	23.18946197349122	308.5488795755657	20.100787243651663	23.650307282711296		204.34872555426165									1.0		430.45618304027846	13.039743059379717	598.5955853180835	89.54158684673628	1.05	1117.8810319767936		76.998924741783	197.58419273096496	222.6377931469091	148.46077201249565			115.11780027107775	57.162891022754096	317.3083411592085		831.1769219822987	26.25155048375093		21.023333333333333		795.7871153435086	63.2797240203837	29.92159095412237	834.9425415456632	788.6985083964584		112.15615199093897	720.021932192762		47.80341258578618				337.34167309746243	389.101695967276	441.17165534164224	13.198156435903384	648.5827039478363	1985.632683585667	1.0044910179640718				1023.8204012461694			1155.8968543067142	282.06518319136364	2.2333333333333334	140.03818899089535	857.9619428504675
Lactobacillus equicursoris	Lactobacillus	Lactobacillaceae	Lactobacillales	Bacilli	Firmicutes	Bacteria					11.069470342316212																										14.474656126338235																		15.146352364871095		25.87813677712356								13.963595774116667																33.355872176278645					11.401196194431424				50.57277393894079					13.285002073709895			12.176940056498673	10.187924950383314			22.974426172489004
Lactobacillus gallinarum	Lactobacillus	Lactobacillaceae	Lactobacillales	Bacilli	Firmicutes	Bacteria					96.44622034911298																																																													24.40656909981656																														
Lactobacillus hamsteri	Lactobacillus	Lactobacillaceae	Lactobacillales	Bacilli	Firmicutes	Bacteria					20.860266234500894																																												16.453755065728945																	32.88814886490029																														
Lactobacillus helveticus	Lactobacillus	Lactobacillaceae	Lactobacillales	Bacilli	Firmicutes	Bacteria				36.60474928134103	231.76150650244992				124.94098269944811	13.704818765932483																55.91792800084393	96.0133111134714	114.82595694866					12.855426873116285									11.174727871701984							84.84770976137406		234.20688920267665															376.475949880197		188.7359020421396		38.74837581118436		149.90607022799836							165.02625249559242	59.02909711548696		72.43396994427444	21.942057445128647	40.78119778874285					28.51181171530744			29.889104275609885	18.618420849426656			52.29436731236884
Lactobacillus jensenii	Lactobacillus	Lactobacillaceae	Lactobacillales	Bacilli	Firmicutes	Bacteria					11.357274365952648																																														25.95612538740452															25.487366475864757						13.751386079033702																								
Lactobacillus kalixensis	Lactobacillus	Lactobacillaceae	Lactobacillales	Bacilli	Firmicutes	Bacteria					54.11218916328638				20.868976121023323																		23.697305958778127	14.317362517174152																					14.46094929666532		31.09359218138337															38.55120739268858		21.816561199924504				12.531642497475378							24.43534941476122			10.294603684221553														
Lactobacillus kefiranofaciens	Lactobacillus	Lactobacillaceae	Lactobacillales	Bacilli	Firmicutes	Bacteria					17.85800839303105				13.953862751474915																		21.542841720816565	14.911985770186964																							28.731489434185377															41.73342529787379		21.317071534827225				15.344857383571975							12.789789432436146																	
Lactobacillus kitasatonis	Lactobacillus	Lactobacillaceae	Lactobacillales	Bacilli	Firmicutes	Bacteria					26.628136045705784																																																													16.611574853094258														12.25121157149135																
Lactobacillus mucosae	Lactobacillus	Lactobacillaceae	Lactobacillales	Bacilli	Firmicutes	Bacteria		11.03103593645026	24.172997553838023	37.17607454955387	148.54804864750622		25.878425089747008	14.06764898884448	129.45132221073607	47.42996354113527		10.038369784629351			15.08126524774964	19.21942190894179	11.213298222514812		73.46865949987472	100.98104188083224		14.08331730419207				63.59936529549785	133.56385189080882	150.68240713390907	24.10018344090266	12.060472346715398	118.43789924875963	12.253222902412675	329.2563303955776			102.5844508649012			11.046325348693676	12.089227686579267	120.4434445602128			236.3543218633512	23.461700661569584		12.206291202428806	1.05	324.9691024494902		781.0249973226909	87.3175499868751	43.154711954013344	65.16016575792302			155.26739825786163	62.17679380128363	190.68852503424392		296.3918292424219					134.75781425909497		68.48720012993243	28.114517495460788	127.30790763331808	35.29820531354902	169.72471118888194	255.6768591877785		179.31308284986264				44.25235976716792	144.9226996437201	19.18877132008202	24.340948074696936	108.39584434190466	430.9814922604036					97.6520021078899			224.6035540602836	46.87066556766001		79.59044723881297	87.33020521986282
Lactobacillus rogosae	Lactobacillus	Lactobacillaceae	Lactobacillales	Bacilli	Firmicutes	Bacteria																																																										11.089357530103026																																						
Lactobacillus ultunensis	Lactobacillus	Lactobacillaceae	Lactobacillales	Bacilli	Firmicutes	Bacteria				27.71205190478022	317.0674264936588				108.901848120228	17.898213843608637																67.41005644010907	117.86423239405325	113.52164572023318														6.417828918523934							40.35874449972365		228.81877580407635															272.56928884108504		164.3708018307284		38.52729127207496		92.54139537286116	14.701738827901732						116.2986122565067	47.79903150066266		59.70113212419944	26.346253069798934	47.78867398422521					26.284312978685065			28.49370004653769				54.33864396569789
Lactonifactor longoviformis	Lactonifactor	Clostridiaceae	Clostridiales	Clostridia	Firmicutes	Bacteria																																																				13.283499314897792															10.710090627864613																													
Lentimicrobium saccharophilum	Lentimicrobium	Lentimicrobiaceae	Bacteroidales	Bacteroidia	Bacteroidetes	Bacteria																																										1.0																																																						
Leptolyngbya sp. O-77	Leptolyngbya	Leptolyngbyaceae	Synechococcales		Cyanobacteria	Bacteria											1.0019417475728154																																																																																					
Limosilactobacillus fermentum	Limosilactobacillus	Lactobacillaceae	Lactobacillales	Bacilli	Firmicutes	Bacteria																																	11.213384601305917																		17.028113941838374																																	16.624292804245165												
Longibaculum sp. KGMB06250	Longibaculum	Erysipelotrichaceae	Erysipelotrichales	Erysipelotrichia	Firmicutes	Bacteria				33.088075502046784	33.05592902248909			38.15778002624524	20.06991195398524			27.103598500571483							43.064469495866746									34.63994672103222		47.47810044467632															74.65756940869244	33.57484025465276					54.823040195324616						29.243691567680923	48.84382448828202			23.062231683018894					19.04972413343532	94.53593112728196						25.172086297689184		15.063216609853749									20.046656298683427												14.069604372241312
Loriellopsis cavernicola	Loriellopsis	Symphyonemataceae	Nostocales		Cyanobacteria	Bacteria	15.023465703971118					27.82777052754947					16.94382771952037																																																					52.15178535322305																																
Lysinibacillus sp. 2017	Lysinibacillus	Bacillaceae	Bacillales	Bacilli	Firmicutes	Bacteria			22.551627384936168													23.26561599540538																																																																																
Lysinibacillus sp. SGAir0095	Lysinibacillus	Bacillaceae	Bacillales	Bacilli	Firmicutes	Bacteria																																																																																						16.679611650485434										
Macellibacteroides fermentans	Macellibacteroides	Porphyromonadaceae	Bacteroidales	Bacteroidia	Bacteroidetes	Bacteria																																								22.55443128439773																										25.6840982675425																														14.181054454405375
Mageeibacillus indolicus	Mageeibacillus	Hungateiclostridiaceae	Clostridiales	Clostridia	Firmicutes	Bacteria																																																																																					1.0044910179640718											
Mahella australiensis	Mahella	Thermoanaerobacterales Family IV. Incertae Sedis	Thermoanaerobacterales	Clostridia	Firmicutes	Bacteria									11.740337445071663																		13.747192617356037	11.72697972169723	15.674596297476276				24.298719744724178				12.23861325544231												15.701340439121008			19.12098642883137	16.606738364196808	17.057001300244053												13.1997507300274	17.904779289552696		19.07590984481076	12.25689347270947		12.663732650179629							15.619549566254683					25.36405547552017		12.671730251939218						15.122804886546383				
Maribellus luteus	Maribellus	Prolixibacteraceae	Marinilabiliales	Bacteroidia	Bacteroidetes	Bacteria																													14.239032922563553				17.141709978345197																																																															
Marseilla massiliensis	Marseilla	Prevotellaceae	Bacteroidales	Bacteroidia	Bacteroidetes	Bacteria																																																																						16.32496604150731																										
Marvinbryantia formatexigens	Marvinbryantia	Lachnospiraceae	Clostridiales	Clostridia	Firmicutes	Bacteria																																																																																					1.0044910179640718											
Massiliprevotella massiliensis	Massiliprevotella	Prevotellaceae	Bacteroidales	Bacteroidia	Bacteroidetes	Bacteria		11.244617319498738	13.55337059165615												15.135195947375308												11.703176291989005		16.90913568451663		10.456071887405283		23.723553113528503	13.67991476929822			15.956720368976018								19.5590536217007								13.538500002288348	11.232837521200707					12.97948236889411										20.057465478561102	11.355850069556189														29.885660154839726					19.526047741498765			21.91137145880368				
Massilistercora timonensis	Massilistercora		Clostridiales	Clostridia	Firmicutes	Bacteria		46.85834392266385	28.31739147084132	41.78485364735088	33.9674687212394		33.60627816693043	32.65662883590564	55.05702524060189	11.981573994449382		25.00023255371944		52.524066614024974	55.1807783759338	32.38072793880502	13.30238506441283		26.61112855633365	26.844536817587592	42.098256146295256			19.534696861280064		22.48980683407997	82.24610619063337	66.62307778957133	62.30317149478376	25.06387740440049	35.148735573251535		59.59147416314561	64.18584404569927	17.390394817868785	30.72257153476129	59.99721605241801	20.808773734352787	35.28183299561252	30.461543566427107	34.94302164044786			61.2915136304123	34.980995847032425	57.08222949733927			31.892241173564432	15.054302793693102	116.9537634014236	54.97102519957711	105.53300333473824	92.70046937130624	18.73860755621681		22.551603695524324	40.76308183937521	52.331193069252585		62.9174974251005		22.292611645394853		17.47648380865308	52.62684368775479	64.147887077022	74.61424513344657	42.57611817879982	21.395334591126687	21.267278496792997	66.47738518381742	44.61894419626691		29.622319806664525	14.995865545142893			60.859252289555066	65.05317324086056		14.32283085345115		63.17111744486942			24.03167891652889		42.25508285737224			102.71949494468709	15.922749658624992		24.00840687341984	33.45154023909105
Mediterranea massiliensis	Mediterranea	Bacteroidaceae	Bacteroidales	Bacteroidia	Bacteroidetes	Bacteria		17.605541860237267	27.532683375201145				45.06468566640687		23.178208766940624						26.952696426154176	32.37664729318321	33.82612172207895			27.58677834140257							31.67939639099359	19.13070793419613	56.51353066409481	17.4159370761274	21.01602538482087		29.06018096081727	32.48081429877308	41.726328337518666		54.4468729832082			25.700426351098645	18.32267971361784	1.0		19.41430153768593	22.21548520636974								16.463836350922392	14.104700567601748	33.92733145562021				33.04269465344765				28.55878358511773						28.036929509741658	30.94190561054289		21.730815165100623							36.19226318133626					19.88145383428387					25.995604411256164			18.86270455871385			20.49247716100328	
Mediterraneibacter glycyrrhizinilyticus	Mediterraneibacter	Lachnospiraceae	Clostridiales	Clostridia	Firmicutes	Bacteria		455.8662579084896	254.68717200785704	355.9331843814832	95.98899658452028		319.7155782808789	322.7491828494876	452.3833952171767	41.74248901252838		279.7749903954162	15.3976087604497	185.38185577725773	598.7797586934898	288.66943205409893	151.57937093844902		400.1656123112123	229.28482849040847	133.21816636743063	75.03702113722379		53.55876777739477		141.02681557780133	489.42501951455273	665.0086877673299	995.6489286109122	135.3872002524115	255.72121294223209	117.79190402275748	404.86241261879866	306.59202304332894	150.65628149230776	104.06664719705866	636.178314814954	316.907204558404	308.4036564705778	195.21698899255097	231.31524052969488	15.44865582041422	22.320534223706176	532.758980473527	248.21988683593136	517.0000399452055	126.94761729948976	3.1500098426257104	477.2717557956937	82.18332290608572	330.0502682327567	618.8314386390829	1063.337782249942	789.30015402819	117.49029505196508		109.6915263172276	231.717396568136	458.46785416421295		550.0320982865358	112.2888094951916	119.29756593267108		110.38689946341134	91.95146611338824	731.5144117436262	557.9003909973144	452.7840542977284	310.035197128604	123.280054379074	414.778626571684	507.2226063167258	62.63551384571653	102.43014279280744	80.71111310319164	72.20884318540345	2.095238095238095	407.4728424162165	514.9761717800252	122.49847962395548	99.32769943309242	15.657180046408657	1032.3872526701475	1.9151231176376755	64.8210786185549	214.58295185969595		248.94736764186396			1064.8483496835893	73.0934312689908		257.6195298536782	105.38604689313657
Megasphaera elsdenii	Megasphaera	Veillonellaceae	Veillonellales	Negativicutes	Firmicutes	Bacteria		23.06489331398121	27.195567087729497					47.23567319115856	61.2132778008648	13.118926085515414		33.1127083941516		84.44587993608164	458.6930248459354	33.35760766709988			20.06164176382372	12.277653552659508	47.20747190343704			22.144592249855407					78.04617882670868	30.15118086544693	234.60276931320567		10.033073025315224	25.096484275651463		420.2935903548222	20.310586891470308	58.44719489031045	63.2704745136452	87.52557334786974	73.27873714169587			11.063372433463668	19.058075662097345	317.6915323761204	56.30145063863016		95.27350582911924		168.7885683628882		109.51890899342956	291.2866083487804			51.45275578477468	92.44402924591898	440.7600484628504	1.0106382978723405	89.34057833121075		13.118865740466486			85.25959645105134	69.30691232453404		572.0910305958712	31.15761317591692	96.79757131933845		134.699268892088	37.70007962392619	95.4550621734224	14.138954186908698			19.063702549473295		48.96748738157995		84.9135104402198				47.844188362221765		16.136752028356252			51.14316453359705	63.16456224659895		89.80719658783742	188.63099740413028
Megasphaera indica	Megasphaera	Veillonellaceae	Veillonellales	Negativicutes	Firmicutes	Bacteria																																																											13.009649489430004										17.352919659853463																											
Meiothermus granaticius	Meiothermus	Thermaceae	Thermales	Deinococci	Deinococcus-Thermus	Bacteria						52.39613526570049																																																								18.17415033490449		5.005555555555556																																
Melghirimyces algeriensis	Melghirimyces	Thermoactinomycetaceae	Bacillales	Bacilli	Firmicutes	Bacteria																																																																																					1.0044910179640718											
Methylobacterium durans	Methylobacterium	Methylobacteriaceae	Rhizobiales	Alphaproteobacteria	Proteobacteria	Bacteria																																											14.508347245409016																																																					
Methylobacterium oryzae	Methylobacterium	Methylobacteriaceae	Rhizobiales	Alphaproteobacteria	Proteobacteria	Bacteria	13.2349578820698																																																																																															
Methylobacterium phyllosphaerae	Methylobacterium	Methylobacteriaceae	Rhizobiales	Alphaproteobacteria	Proteobacteria	Bacteria	13.2349578820698																																																																																															
Methylobacterium sp. XJLW	Methylobacterium	Methylobacteriaceae	Rhizobiales	Alphaproteobacteria	Proteobacteria	Bacteria	13.2349578820698																																																																																															
Microbacter margulisiae	Microbacter	Porphyromonadaceae	Bacteroidales	Bacteroidia	Bacteroidetes	Bacteria															16.804109945547108	14.64336906571443													19.936784703164427						15.111768558505338		14.72587520738904							17.98020378422879																								14.686291245840444											16.828848636453095	15.056281191526947									18.26323320903564							
Millionella massiliensis	Millionella	Rikenellaceae	Bacteroidales	Bacteroidia	Bacteroidetes	Bacteria		32.022917120076166	49.81208801348248	46.17149522527199	70.84606434838607		186.30656307542884	26.512132535973382	111.54842171470096	39.67455002479512		38.02169674471045		32.167636650965704	133.84697099508546	137.14595706066962	77.75100969190602		34.94625276716892	72.61599252435019	18.209791959154902					22.0131859675077	143.2653373120817	94.99136086454696	421.516035467785	23.24060908446501	28.228273025759947	46.82529663760394	228.9648472931961	40.51561852853752	136.76957157895689	21.55732691890929	174.60700817552905	16.87334452579006	20.91121769519716	56.99552627984318	68.42861485914904	1.7395232691929094		89.86042497331894	39.48632498774836	82.92508751523883	32.36555547462357		134.85085078745135	73.63150012776897	76.37964438079327	66.78010566854218	153.96100969346898	95.09953078090378	119.93791737698972		16.921290596561555	36.83116888155618	85.82428479519403	3.066911331579128	46.14410052781494		44.80702257758528		22.367133736419515	127.68929976975706	53.42998452711055	163.57793957565275	122.10236902112166	204.47121209154164	53.18686152550919	162.84225167669837		11.481701310544585	13.734945942275443		28.16358858191765		144.38218338395563	154.80241193843423	70.60167926525018	27.859676499230183	42.40479146291934	223.70672079778896					155.87394654197146			95.10056502499096	11.40733015542178		74.52085527733956	152.0291030710314
Mitsuokella jalaludinii	Mitsuokella	Selenomonadaceae	Selenomonadales	Negativicutes	Firmicutes	Bacteria		151.35391840391236	99.91726449288096					96.58343321305522	50.17481619655404	36.32618228400852		52.42630128502875		273.58449312123247	1223.3000267322657	178.50358732360283			28.19909809516181	16.156064266507833	242.1032732014041			92.39944616955675			32.13259540504495		82.5909524128597	106.36151323584808	409.88943500608445	11.232120993885127	16.053030705106217	50.04841146346197		652.4366706977441	30.15665751321972	152.10950493399085	272.6388703660353	194.51472618355368	316.2260010011169			71.40908022391874	61.14380532432375	274.0822763582699	47.76464026315574		179.92606414984783		41.91052739033948		293.1302697373866	950.4916660485663	11.40183828843507		176.20481037051482	338.8474537820541	570.8530274732258	6.063813208632659	177.25258978569485	27.261225502356737	48.43939099005117		66.48102190404684	18.055011602241212	35.15783922254213		490.1039316344616	93.4811382635698	59.47734057166507		392.267529214651	155.09371116217986	284.8889668398223	38.37716136442544	12.35587345169845	1.0476190476190474		14.267606974778046	134.25985309449817		53.61366282886682	14.03256732706509	1.0044910179640718		124.31099949367396		56.39435935055267			48.15863657812248	67.0527922504303		186.43350455800123	55.208562092081465
Mitsuokella multacida	Mitsuokella	Selenomonadaceae	Selenomonadales	Negativicutes	Firmicutes	Bacteria														24.99249119573436	70.8201194192515						42.40687551744761			11.311666432630304							39.74580858892501					63.94351050821204		13.806572906810333	19.40760895186809		26.22414051430196					15.990628431312274			19.749573963266048				14.75043099836715	48.17796140971252				18.45272494972151	38.38207626742653	1.0106548764737238									20.8426212946362				33.80437147008259	17.634259585444173	34.02683278512836																		10.37473567032134			
Mobilisporobacter senegalensis	Mobilisporobacter	Lachnospiraceae	Clostridiales	Clostridia	Firmicutes	Bacteria																																	21.721916141326776																																																															
Mobilitalea sibirica	Mobilitalea	Lachnospiraceae	Clostridiales	Clostridia	Firmicutes	Bacteria																																	12.892305019526264				17.673336607717015																																																											
Mogibacterium diversum	Mogibacterium	Clostridiales Family XIII. Incertae Sedis	Clostridiales	Clostridia	Firmicutes	Bacteria		84.09847417145264	113.80512925260577	122.44208127435272	35.51833891666779		282.1045235723562	83.5661894113249	107.32940479067058	19.68481166524201		90.60653888041236		133.06398811374612	149.98025088426402	111.1938085301182	73.62642503785622		161.8318985269343	134.53532777748694	36.18640124545308	24.917406943200724		18.00947829455849		43.14945725345852	106.04672830514632	91.47778319830908	260.6300217235324	75.80211853519201	82.21020835831841	62.89193609516656	236.32557779586296	68.54646946294162	177.60701924540083	42.227591822275016	324.7819949187552	62.46923078490332	93.28628368242197	99.52643708872957	169.8701323245266	1.9517277163969151		92.226109254736	72.08754618803528	127.63576967179044	32.70927938289384		73.98173421368341	142.71849482458697	311.9661552356003	429.77265762270713	223.37141607271715	223.97229361793984	255.3868482404205		46.17504548851006	104.78517997258383	92.48238283498938		200.42835922869577	20.1935003721161	93.83126183507632	8.684945233635565	77.74767625872877	54.311965012209306	329.0029912616295	96.62951881683549	410.3462110077298	69.87755672977933	58.09140198473595	48.62281193192186	338.8885661821319	56.04603150252841	74.32579009158265	22.398698156397497	50.29493283282907		215.18739409252333	173.8202010924743	32.35121408701774	46.93831143699301		443.4363731771693	1.0044910179640718		135.72879499549336		76.74813258780408		4.022346368715084	209.6593176715979	48.35376705737514		62.52404450433581	26.63468611137017
Mogibacterium neglectum	Mogibacterium	Clostridiales Family XIII. Incertae Sedis	Clostridiales	Clostridia	Firmicutes	Bacteria				20.73261572820679			44.63464539029184		23.846961460746584					11.732196691667866	17.543524058711462	11.715701039438146	16.56624713998412		15.324305016426004	17.549371047727714								15.195490069807564	38.53931955455226				38.6320528455952		16.909476488559346		35.46071891466749			19.032299812712044	27.056473556552245			23.144215912334293					17.420687025954944		50.05132312916789	33.786127164925624	29.36419349913817	22.91410995716977	24.512973125044				12.143374346268576		17.730762190886228						42.760873406709294		47.06683410417138			14.31608867453702	23.525121324725088						38.22981425362628	31.921705811934395				78.89501624365913	1.0044910179640718		16.587172097299987		20.650179061016157			19.79956731917028				
Mogibacterium pumilum	Mogibacterium	Clostridiales Family XIII. Incertae Sedis	Clostridiales	Clostridia	Firmicutes	Bacteria		23.217311414086534		22.091432291016844			110.30525161692526	12.693262875213934	38.426374934796186			19.949152306073923		30.77912217548875	23.53887562759376	13.944959237306303			34.40159058250995	37.51824085311985							17.77557604846325	22.015364621661888	75.32107584355134	18.781268091422795		15.352554264499888	49.79822264623413	22.560322924395663	44.31422644324783		80.10120701752618	17.094594837056263	18.074572396147804	18.049454577726998	61.956907186538416			15.527607185769964	20.866297626032747	30.241603729472477			15.800513963499894	33.335704158332994	110.15422824686144	107.95902325656306	40.203714150049095	34.0418448990101	46.39619816579711			18.96366682356784	17.608857759897838		38.37012996341487		18.874619315900585	2.327276988608264	20.67875410815976		97.03617748720076	19.07346163239116	83.56397209342319		17.50789013298921	22.342823529959546	61.92108026521347		18.266196097776717	10.948054108267584			77.57204122677888	41.21936455233329	10.727194817426474			149.47541151672365			32.68457424022818					45.26427689920827				
Monoglobus pectinilyticus	Monoglobus		Clostridiales	Clostridia	Firmicutes	Bacteria		97.80363169522836	107.20363812650088	130.82120937496268	108.15672445778269		86.58451124492699	101.649198378296	103.7737052033482	35.68701864995361		141.42640631083594		97.21704048559836	176.12582688919915	121.56902988807306	64.3594884319559	1.0625	210.40991918900897	99.68144171972337	43.735772598378034			28.012270159284437		46.87941517234552	212.50279981962527	196.602906348157	231.24551223575403	99.56862347154684	74.00247015294177	50.605111203007226	180.31489956852863	101.9815483395355	86.80566313744943	61.60223071223974	232.6131228236565	25.22479883164436	62.14788194294197	104.6190079546389	89.07679300425394	2.999998603862956		183.4416703483896	125.73646586799973	236.8644223790671	52.24182837738015		340.1577157380252	25.559154581385293	198.8878824366065	83.60941714789251	269.7603259557341	385.4950992019913	139.4730299108241		50.61819983761476	146.87726848669436	124.79602422077431	1.0106382978729964	226.07069812841533	30.29050473560425	64.99327356476137	10.011111111111113	51.27208743085486	251.3892733564359	329.2564013352352	168.63930278503037	112.38075940874616	149.81725142198772	66.12392763958368	246.86614931928665	65.59545071244924	33.05785840653059	42.18544037848619	20.591284946906008	40.23903947540421		149.81845163966318	261.9765783533207	150.9464787696895	50.46971742246835	43.97833320182406	446.0044975215561	1.004491017969788		51.744378499026766		111.0947212679088			443.68037340561546	84.90463129620429		107.37746475549704	227.2150472508209
Mordavella massiliensis	Mordavella	Clostridiaceae	Clostridiales	Clostridia	Firmicutes	Bacteria												14.334269259385149																																10.442773754607217							29.76354003704441	28.91812858832592									12.21890015395144					11.34844256420178	11.339141192892123						10.151115040080384																							
Mucinivorans hirudinis	Mucinivorans	Rikenellaceae	Bacteroidales	Bacteroidia	Bacteroidetes	Bacteria									16.167582116246443																				30.06337397514739				27.71986210625673		11.110406224433378		17.090616802544453																																15.131081935540069										21.303272132141643					15.81069832349198					31.47701436613897							
Muribaculum intestinale	Muribaculum	Muribaculaceae	Bacteroidales	Bacteroidia	Bacteroidetes	Bacteria		46.379161035240045	70.39974626025294	274.47076616977296	144.77144627843788		105.02752112708806	19.727081445902947	144.92833340777435	77.78318357185096		31.87948433298549		38.97566265192698	156.93390698145402	89.02857179042734	44.35786386802551		87.06131959392843	92.22869017976576	95.54816265802002	18.46345141743747		69.48704737460386	23.619126153351903	44.6110013956913	142.4720224381322	190.10026388620216	240.0627446405808	74.56659409211369	327.00989874841093	29.8452289354331	179.32436511626852	67.02210487360234	42.47422285253381	302.1522955014865	135.5999142157527	20.27895838399489	31.514147827209936	545.5682347526389	262.21804399812214	2.000007715914843		77.6324631730759	161.78304703829386	201.04539398568252	58.65801877601877		186.75471103113205	68.85394832439624	282.8368033288802	158.05890955387002	333.3966394787004	468.2777472858132	244.0865256157323		21.02776413578554	56.03686846358588	225.14814395890284	1.0107201257718297	174.02979529238144	22.02175744103103	19.10679328214042	9.00999997274947	133.18062138203007	332.5659311700985	190.2620116352528	64.07868719866744	154.93205782327652	237.54348756737303	129.73573445199136	118.41619981114358	65.2296949913795		161.5140527719428	27.61208574364679	14.586725841244087		182.99270135885092	143.03084162126729	89.75688223949011	42.0275396362276	186.84733305280088	437.92974035246255			31.42177435784442		121.13296011362904			307.6604039838369	60.40150865671386		124.9678207234189	376.2119072728244
Murimonas intestini	Murimonas	Lachnospiraceae	Clostridiales	Clostridia	Firmicutes	Bacteria					11.393901898165703																								11.76317989014071		15.195883178707202										10.39885291257428								13.38726049112016		14.213072406229497		26.61970851773591	23.27690647106896					15.00749217848166		12.27244181384228					17.209910423146148			22.15409268956214				15.02128975919156						13.044578574739685					18.999241573187263								17.26573191697568				
Natranaerovirga pectinivora	Natranaerovirga		Clostridiales	Clostridia	Firmicutes	Bacteria												12.495702040862096																					14.537182457691278																											1.0106382978723405	11.880006304480837								10.706393420736362				13.058094249902528							16.243733835363216				19.30728479954178												
Negativibacillus massiliensis	Negativibacillus	Ruminococcaceae	Clostridiales	Clostridia	Firmicutes	Bacteria		108.04458584529915	36.536976590321565	184.17295754325863	113.48429721396695		110.83263991196424	57.78427931271818	311.7780051451441	62.61555240146901		48.38932137506178		34.39888811011416	124.5156448168496	87.22708392961388	43.99508877733869		114.31469499055468	52.04840082671016	18.809937166686083					65.22219298732908	294.818003046616	258.3810021507941	292.46885387669835	54.73267968678609	34.937711051581964	29.67556523182117	369.76346532927374	40.28157155878635	50.12538399039221	28.4605707985565	171.79155499951227	26.95964751116325	53.14037929384478	51.13808845449335	67.1031169638714	3.999925346695154		318.1314571958184	88.35286331630905	111.00008802898846	42.19796579020657		245.46206064173492	91.46065777110624	92.3229665481009	103.4065203675584	102.90647722192396	143.65239707241776	111.2641987940021		53.866430869097	110.6448319646699	131.68906279205692	3.0026745029145627	126.28026064908642		44.68342625845135		50.48091855373894	407.5205575931207	161.97863008403513	183.278848415799	248.6902777704913	223.9791143962512	55.38746060717189	157.31452322754532	21.102939875101484	11.042041364312125	17.189971738414535		23.06271164920254		550.7470233051636	244.5796034489079	73.37953997602811	39.36928759462299	67.12021614894846	371.2893033612387	3.31652538537078		17.303733216331835		276.3333680353623			398.22021335261616	82.19133704852234		90.54631677385365	402.2205748748435
Neglecta timonensis	Neglecta	Ruminococcaceae	Clostridiales	Clostridia	Firmicutes	Bacteria	36.485559566787	99.7073553897257	52.55933401009383	226.2266643166689	151.83777955784902		192.8131003035666	53.83600122238648	384.03470063116055	90.66544916981262		55.381347971208		28.8667741827051	144.7860375430864	113.39966772869076	76.25230590652164		116.08817102075136	89.16496898882521	73.68201950071675			49.41980141585415		80.79571846962817	610.1452461960804	371.7756779864599	305.4385654135565	43.33981216296793	48.64107017081864	39.670396288330615	495.9768526861799	62.58760850545978	144.6901325818554	85.67394843985225	149.51667605379097	40.926341510668486	68.807035647255	154.8605773721493	450.032730011799	3.9920393920074857		274.6523776164949	62.7000571697019	148.55909391589205	25.82675054157512	2.099997523255539	572.7842148497803	62.410306341872456	253.1650146440545	149.49760845909827	264.0302141436922	224.4405077355311	246.326026184388		29.014797944730983	76.69176544719218	133.30745127779406		132.95211507851582	134.3145020783968	80.13782019667096	1.0404634160190251	98.82074644602493	568.9844177232056	143.3061563081221	404.0005002140231	266.3143589165989	273.8825726489704	91.97555288106796	235.3607074988202	56.52346652059656	16.28956025049191	74.97680515215883	29.767002138262963	44.89140754586378		514.2753211139616	440.1197966875844	83.82529390688114	62.28514154116797	105.54162398334503	413.8082070055311	2.0267830753464544	25.9397579310078	33.977269006879325		354.8543773322427			203.75449689351785	80.00298004745113		114.76820199469846	416.259937921548
Nitrosospira multiformis	Nitrosospira	Nitrosomonadaceae	Nitrosomonadales	Betaproteobacteria	Proteobacteria	Bacteria											6.011650485930108																																																					5.00555709110488																								19.402388248286304								
Niveispirillum cyanobacteriorum	Niveispirillum	Rhodospirillaceae	Rhodospirillales	Alphaproteobacteria	Proteobacteria	Bacteria																																																																2.002222222222222																								16.050531914893618								
Nocardioides aquaticus	Nocardioides	Nocardioidaceae	Propionibacteriales	Actinobacteria	Actinobacteria	Bacteria																																																																1.001111111111111																																
Nocardioides intraradicalis	Nocardioides	Nocardioidaceae	Propionibacteriales	Actinobacteria	Actinobacteria	Bacteria																																																														12.11610022326966																																		
Noviherbaspirillum soli	Noviherbaspirillum	Oxalobacteraceae	Burkholderiales	Betaproteobacteria	Proteobacteria	Bacteria																																	16.882530470343493																																																															
Odoribacter splanchnicus	Odoribacter	Odoribacteraceae	Bacteroidales	Bacteroidia	Bacteroidetes	Bacteria																																																																																					1.0044910179640718				13.922194017575729							
Oligosphaera ethanolica	Oligosphaera	Oligosphaeraceae	Oligosphaerales	Oligosphaeria	Lentisphaerae	Bacteria																																																																															15.050363626711963																	
Olsenella sp. oral taxon 807	Olsenella	Atopobiaceae	Coriobacteriales	Coriobacteriia	Actinobacteria	Bacteria																																																																									27.117270336531288																							
Olsenella uli	Olsenella	Atopobiaceae	Coriobacteriales	Coriobacteriia	Actinobacteria	Bacteria																																																																			17.07559112524101																													
Olsenella umbonata	Olsenella	Atopobiaceae	Coriobacteriales	Coriobacteriia	Actinobacteria	Bacteria			12.177489687504146					14.067648988840878						27.143318068276887	21.113771094458414				62.27887274797833	16.15605749486653	35.82798210993447			16.105157999418452							87.17667898957947					111.57493711025356			19.03011590558594		139.9392240889561								98.26292905702604		56.417195137296325		64.0753431039022	312.7685576776108				26.56815589267693	327.09591831165795	3.0319148936170213	73.19921339441481	28.27090052096254	16.146296296296295		16.151193825290342		107.47577951296276		23.11241021696984		18.153362977704493		607.5305283756586		27.113789897943963			1.0476190476190474																	65.34270690351795	
Ornithinibacillus californiensis	Ornithinibacillus	Bacillaceae	Bacillales	Bacilli	Firmicutes	Bacteria																																																																																						18.90355987055016										
Oscillibacter ruminantium	Oscillibacter	Oscillospiraceae	Clostridiales	Clostridia	Firmicutes	Bacteria									23.335413359410087						11.294040084409604						25.27935225398335			20.284254965507376	19.799995883333885			18.970408568664094					15.11673909735131									1.0000263458195888			14.728358087787491				11.427483804063945				12.548076511599293	14.123143268668525				10.51754264632681	12.091142839779852	2.0643858087491567					18.105003598598323				11.54208691580839	13.56045331281605									20.05166022628413	21.96683471774612				16.981358770290896	3.947263169250886				14.09238092253748							
Oscillibacter sp. PEA192	Oscillibacter	Oscillospiraceae	Clostridiales	Clostridia	Firmicutes	Bacteria		215.6142690503084	89.71690728517281	422.6548309596864	268.02953450347985		371.1089475221924	61.20102392334231	865.415592027902	268.7040173353601		95.07702567179214		82.36692388583931	360.6814704879926	204.1914425304652	127.2320283314872	2.3495597451926464	197.94872208136465	134.41091901818297	47.72880012937773	16.051229158094248	12.79226360515396	22.18313630706481		94.64848402697253	528.1239876212386	756.4634225381373	666.3738974389714	70.78724322267314	53.03286212788328	57.78653586854818	621.9960455939582	131.5184959273093	162.47028861024512	59.20619116113608	399.1557941843613	47.9990227032169	65.74813684726095	179.28455847365845	244.37843331121607	1.4071879237723366		494.7154292773727	148.94066918375896	223.08673023487836	64.55327156489258		1078.2418966707232	146.8619828430539	324.0136278972226	466.47631702400014	435.4087328381521	345.30100257897664	382.5258801396017		77.87024729383155	130.1957690754176	335.309736710736	2.799304109653109	199.54632061580287		155.0067909448386		153.5608818392686	554.3649986043388	219.61805882450832	321.0930557044142	634.9670180367427	456.05124991885725	81.41622012258469	317.55592124838955	84.73804155411582	20.417936997778085	46.99092981260536	23.043284102384423	55.38679845001458		978.6713016498294	513.0215061850079	133.9069647571588	172.7544164265043	132.27168485300732	561.8042091469212	5.261509942236665		47.04991786039239		730.9118380567083		3.499512877591534	675.0933029427174	139.68240026426508		247.66023711483365	536.349131149515
Oscillibacter valericigenes	Oscillibacter	Oscillospiraceae	Clostridiales	Clostridia	Firmicutes	Bacteria		526.1419022792174	253.3173820810956	1213.7612701641265	818.4522754000202		799.1490751763298	300.51078470798024	3621.115177448956	654.3071783712215		390.3415226482567	95.53669966768624	331.28921896522303	1005.2913659359724	697.3965261168046	388.2916705007081		527.5225470343943	475.3229540100064	210.02873758022767	69.95359168940293	33.05443561324672	110.43783686392597	15.716484452543286	271.36831573704416	1274.148549190696	2224.671543509721	1806.3284659643089	365.1496378754322	193.347902890604	233.03281756834843	1979.9458668982927	434.5300518509569	494.51165943802704	162.63983336922797	877.7897228337994	125.3076121019089	185.6083277631264	618.2484046423696	682.4494500268656	10.167035172371808		1717.5855099421256	715.8319962457581	984.8420768640426	203.505052767325	5.251903859890463	2953.674161313831	275.515826040588	841.5797773885248	1520.8251209947784	2200.9131851568995	1793.5996777945595	854.4505475147646		476.4532556474401	756.3791553766994	1400.592579849152	9.370755018114636	1152.4929184940204	96.85725067916688	366.9347679413704		356.1481362611368	1952.900339498012	693.2202884488079	764.0593736965454	1994.363127566284	1514.0372362088972	346.02306372433856	1201.608009342801	389.87995957240014	94.1908760521116	179.83333630785074	106.22626093566336	144.84640924825962		3357.4997188806806	1503.5112412300718	501.6441182034097	449.8480336160515	481.9828628432056	1110.862408147749	14.107887316902149		192.5662950403036		2692.851264389876		6.161030320707527	1648.292703036564	407.9724686141208	3.313589583738804	736.2861687204718	2313.607027419768
Oxalobacter formigenes	Oxalobacter	Oxalobacteraceae	Burkholderiales	Betaproteobacteria	Proteobacteria	Bacteria																																	32.25029279988738																																																															
Oxalobacter vibrioformis	Oxalobacter	Oxalobacteraceae	Burkholderiales	Betaproteobacteria	Proteobacteria	Bacteria																																	25.111917112812453																																																															
Paenibacillus mucilaginosus	Paenibacillus	Paenibacillaceae	Bacillales	Bacilli	Firmicutes	Bacteria																																																																																				23.822679399786917												
Paenibacillus polymyxa	Paenibacillus	Paenibacillaceae	Bacillales	Bacilli	Firmicutes	Bacteria		25.52104347024922	15.10031550831084	32.147683099883594	23.080290308498547		34.20899177557484	31.02466672642095	33.62532776874745			55.931818915789904				16.150500097560645			21.08993175851648	16.64787192411187							57.37272866703112				18.190786740792365		23.3015837809472	14.062508686659204			21.75327207777551								22.77798818328196									21.978107008109305							26.142727272631465		21.476545066783206				25.901906410649055		31.269616558899934			24.806519640172915												31.899686101972023												
Paeniclostridium sordellii	Paeniclostridium	Peptostreptococcaceae	Clostridiales	Clostridia	Firmicutes	Bacteria		82.85533945432809	37.99293467496451	18.468542600267423	103.13184281515709		65.66418636924573	38.590834661755885	273.08978239942047	77.15696199225408		39.32661144189864		70.99177713106941	58.47069982045969	105.55007516745844	28.0216005399925		32.129455744696315	32.32136830093096	53.55772551215339					21.52427399617377	39.89252531621338	83.70738195601164	62.36708587797233	26.538341180144798	21.02391886409352	30.65565003136712	218.09985279964812	118.767921037639	163.12956889101162	28.766598767769164	74.98845144637347	26.893881440792224	49.65004268570157	39.24816019698383	83.38363056957886			198.59452302099623	78.87178659533215	23.444537410117302		2.0999922238114777	276.4605174763746	38.54022341058962	38.591605262884336	18.600289425743416	301.0147934707472	255.8546360064514	51.47083743631512			36.41433044065575	194.75709789748947		75.03272044809954		74.06525924174197		46.66442771711996	169.54174405505788	110.45856078523131	15.66569357883252	61.91333559707561	209.0143416441432	46.4535599576009	103.69120040671211	33.974761273826395		33.24589713194903	23.84902551980729	20.42447597987783		183.01740238107425	80.89986748612569	84.09139549895157	30.770288489023404	71.88941357736215	106.9436997362086			13.814458945059084		118.43996236670137			248.96711374968075	21.445549658734453		120.3449682778017	146.20803576205785
Paludibacter jiangxiensis	Paludibacter	Paludibacteraceae	Bacteroidales	Bacteroidia	Bacteroidetes	Bacteria							14.29588426249189		12.958284939173431																		11.686154541098896		11.571168536805953				21.966365120911743									2.0																														25.454212906778743												14.532436597896874												
Paludibacter propionicigenes	Paludibacter	Paludibacteraceae	Bacteroidales	Bacteroidia	Bacteroidetes	Bacteria		71.27238742943305	48.9108799089851	161.02425055830955	23.337553269389357		140.74167128997473	27.14961079518764	107.437213235481			34.834514418293544		31.45742824586119	117.26287276355374	72.63380457966893	62.27570541769872		22.316729445364096	51.30235917594677	29.10327022082479			20.575236872124577			64.93534028333247	67.02021308168663	281.2581305217349	56.884574369854526	39.30547749341466	32.75067459574841	63.75885094588016	71.73521961704489	64.23793304544301	33.039512753248346	210.8389412261613	13.113337013655071	25.780200575496064	155.5105166441979	103.04820168293908	3.1675331040677994		131.98015234778663	175.8528485009353	76.75230924967205	22.466445585404003			76.01917782409578	38.30948195945542	51.58080439918922	118.14044865432868	82.54545678066782	98.4177278608448		26.549991366902503	57.00368035596608	63.83598560438412	2.917219361318674	45.81760323926854		44.73339215584062		55.650698255557536	41.379088540486514	43.27704160303855	106.39906240549377	78.51468060145228	43.61685965170858	57.60140122310428	108.35684809262769			32.436780392627455	19.26732052741994			74.08430962377115	84.98911565086497	30.07488207854658	16.99060416588049		88.56716290007344		19.440545826140408	17.538737810268703		145.76078749492464			90.49443754974044			84.69443227883924	31.80706085309088
Paludicola psychrotolerans	Paludicola	Ruminococcaceae	Clostridiales	Clostridia	Firmicutes	Bacteria		41.687926627569325	19.42191121008663	88.72087679240373	37.039885203607085		50.42073734171312	27.896457344471752	144.64653202071463	19.54250195914845		44.9955593296494		25.03265005085661	51.357151308534064	63.546731548951456	21.57392508082332		63.52022585508441	25.38826365846064						23.06581769948353	94.96191041088116	87.32390114873265	75.94693036403125	23.82058827585687		15.674317381969232	216.40262017061843	13.985099784119797	37.51154545823066	21.7585887836106	53.76385083094672	12.590953481663568	21.06804342135605	34.256402853245575	56.94664780360403	2.024985199971316		167.04795584941562	37.87361790982832	57.08841060469991		1.05	101.57215234548627	17.782711113179293	58.47657475161487	27.836274917093814	71.17381024777977	84.81283287973795	29.285906384469488		26.927579833663184	45.79007867301127	61.33567069826716	3.058406789823604	115.59030461291186		21.81980238337177		20.84939877330475	75.11858575697855	83.43016541242297	89.95526705474795	98.72757196966118	52.22279257260332	36.989392560758326	72.47364617479047	21.19316756401817		21.173919213058014				171.0025763687823	78.30780034184593	21.57453975496589	47.7890788498044	19.360053659136145	145.37052770757273	3.0134720563092987				127.75294488199911			131.1260015271275	19.923495140487383		52.02204362908597	105.97186886007712
Papillibacter cinnamivorans	Papillibacter	Ruminococcaceae	Clostridiales	Clostridia	Firmicutes	Bacteria	20.007306588764006	946.7648032342564	486.92935444744086	1060.7220426981933	1414.3431032575068		1903.849144482412	1309.8018507215031	2563.264108175051	129.65970328617468		1611.2859649184834	97.20233004294784	716.6230058376095	1715.7793894407878	1603.1631282702474	915.2851539023904		2584.778593936421	1011.2321878234196	939.4413288379216	214.0293598282728	40.1154023471055	545.5466516506351	64.82506055072159	360.29929644468814	1245.2563828475909	2055.020051929417	2815.095659693244	934.4556436908508	869.7443539522958	511.0119253128585	901.4170280628992	1450.4485514579355	1195.6973991868626	416.68349337609175	2585.696507776175	196.10091608392747	238.3608316524498	1940.139410125855	2088.3762970657845	28.287077993407905	67.19036682194974	1341.0645977225809	1330.862503592819	2301.6238174402274	443.19095999835895	7.347234956816429	348.4571017738554	668.0220780921713	3024.8865617572446	2712.4013700652454	7265.012276670131	5631.649769372082	1672.2301356856794	2.347826086956521	910.1661809395338	2065.2755895186497	4016.6134779629806	24.493014741667317	3560.985219744652	79.0600722413511	1104.8149216479708	59.922402501882665	1687.79071183731	2278.950926702956	3111.337911082458	1124.7949739483329	3190.9247104914903	1221.3077088600603	888.8419338097061	1220.6404249010147	845.7701832729758	166.05522683131346	858.5633464667351	395.7818960555146	452.2066342613121		3063.576403372662	1613.2065121267226	436.51006431429295	274.7186100502244	430.36933537162525	3569.0521414822038	12.746533991377625	36.7257944027182	624.8358389321729		2296.6057223749813		16.787784669116913	3613.677353684435	352.0460508493258	5.583333368992844	2059.373893450141	2080.633360408672
Parabacteroides chinchillae	Parabacteroides	Tannerellaceae	Bacteroidales	Bacteroidia	Bacteroidetes	Bacteria			31.964017540840736				19.02207906787049																					18.041116557630605	29.140144498847214				15.311023408434318	18.40933286987593			29.854251165447845			21.872867683799807	34.14266590326709			14.58425605340645	22.16575073332636								22.08996555393476		20.56479418856429													19.1841040072521			15.31930632744326									22.003452513708798				27.468267666791768								15.627328811243103				
Parabacteroides chongii	Parabacteroides	Tannerellaceae	Bacteroidales	Bacteroidia	Bacteroidetes	Bacteria							13.37433302027418									18.66278634756384				13.866724336760877									25.014169063441795		13.185799635713876					15.214761279799024	24.339117673178578			24.679645352925185													14.759168473802266	13.011145358299698	24.744602417486725																									20.339009140709745				16.444098407452657					17.015050830082217							12.430957399731597
Parabacteroides distasonis	Parabacteroides	Tannerellaceae	Bacteroidales	Bacteroidia	Bacteroidetes	Bacteria		508.0857766654368	418.89561439871386	120.41334868054396	62.890898345510216		522.1499252693753	202.07679584540116	213.4399623517201	29.013349024024965		223.02316105339216		207.2180555004854	655.545546371557	632.2062314656557	269.7030289184297		148.90137479017673	307.19610359866107	94.97709908963267	44.38826098687793	25.023749624838352	80.25550592404309		47.72931394429115	215.39669113948003	361.648025042315	1423.162117084616	295.25979339158323	414.0924521835173	132.58701378888998	526.8356253065721	600.3532534895143	395.1781499328963	103.08281280679914	1463.087754797975	117.96382774115324	171.72942112881685	463.8303881004574	397.4030282669095	4.023739496340402		382.2894401212228	571.8624476457762	432.8925315399335	127.53096769345316		98.78496975076362	290.5642102184408	130.69198896032913	135.86813356501557	757.8257841334998	317.8611891264803	855.5556778022974		134.59980099752852	298.8729258770712	371.90539525278047	3.031486582680609	279.5333877196313	27.261225502356176	346.96890024653453	8.008888888886	158.825128796534	143.406224468304	214.04194090014076	273.0260188944466	400.1031010854473	225.27917212430623	147.70574609747703	214.236208708428	124.36283769261028	73.68335840080483	80.8647761037916	117.58867054375938	135.914364071923		191.83375764226756	725.8947558716383	53.59951090034932	68.36501205797865	59.62245305585408	272.0213659907853	2.009215811771252		96.82559229282435		657.4114699352518			291.9492280655623	61.140612055209935		276.16568324381296	196.47543774209728
Parabacteroides goldsteinii	Parabacteroides	Tannerellaceae	Bacteroidales	Bacteroidia	Bacteroidetes	Bacteria				22.439230077337484											20.3208534672016						18.943904685884544							27.22733448059749	16.37296826156244	24.39393487401748	29.60413656296172					45.67359852824838				67.9940036865852	55.98653898529127				32.21372569695966	27.27493975397874					51.9980889294971		23.87702702175279	27.83624260626045	30.81229750657513						22.370588645528127				34.3922153487317		41.769493046368765				30.363609783645888				25.044287436102607									14.470555356499746												25.146681633780823
Parabacteroides johnsonii	Parabacteroides	Tannerellaceae	Bacteroidales	Bacteroidia	Bacteroidetes	Bacteria		47.37257137163075		14.02458654922117								14.78953596900038			21.82463664003267						18.099119040009008							11.642043959206402	36.97089684896933	18.67603424150823	20.477473230912256			24.848082317249187			37.39230221843548		20.34799554399277	22.85475909785761	32.96237353805847			19.23059421431807	22.320028003305183						20.322346488553613	21.173888866620626	17.619146389734052	27.913146008498373	20.26277348352838		18.624515572925493	28.876212993202472	16.8026448737347		21.334618416579573			3.0033333333333334				11.42875643051773	26.017754646846395		14.815712723259384	17.926781729736483												36.60233183168809								19.867206237314186			26.02235451672383	
Parabacteroides merdae	Parabacteroides	Tannerellaceae	Bacteroidales	Bacteroidia	Bacteroidetes	Bacteria				15.10781610167164			18.603913856552325								19.302608740668763	17.95120214088797												20.65944225968227	26.955610742707293		19.079967946176318		26.90304229637156				23.00560409481592			35.530479683994905	23.888836688705556				14.755611143067371	18.796214890376927							13.769064458255832		29.31365772284297				16.308641587831726								25.132001911711168				15.388533366556397	19.75312307782189												18.830989188878217								21.156935557291355				25.941747502377694
Parabacteroides sp. CT06	Parabacteroides	Tannerellaceae	Bacteroidales	Bacteroidia	Bacteroidetes	Bacteria		54.719218532751256	45.41002478813125	31.66588951281619	19.553841467890447		125.03691419264666	49.88856776635415	80.41421362726129			71.1007006244987		33.4322333075502	148.8067507774456	291.69679458397127	53.10675548038066		32.913740960113074	74.61531846439532	25.07671521349833			10.989265482253291			46.5417870418709	129.1016870605389	371.9344034995294	24.525091055153165	71.793319824052	27.933559230808427	114.36089865488898	107.24500749487198	119.16725028179695	14.766027753682671	287.5919598543398		28.614196854767155	78.97717577967727	32.54241091059033	1.0691651892820273		208.99096402793023	68.48004796746551	69.50651964987507	26.53697161164665		23.271620468658732	91.1513998775539	27.01731243413645	20.768880961400967	313.7987930636836	55.146759485206	174.88805099492134		24.869688484562573	26.14115186640849	63.61615313644371	1.0110666144359388	47.44902844455864		80.88363101277311		33.925123977173435	51.92259814129302	40.9013733461477	67.24610928524933	130.49637003114216	85.12520027503443	15.61916628915781	36.20178305727002	37.330448468273495	16.61321660027043		29.10370070207338	39.46782364361562		59.55176960799092	641.8491223548905			14.484925037595929	43.61409255938179		29.486315015283516	27.472596611216105		435.4114189753521			94.07173415952464	48.25174454598913		47.72872209158388	51.48178126103373
Paraclostridium benzoelyticum	Paraclostridium	Peptostreptococcaceae	Clostridiales	Clostridia	Firmicutes	Bacteria																12.829471463234096																																						12.084427676951591																														12.24197514774241												
Paracoccus aminophilus	Paracoccus	Rhodobacteraceae	Rhodobacterales	Alphaproteobacteria	Proteobacteria	Bacteria																39.18427022501794																																																																																
Paracoccus liaowanqingii	Paracoccus	Rhodobacteraceae	Rhodobacterales	Alphaproteobacteria	Proteobacteria	Bacteria																30.61245442256116																																																																																
Paracoccus marinus	Paracoccus	Rhodobacteraceae	Rhodobacterales	Alphaproteobacteria	Proteobacteria	Bacteria																																											14.508347245409016																																																					
Paraprevotella clara	Paraprevotella	Prevotellaceae	Bacteroidales	Bacteroidia	Bacteroidetes	Bacteria		44.570330026098674	47.96864819082877	13.773160723885256			62.623257260821575	82.99325762687977				36.12106156366392		53.49431836276399	165.18994852543958	24.99983907579247	20.46150375315712		39.22901774779101	15.578786632869846	20.94557171873173						19.95480326756677	25.084531752734527	182.2491069876176	29.659313645209	28.887346467770996	19.808647387903925	15.836145325610024	51.230497465349565	29.004425151835598	15.22678854609842	97.34380336609908	20.26672068893271	48.42577814021004	53.52734450379996	16.933871846836965			25.78919955568885	58.59862301866294	38.51703790047016	33.70734210719427		23.41407530465085	21.142173681780022	32.4965014343684		74.93101904696233	61.427074709721865	30.040711478689072		45.44035087075613	68.40696768803029	74.75943135398352	1.8764225755283157	53.127097029568446		26.139327745512432		22.61151315728216	17.78529223535757	77.89716425972269	28.847948631685437	76.81266279347572	16.82934005175052	36.68496151877093	18.93019964641873			20.76287053189366	13.519835553673817			29.23435513650487	44.04559468239214			16.161118748283492	35.4513952494725					29.21397245486365			27.495532903487565			47.49730266508334	55.83750990435995
Paraprevotella xylaniphila	Paraprevotella	Prevotellaceae	Bacteroidales	Bacteroidia	Bacteroidetes	Bacteria		78.16109131032034	105.0663026363953	41.42622977864131	40.01859824415764		171.5084287498486	50.5365223093412	85.95393989884816	29.85883354081144		57.000763585430725		45.695132715362064	174.19080035211778	132.971999602636	48.38017234114457		50.47981649081592	85.08330336174065	18.089413657204958					21.24473352666058	51.92019762540024	82.25074798992853	422.8960981500919	54.40079729945767	108.224558142619	34.201867823737274	119.53426582161984	98.7771356680562	87.02928545940935	23.74314118565591	321.01456739294304	21.44891999975786	52.01246441491301	106.53567238280256	60.75917182791195			102.44447459156724	121.50247659296424	89.05958541860966	36.04504020277257		59.58749968193922	64.93874164092436	76.3485068687695	57.3773977841627	204.70831537988224	146.5667174865099	137.03245094857036		44.37133156710244	75.8484652904239	181.2840573265865	3.0319152181344924	72.65505601912217	21.120624990566725	75.41261866966393	1.0011111111139994	47.331890892395485	48.75270806773564	75.51956346081448	44.684021421815416	190.3967265385028	141.19692371149978	50.772765124452704	28.60892895919221	33.97321411847006	41.93909396841951	26.246429414828523	28.881744907605597	44.89834041917836		115.94557284744796	212.30212041099176	51.19833147914025		40.78222548942509	74.29715431134801			33.307088216788884		192.33916865816755		2.011173184357542	115.9287018724996	19.366787079351163		123.79588631684268	68.16755541910226
Pedobacter nanyangensis	Pedobacter	Sphingobacteriaceae	Sphingobacteriales	Sphingobacteriia	Bacteroidetes	Bacteria							19.115071197399544									16.184198041310225	21.40720278937065			30.742699801993577													49.14444812285702		13.122463016390268									22.21827182700018		15.08817244828316																								19.084413571098512									12.001051510183007																	
Pelomonas saccharophila	Pelomonas	Comamonadaceae	Burkholderiales	Betaproteobacteria	Proteobacteria	Bacteria	292.95758122743683					256.8438003220612					210.4077669902913																															1.0	180.79632721202																			166.5963780699578		51.056666666666665														2.095238095238095								170.13203883495146		420.5239361702128								
Peptacetobacter hiranonis	Peptacetobacter	Peptostreptococcaceae	Clostridiales	Clostridia	Firmicutes	Bacteria		21.93553173819498	12.315973304939936	25.758953098677534	40.92886940590144		36.22069695282188	17.570915449625492	96.36755423421414	34.81013164162503		20.899943644820976		28.842586600412893	24.894687985606115	46.800214041218325			17.08245862008699	12.593693635452306	18.873269505385828						28.05819239954309	30.156986255133464	37.320543075911566			16.387115691180874	95.71321452497344	24.73067212684602	52.95380170640098		40.20911779913818		15.675872278349711	13.35326243521169	33.48146741365391			102.22647615140087	34.78653556694377	17.858716828471373			125.27252166697276	17.03258689973776	28.82244881022818	15.893536071553015	109.03595432000358	111.6431543529528	22.88270625379428				87.41556407299012		33.022260280537495		25.245627369839987		15.088594487468775	67.62520376273105	50.660501873263954	12.415175900081916	42.932477556388505	57.20079230455509	19.0553373979892	54.735977274877285	18.982648589325898				20.980021636215145		67.2047553707214	56.58057993193524	27.72738332901133	18.58653969458281	21.5582663806035	44.707673870414325			13.21399508892918		38.49691989357793			67.43501903841756			34.89781619137036	52.11059376491304
Peptococcaceae bacterium DCMF		Peptococcaceae	Clostridiales	Clostridia	Firmicutes	Bacteria					24.028654655174694				10.543011739969716																		38.29498834911702						39.97054607511061											29.681398863041156								31.74545575801478														24.453190252290348		21.71564770547234				23.21273254168764						1.0476190476190474	22.31202924138145	23.67835256921181									22.13901764323872			30.084214422881143				
Peptococcus niger	Peptococcus	Peptococcaceae	Clostridiales	Clostridia	Firmicutes	Bacteria																																																																																				17.03965785930531								16.044914363446026				
Petrimonas mucosa	Petrimonas	Dysgonomonadaceae	Bacteroidales	Bacteroidia	Bacteroidetes	Bacteria																																										1.0																																																						
Petrocella atlantisensis	Petrocella	Vallitaleaceae	Clostridiales	Clostridia	Firmicutes	Bacteria		17.534311352883012		17.219704785684694	16.485770352740623				19.472695959228965			16.06817639794321				19.04893106135805		2.125	16.2467825820218	22.50734887207755							17.99903917860001	11.568437706151572	26.060248658287826				36.82831929671171				29.772129992141156							22.98651087251401					13.270117570556076			38.0472094534585	20.14500071209927	25.56259173125136							15.087269692455427						25.156533361517003	21.70441463900286	10.6120377963008			31.51766431733773	13.576849895010591						18.913709153126774	21.393573013739				33.40064216576656					13.931832147698463			33.935000392213944				
Phascolarctobacterium faecium	Phascolarctobacterium	Acidaminococcaceae	Acidaminococcales	Negativicutes	Firmicutes	Bacteria		22.63899442316773	14.481555809530722				37.29725248829798								35.33516550356436	16.10346552785194	16.744165623753837			16.491686176049644							20.16659346900717	12.946114796175625	72.94752285802035	15.914482915823656		11.977391039818452	42.59400677166293	16.588791867727757	27.049294316679816	15.45156443194661	47.88517584868585			27.15375194628076	34.520647725954866				40.30670664528015	62.288749770391576			28.851316228307446	21.03830436352459			41.987712957354525	19.08570123125621	67.72179304321547			31.987939431069016	17.239565209893563				17.405935702856187					19.14782176138561	40.34253394213326			12.037374371973922		11.219860690619916					14.56761648679399	26.78003840532044				33.55883907814028					20.588421280779404			12.840386757587472			26.016990783223196	23.89434523988811
Phascolarctobacterium succinatutens	Phascolarctobacterium	Acidaminococcaceae	Acidaminococcales	Negativicutes	Firmicutes	Bacteria		329.08877336531367	168.73334081308744	52.24745598234111	13.044131807927023		174.04026583957443	64.26147225064817	124.43354832995246	29.26529665230361		114.43744824734064		157.80117730292676	422.1787016667979	141.7129493609189	133.82489107448365	2.125	39.17541992456064	232.9172100516817	45.19873539429298			17.11173037488827			224.79916824780935	142.88446553136762	880.0238835569008	172.58979629078388	62.20354709037209	58.36733965836327	387.1662435216251	113.86009835756587	134.45765224317705	136.30815616753728	272.66877519792604	83.44171933567824	164.46529595769715	318.79561507463114	291.85754252927103	4.0		84.31676399161688	404.0809926283016	325.02989803181725	82.13115490483165		209.23507225392385	157.46025941638666	36.11402245896919	27.10041469194313	364.4650143623997	341.6490400939065	570.294120936791		118.14474967171348	368.29245963983743	394.99137074465017	4.042553191489362	138.46190002024576		140.02044612299215		35.2937754828218	27.741909728152905	60.31815147827296	168.19306203600695	443.4700867091524	112.54536757302722	116.62548599741316	109.65207649484924	45.220828568786125	47.8156068155349	33.13907654167958	38.377161364465465	51.48279352091179		132.74689946825845	198.71122093035012	48.476898854443775	35.49721581911353	27.332166612880854	167.9590223183656	2.008982035928144		37.66451502423947		108.20310420330334			177.69293365335622	19.194110327873304	1.1166666666666667	279.79672636658955	199.9494485006108
Phocaeicola coprocola	Phocaeicola		Bacteroidales	Bacteroidia	Bacteroidetes	Bacteria																													17.688929542540244																										12.419204165049996																																									
Phocaeicola coprophilus	Phocaeicola		Bacteroidales	Bacteroidia	Bacteroidetes	Bacteria		12.346609947577631					15.107978895151897								24.33798664846348	17.289790878778472													34.48536421923184					19.100278768301127			17.30348961776282			15.542688950023123	13.921599348251252				18.20381798962052										16.056129556270033																	16.823433429538788								16.157301531479828				19.79166338136465							1.005586592178771					
Phocaeicola dorei	Phocaeicola		Bacteroidales	Bacteroidia	Bacteroidetes	Bacteria		20.14922368631951	21.15239282919636				34.60228049977444		19.142083432738797						33.50072043888248	21.26334253728285											27.063876374661746	25.043760310067505	59.42745451893388				20.43133125653364	22.13242608080456			30.262750722651035							24.79943346242095	21.646858866826555	27.37480294334777			22.433628057748283				36.56698823083221	28.256230243660852	45.19758739917385				20.663305587346915										24.790030503669517	22.66628007334936									22.85916651238274	53.02361725340837				31.707155249767712					33.57984386591688							28.339030238905277
Phocaeicola plebeius	Phocaeicola		Bacteroidales	Bacteroidia	Bacteroidetes	Bacteria		32.59538682814415	24.7115657852935				21.632456682113077		17.069825718096354							22.069547864564285													30.5855117597374	15.647543606898244	14.66864947469005		17.692764511306386	20.81057039165658			43.25527572156982			16.277615053853967	22.6540512310363				24.40361579216179					24.49262833891993			14.22438723433125		47.54086734661473		14.116058228554976	24.621412856878564											12.595380684982027			12.647336276219148				15.114729646160717													13.539121806026737							
Phocaeicola salanitronis	Phocaeicola		Bacteroidales	Bacteroidia	Bacteroidetes	Bacteria																																																	13.086648901137316																																															
Phocea massiliensis	Phocea	Ruminococcaceae	Clostridiales	Clostridia	Firmicutes	Bacteria		260.8490852468432	68.10450548902828	217.68144671333977	103.22016937283028		182.7898932509155	170.07131785971146	361.9574897157188	42.01694994974484		248.28296213103133		63.7105175625072	302.01498371542675	221.30686931255647	81.63683198309606	1.0625	252.4048355977131	146.9436006345295	33.29918024684245			17.25898435142502		46.27668492541115	275.664821260114	244.5233785306893	363.257672846328	116.5367240131954	39.99680975838858	60.79232389732118	168.6349302215213	141.89691128253435	107.50215695389356	37.02292464554143	489.564739458405	68.21964393320614	78.23032835794193	106.32534070565428	168.47311302756648			192.65936002931568	203.11224185482047	252.27911366420267	88.46374125879876		151.88360674210992	94.8804313530283	112.98128100576466	126.66997983880805	187.598587244374	226.75104651768245	136.01631330786057		75.17599616596391	167.01975239357904	181.51670336429615	1.0106382978723412	288.56585118302		114.8258346277281		25.88444006037276	175.28630599496083	265.4184265522772	191.16807354639224	416.6908482552133	158.11729771799324	58.17747079316109	182.8433505977374	61.25230089536966	26.231767660501166	57.62670930210189	51.12848098114008	56.561884699308784		440.0622201809911	277.4619151662171	28.22597230305653	28.29447133796287	41.90095330799029	514.7739227880771			68.43827140144926		448.8160618925099		1.005586592178771	553.542502315266	70.25626189188637		135.731452110338	208.26539203841853
Phreatobacter stygius	Phreatobacter			Alphaproteobacteria	Proteobacteria	Bacteria																																																																1.001111111111111																						11.119741100323624										
Planctomycetes bacterium FF011L					Planctomycetes	Bacteria																																												18.17559318995807																																																				
Planctomycetes bacterium Pan181					Planctomycetes	Bacteria																																	28.090007798592165		22.86025931536693		21.08598670259853							35.75468926823534					16.11492196330931			27.30286252718429								1.0106382978723405										34.04812105764566																										
Planctomycetes bacterium Pla110					Planctomycetes	Bacteria																																												12.907883278046334					15.555595625348246																																															
Planctomycetes bacterium Pla175					Planctomycetes	Bacteria																																																																																					1.0044910179640718											
Planctomycetes bacterium Pla85_3_4					Planctomycetes	Bacteria																		1.0625															16.2588774656757											11.300688566746665					27.449767987169743			22.791898282569896																																	1.0044910179640718											
Planktothrix agardhii	Planktothrix	Microcoleaceae	Oscillatoriales		Cyanobacteria	Bacteria																																																																1.0011111367478458																																
Porphyromonas gingivalis	Porphyromonas	Porphyromonadaceae	Bacteroidales	Bacteroidia	Bacteroidetes	Bacteria							17.51972155880957																						12.577457270053772							17.196554906873786	13.392198461300966			24.622838872505284	14.383135868049132												13.270579110328466		15.567137219251638												13.750626148866878													27.45192489158264				13.257847434806452					17.713286200400486							
Porphyromonas pasteri	Porphyromonas	Porphyromonadaceae	Bacteroidales	Bacteroidia	Bacteroidetes	Bacteria																													10.188356023260836																																																																			
Prevotella albensis	Prevotella	Prevotellaceae	Bacteroidales	Bacteroidia	Bacteroidetes	Bacteria		121.32934392230293	39.190127908963554		25.90867129826992		32.07515316954185	27.29343706603973	14.21051739437785	13.55861631318992		24.48903388617068		29.38078592590536	26.317386674595625	27.429742329016587			22.205185898309644								39.25529590063447	16.999398137291614	69.3263309007087	39.617945512452295	52.585044786302845		23.31166098311196	37.126366781435856	13.798161469806974		56.5732441331154	21.06946689538648	48.20617024399666	25.55275906581361	17.397857281933636			25.06011800193121	89.9787301884639	20.138744473772665			19.24551306588003	13.428208709854648			69.91256811993031	47.9904985465548	17.237398807506516		37.07915055732197	85.04712289764272	38.541478873715214		28.11071369428765		17.064928154498507		12.579081626771863	17.322555816593542	12.505701282628818	25.477202043761704	29.33679262847608	32.22469674743618				13.502358723771726		15.675573974204548			25.77817343393904	49.82529027704004	21.802560644129144			75.03242544104596					23.386762338632263			66.09875752882355			22.9432422168928	16.218377892187885
Prevotella amnii	Prevotella	Prevotellaceae	Bacteroidales	Bacteroidia	Bacteroidetes	Bacteria															14.162017916475518														25.90909994857737		25.21705075144818														18.40354482760761				12.975085912176093				27.54672971415718	26.96874705941833			12.217711907603066		15.676581297481526	1.010719759176028										25.155331463932576														28.587296595326467								15.607449051166954				12.268853808362806
Prevotella baroniae	Prevotella	Prevotellaceae	Bacteroidales	Bacteroidia	Bacteroidetes	Bacteria							11.91963745512646			12.007592417538657					16.622861183248663														15.104363686659504		11.76265935979536		18.12818073275063									1.0		19.35264890470401					14.420620851141871				13.04293088792566	26.506340352565275												14.608875787738588				36.19364128753407		15.590096466934495							16.70699861624096					15.950442524598124					22.415722275618467							
Prevotella bivia	Prevotella	Prevotellaceae	Bacteroidales	Bacteroidia	Bacteroidetes	Bacteria		41.29210483417767	35.265940586669984				19.26062657929259		13.41486429120044					15.824773640121045	25.04384350243008	15.63608808055406											17.471628039593213	15.897840852095362	58.48830104062216	19.51363768455741	36.30154504517304		22.532952073921724	13.844229852751322			27.35129751845604			17.16368615839054	17.598075700371794			12.726138989560042	33.53568507819189				44.07499944424763				45.35747363400536	31.189055859611045			18.884611899455354	24.693856329831835	31.799550711715383	1.6494726076548956								16.9839666419357	14.572259583720188	42.48494621139103	18.08001351414852	20.764655305034047							20.664618176567924	50.868865654197066				45.87635731586912					43.066430709722304		1.005586592178771	32.16408451138669			15.736550815439807	22.39192375120519
Prevotella brevis	Prevotella	Prevotellaceae	Bacteroidales	Bacteroidia	Bacteroidetes	Bacteria		44.72020539576147	53.75789095126988		17.23523429115815		18.8545394343798			12.094267901149626				31.220722802570105	21.626245142010116	23.85188610013176	13.656574199346208			21.53829003539167							13.681528343436923	17.11699971803281	64.61659638530485	12.346620317615864	136.07672591391017		31.1433505031489	21.4138330156076	18.153655554922917	18.2249215929708	28.1036571483759		16.364681503265814	28.54514959210281	29.5479852744156			17.18532650328531	25.04595923498252				39.64701701205891	12.62356359400524			76.01068846336831	45.835490818456016	33.3701878379668			27.469850094072637	53.17737001088013		21.445121751761533					15.918153704654936		11.62639096083912	14.326892986879528	45.22686394358617	19.702311330831883								14.11924414247256	35.731502487023334				25.12271141665496					28.454942196265044			45.78129297051764			17.133400703941888	15.09150946471211
Prevotella bryantii	Prevotella	Prevotellaceae	Bacteroidales	Bacteroidia	Bacteroidetes	Bacteria		48.41630361971966	17.21637597271392	17.371364446116463	89.74030763148752			26.182164705427883	12.755512826788143			29.33785723390658		17.24811208610324	22.666667465356287	21.017790480939937					16.30501724447545			17.917719742108105		14.957482650204922	30.447653056842643		30.71683569726187	16.236731931686656	59.71045985050513		43.79156419618166	14.519779182165824		20.49960624703581	14.90515895447669		31.5365291233634	13.9396248020085	13.096118462957582			14.44312813996737	66.48582457789485			1.05	13.3146899029064		21.153645517394764		15.690025687733112	28.920803319264625			16.75457725947963	39.79107891010464	26.91917368089931							16.210358688423213			21.795367603791917	57.02592922587209	19.43774535567268				16.036689936645413	13.213272612272345				26.57555457535609	38.759512964384975			38.33988091584333					26.762380003606			24.84618347439991				
Prevotella buccae	Prevotella	Prevotellaceae	Bacteroidales	Bacteroidia	Bacteroidetes	Bacteria																													21.62179502136313		10.561783208131118		21.100151262722637				16.11053856354748		12.569391194828304						14.311687146978963				11.6283120235872				13.707667690202358	10.267344366772395																15.481538071924462																										
Prevotella buccalis	Prevotella	Prevotellaceae	Bacteroidales	Bacteroidia	Bacteroidetes	Bacteria		578.7030303125088	484.4196195072427	166.22979087227455	138.3621911694852		201.5355848284908	59.048071220393936	155.52522131924405	186.23131500271785		94.31919666485798		204.4664857246717	306.36034824656303	154.25236456330975	70.58538453673816		104.84642298160014	145.84585770442166	157.4415087463042			95.26236819599175		36.72791140241056	154.11095283140594	168.09117344580534	528.9565778697366	283.9806098869737	1157.6160081862577	35.436497628385446	343.48768172573097	258.169520797807	42.88806262783386	277.04387577670104	297.90003490587344	219.1780777759731	406.93040064163904	420.0744612643779	574.97120684612	3.9392286718559033	41.402143027240506	202.44174988888847	495.44411302858936	172.67251563670328	82.04279244755945		529.0693659300724	62.13544475983274	145.8233526154229	60.1910531347418	948.3061252337668	1145.2385875855375	238.8901202500464		119.97261113533727	241.96314976995785	1112.9257091839238	5.1832788115128	184.80578166364384	52.946229339012994	94.58941115238966	9.01	160.7114466152195	194.06944054008383	147.0933479292365	106.21256589763054	294.8005830407291	708.2773835107961	122.97126292752183	181.1570125876021	76.7446139421843	114.12832328882456	178.4267189605079	81.74010108699916	39.25493994184712		375.42031118624425	271.95197116907366	169.82193421703136	57.59988766448991	144.73626705496187	234.312694036944	1.0044910179640718		45.2965040430343		164.50736227638168		2.011173184357542	313.5248779371923	34.784777508698674		425.9418249908535	246.96870530560653
Prevotella colorans	Prevotella	Prevotellaceae	Bacteroidales	Bacteroidia	Bacteroidetes	Bacteria															15.182282799197486														11.52657101972217		17.586947723980717						12.349058063530157								11.40230618369442								15.272403930291174	29.069871477532363					28.14403858175488																				11.640409455945637						1.0044910179640718											
Prevotella copri	Prevotella	Prevotellaceae	Bacteroidales	Bacteroidia	Bacteroidetes	Bacteria		331.6599523677837	313.5419089585052	103.95642513587494	124.27060878490018		163.42299655620604	56.08794033430331	154.38846995923925	103.02010986914269		109.58604384168156		187.40765016019157	281.96902393993105	151.538893963055	54.61449117459744	3.148572878617772	77.94731671390095	102.95779246814256	79.08390193249846			38.37627873793044		37.62997098371851	131.27396259917154	129.24937946646563	400.9267722193611	191.04222990706376	400.0208775565822	44.3051515722317	200.3311993251892	172.10086291384232	53.77422617681628	230.49507823814025	298.3322082719561	83.40804156240138	164.42037765773307	181.9717961796392	296.0474035641178	1.0000018038686136		137.16554090599007	328.9759691316024	155.1105344524217	73.6583998830368		259.32686670257226	57.72468182942389	98.44613332081472	72.57508789740899	548.8023815269173	503.8861764815514	130.86736288523633		345.319199389256	675.8216593284814	516.263295949046	3.5660184089659106	130.50092771891232		70.39392489088806		117.17241601293054	132.7933783288403	110.92648136397716	79.78180232919571	223.0855224798805	383.3867333577371	94.70559210972225	149.8847527043709	72.82121480560004	104.8128813636837	102.49232077976636	34.68271247495006	46.89159897230166		207.8921783239573	210.6501867784888	153.6905417318685	55.2227089937403	90.80945167122894	292.0770169831668			52.51101672316915		208.50506858061763			259.2665444856733	38.80383532988316		216.77029971945743	187.35236462482712
Prevotella dentasini	Prevotella	Prevotellaceae	Bacteroidales	Bacteroidia	Bacteroidetes	Bacteria		37.98004680907162	43.17252175139446	33.40181804907853	40.53230600319583		55.225927596101386	19.90302283553514	37.4191634492532	20.00504708888299		12.009804420113197		29.846348197022635	81.9319561576665	48.255300537483016	21.741854454010465		15.291353105563818	35.8925269995056							28.623232167489448	34.25276423968412	162.78526342733366	33.079445247118315	48.93257092701992	19.94900636793225	55.0156797949367	47.777460771218166	20.733194652225865		124.5197976466726			52.79502717663036	51.26241084695553			44.2542970265091	65.6974330571967	52.89129784140746	13.24644668242956		58.50021717693827	16.618478863853504	13.700238012681725		153.34226396012377	111.2997596949284	55.202447673392925	1.1739130434782608	28.62158436466271	23.29188389815397	90.1399245633644		37.94367850418779		25.648292170687217		13.393065354442646	30.701235419407315	17.50687853166153	16.691901776412536	66.33100136598551	108.52091527945504	14.019177442028663	30.422641578962843	17.557348150206664	17.801869380696658					84.59432699616049	70.59850816053856	16.219468499242044		13.001650500788283	43.15785832546501					88.7302183751126			68.76047177871699	21.377857783836905		43.192061851991305	30.830558987698577
Prevotella denticola	Prevotella	Prevotellaceae	Bacteroidales	Bacteroidia	Bacteroidetes	Bacteria		52.99383776506217	32.58596928470765	27.804645304911944	17.12379908720573		68.70252268000661		39.70741832294934	24.43941885909215		16.509197562953883		23.49200034841274	61.16108079610591	46.849486550278456	28.948452662011466			62.01924714842399							32.3890941522681	33.74854469598932	101.8565803494876	34.924538023319414	52.428562892507536		77.91094879149054	26.169914800773977	27.419457686026863	32.97849689196584	91.61462669026724		33.31558604059284	36.63959015179179	53.609727884929946			36.03391876733932	81.96259779258284	36.61062287600591			102.85501419601948	19.70401004904552		19.79396200076972	99.16728087779346	105.59768020573247	51.36438818617521		19.33982972839872	18.027454019420038	132.28809986572298		46.87183988376086		23.993898882874817		29.860228162707397	35.12789565847404	21.638288557615617	22.406520623193117	39.769803757620885	107.68959163202187	17.469445618342668	28.264522630016263		22.98098857388456	23.3880400609023				82.65824548313746	61.86096202587305	30.534018820293927		29.954028680443216	30.048826207975228					69.50068582927112			48.35563949458575			63.81940353187	46.60128527085868
Prevotella disiens	Prevotella	Prevotellaceae	Bacteroidales	Bacteroidia	Bacteroidetes	Bacteria																																													11.028192784473818																																							13.295394830865316					11.960728466031464							
Prevotella enoeca	Prevotella	Prevotellaceae	Bacteroidales	Bacteroidia	Bacteroidetes	Bacteria		34.48989964990969	13.51179669424234				14.332125007148036					12.274290248408374		21.078303110430323	12.355015233812734	26.17445472230465													12.24968020300708	28.593022663909657	90.11763638490766		27.12937483065213	17.954762306895645		22.61793458316574	22.28612202486384			13.119812212209665	11.36877862430118				39.80146569924017				47.225235642012414				24.29258290543161	58.07176960066429			17.5963372104246	34.715702932804675	30.827775493017825		14.518589045959564					16.505566441656377			14.545414114477516	34.77721437389594					26.97377205973555				16.00957233662059		12.418235543416731			29.492981033454733					18.204045331368075			17.03711226212075			19.452487741235	
Prevotella fusca	Prevotella	Prevotellaceae	Bacteroidales	Bacteroidia	Bacteroidetes	Bacteria		28.61744989647651	34.51429016038411	28.643384782910783			39.62109425622797		12.516943464067214					17.472883084799964	51.44554045621467	30.703763240973984	18.35423171058752			17.57850167210505							23.70300377946368	33.004186291309274	74.8446137134455	26.740974807898496	67.77896867851507		46.04560389196524	30.874355958083523	13.163088264108156	20.115725375980517	76.7425446439034		20.64773258430932	53.06920413613576	41.7962101746847	2.995709054242036		23.56718177969603	42.13796073611232	25.57985694250036			41.74586059301185		19.4639671365555		73.20400598206238	66.50539564097203	46.18367631478829			18.379232284687777	71.78641628134925	1.0106412460703509	13.470875786437842		24.00327060092628		16.389782236752424	20.64508501866727	17.065426641648834	12.60396117879144	30.11245897190297	65.37141944204463		23.80579649549475			16.01676036936071				28.662437049339296	47.77140051943594	12.064792588075584			36.58366130456229					40.02403508406692			37.57535293249734			34.45010143971665	19.841925637273818
Prevotella histicola	Prevotella	Prevotellaceae	Bacteroidales	Bacteroidia	Bacteroidetes	Bacteria																																																												1.0106382978723862																																				
Prevotella jejuni	Prevotella	Prevotellaceae	Bacteroidales	Bacteroidia	Bacteroidetes	Bacteria		61.74453114199729	31.72387739625785	18.113814486446888	19.956227567273874		39.42982368187696		21.442741569507323					20.30516985140777	39.40621491481579	17.922367835049283	17.189130003299926		27.989724906772327	15.961341220092384							14.80885808590119	15.606187838104136	83.14564528546772	24.19287445913478	37.55594729829618		45.45398885244349	33.18926681810539	17.51573425253278	23.06267297887536	62.55425503509764		27.508202882964568	34.21028902617518	38.585902448587824			26.23867830026885	46.33066514196489	33.09161431502625			50.18616769475744	17.643126350975113	16.312216833470007		81.19262581766358	97.99879249862474	44.978587577540274		19.687212131955214	27.03547612799941	72.74029965479801	4.42358340207733	29.673408097917648				19.798233065312942	22.331972046468163	24.071498170272804	19.06497804909435	32.42496601425935	50.437960681118746	26.725025704306272	13.641771558054756							31.793019585098115	40.23399305266844	15.663694045241035			37.93915841177119					52.24729629876065			38.8508085122086			46.73468102438099	40.75307128777
Prevotella loescheii	Prevotella	Prevotellaceae	Bacteroidales	Bacteroidia	Bacteroidetes	Bacteria		177.024342552762	75.6826122531206	60.2579736005802	45.23479307388916		151.99982402800217	16.261117414745	80.04767290631429	67.60157607429721		52.49291091430467		49.15524808819188	110.6460446817084	132.18874602410065	44.52920225890997		32.33542869323126	96.95982645355365	29.562776992315253			25.742208646067983			29.372040980138635	41.004949447541655	150.76988503050194	80.04693463378278	233.2157562705982	21.119314087842337	193.25613046883265	62.753873406839325	71.59732291938722	74.10656564025155	160.26836336606996	48.986652900862296	84.99305110704734	121.32470825702704	109.40230186024584			67.05745162365876	139.7417073400525	55.33127435030054	19.28833680043647	1.050000038392903	251.7995312989023	41.70108333522423	37.00346164367288	17.179447624694905	225.78757450191773	213.63276294328327	66.07767658755371		33.435085875614675	52.25880975078992	183.1402713373718	1.986628386587869	39.636254237375	71.5328101265666	53.1436377468055		62.0383640929086	50.56426069771612	37.216496498381794	23.585044731292665	139.29341430343217	256.0984147167316	23.952375282057808	65.17104304011134	37.77794471325783	33.550238865858724	43.31999447460631	24.133901813313507	18.39364977150805		172.12322455203602	63.18597311097698	83.86935481455859	18.56578509838167	13.567742875362164	101.86089567710592			18.440943610170297		76.55107243028148			96.09637312742105			76.48745620450882	21.3541460972916
Prevotella maculosa	Prevotella	Prevotellaceae	Bacteroidales	Bacteroidia	Bacteroidetes	Bacteria																																	10.895168838129695																11.431108792682588				12.552484624514896																	11.68281975399568																										
Prevotella marshii	Prevotella	Prevotellaceae	Bacteroidales	Bacteroidia	Bacteroidetes	Bacteria		27.49220508643768	26.0454108761519	13.396640522593216			24.77926501340269								22.300349142465773													16.866359274745427	29.32248218996575	25.482895519959705	44.62673184977733		17.104534042131537	26.347714716750307		24.44695290726568	30.83734782699636		22.40066205747209	20.071493064872925	33.92377278922102			16.23254853296872	45.23807843679894	20.81662273571698			25.826485911376896				42.235229022183134	38.61302935051862	24.198574201779667			26.96653390186064	49.69415363222144		13.949769180893275								17.63556551521491	27.4309139096742									23.06705597393646	21.15559618447761				19.34455150065404					26.75809448648173			23.645518846946107			24.45527427350256	12.69236376790444
Prevotella melaninogenica	Prevotella	Prevotellaceae	Bacteroidales	Bacteroidia	Bacteroidetes	Bacteria		77.99677837186158	60.08031405497238	13.594985432889947	22.853566447430435		49.0018801059331		25.681672169105205	24.538277985280125		18.12259301115635		33.13290722557963	80.11648187013982	45.46623089682566	12.266225859097377			25.67135146625318	17.68376339153267						28.424626655734286	29.083459906046777	136.7265039454767	36.90106824002724	63.41386536428792		49.53819279465685	66.65177668937845	18.48135572219743	23.07284047024529	110.42137256385266	29.337551664185607	45.34976682316142	63.35155599299148	60.51307344393712	1.0000000000003877		48.668914984854126	85.87240605949403	31.24334092049573	20.41960743924101		81.0857620669793	32.32408854674304	22.380665841156727	24.21554544739788	134.32186178953248	92.06154364566906	60.83767980471127		21.4808603587718	34.64173263018484	116.74176388304302		24.04258909565059		22.025106891702237		18.42722791192497	27.34491363343213	24.10050405336475	25.72826123628433	56.30189630123876	109.51186075201322	24.034813021111884	33.992785590167024	21.859997295661525	23.68758870961845	18.838631249945472	22.668549338810035			42.33082306002358	93.10342732993942	20.64205826240456		28.993387114748693	28.4583721881922					85.55000766614505			40.65658991320468			60.05699063337344	67.58142166483889
Prevotella micans	Prevotella	Prevotellaceae	Bacteroidales	Bacteroidia	Bacteroidetes	Bacteria			10.547109970504046																												38.54548453486902						11.90127384602485																14.88404209726136	15.680892790451306																13.32130096598605																										
Prevotella multiformis	Prevotella	Prevotellaceae	Bacteroidales	Bacteroidia	Bacteroidetes	Bacteria																													11.478722533769693		11.144576878445806																							10.56544171965027																																										
Prevotella multisaccharivorax	Prevotella	Prevotellaceae	Bacteroidales	Bacteroidia	Bacteroidetes	Bacteria																																																	11.332644882725129																																															
Prevotella nanceiensis	Prevotella	Prevotellaceae	Bacteroidales	Bacteroidia	Bacteroidetes	Bacteria																													10.203582233459237		15.99720533700316										10.353819310766813												16.58718259379169	10.48235209288918																10.781605991053564														17.69720706258885		27.596647468100265									12.59637555680085	
Prevotella oralis	Prevotella	Prevotellaceae	Bacteroidales	Bacteroidia	Bacteroidetes	Bacteria		47.644326637225234	50.32186276813018	24.70807639257361	13.083495989373002		23.150587729314115							20.02349016003471	19.75620105912472	19.96407155396264			18.548564246476204	31.398133429820568	24.383834696210265						17.304615136662623	26.4829331365006	50.74067722298292	33.35375005200167	99.82610966966726		47.24248125747727	24.00568405689041		29.11534277981046	38.20324293582178	33.84522131862511	60.65879318146039	30.06233860589596	39.97285284564229			22.87304274707597	43.27674919941072	17.054364946506237		2.099999999999985	45.15248083583845		12.054353753668003		60.07666800108091	54.13850375873788	23.205103499941263			25.859553412581047	79.5285266716947		22.55678282941105						15.59489456151406	12.420785741182016	29.590629609256045	79.83430365926168	16.089770864540654	27.7602426748668		12.799947536208869	15.183502763226846	17.183900786555963			19.1395552931679	18.24180046656544	12.04877760111174											30.97615473884452			33.49284885589458	20.5915011710993
Prevotella oris	Prevotella	Prevotellaceae	Bacteroidales	Bacteroidia	Bacteroidetes	Bacteria		368.3640133414455	326.3151532422259	202.0167346557447	223.5219285957507		209.57606015312192	75.58271036883927	241.4669707927607	178.5110598408509		142.94273490608992		206.5139937426388	421.7085336546344	178.87155670188147	78.41874883811711	1.1014271213822286	109.24785915940762	167.96692218375597	110.25166827004396	38.99862591245292		55.43769416983897		36.30870882927215	193.9285990015028	210.0198018243837	589.1734106376103	205.21597752927025	653.2472392248833	53.67774888617373	397.9892204493036	211.2734960104009	68.20813577026219	183.7594621412993	528.9301713904918	95.17994551385569	199.1773269353532	297.33697066760527	386.987486302547	1.065060470033087	33.371646622175184	232.09363871426024	428.8517302116165	236.0661787177465	83.18331942380283	1.050000000000017	482.76196629048616	78.35383807651723	121.42676300111376	96.86109365484948	1046.379171252598	1095.8382305680104	202.50793815908983		203.3193243719211	287.25838016339185	1005.3737295973654		224.08721564907668		110.9626008371382		123.22501226647024	263.687589305148	152.6098788108754	148.41777812590792	403.1428806804872	770.9904688169023	133.03669248457527	205.99867265395036	86.87140282354342	86.36634650459365	132.6161158422804	79.51273902643142	46.39002010398207		425.45175020988165	374.5518078735737	183.70555613587825	80.7968490619964	187.65010537110032	338.3120566300653	4.017964071856287		72.18380529448625		320.30519788481416			442.3034973745793	69.81905958115034	2.2333333333333334	431.08841668234015	444.7600249688342
Prevotella oryzae	Prevotella	Prevotellaceae	Bacteroidales	Bacteroidia	Bacteroidetes	Bacteria		57.520109059377255	39.2774789797351	19.930456502467884			31.165747094419693	19.850456982439365	21.038899794164102	20.64157008846116		15.95540419469147		16.27399906072583	33.97553676902543	14.451026719173006				20.264257105583614	15.581918936733874						17.85216401574378	13.070160742677729	70.95916232768458	30.2014265832453	72.12278424426418		21.956548326861256	25.725361082682262		21.57926057594321	53.47631107254153	24.94754146644695	26.05379296187209	39.50059294018778	59.15892323526384			23.836737601048544	46.128646954908426	25.251881836881036			23.133192620849957		17.341101464053438		69.0059599329706	99.86962818472612	40.52338919956598		12.851277149270803	34.97476358635781	96.7944256718428		25.513738572015534		13.974659862581516		18.29008158399539	21.874385230476936	20.19411937880454	11.75270163383569	40.37965152456484	47.82068542151783		18.10100467509522			22.52882082062885				33.11527961125707	20.86084870145034	20.70095736624449			37.43667802350571					21.49440341348357			44.20725834745898			41.03667072573016	10.778334065522056
Prevotella oulorum	Prevotella	Prevotellaceae	Bacteroidales	Bacteroidia	Bacteroidetes	Bacteria		36.52536348247948	25.688815924863466	12.064843204179516	19.344926700894604		30.39307025840649		28.819894755164725	16.611671405184197				21.00898271089053	24.881015954122667	25.05726647285353				16.25649673963031							23.397378706978344	19.931501125272565	71.83029121922846		18.19161539117696		49.344134491156055	19.2882257387964	17.010779672189884		52.095795942186506			20.89026676109893	22.63941451013182			31.60504244978768	19.541398652684144	15.290347186868152			35.29204548199285				36.89978168525429	40.64888008956556	17.5849626883555		12.78292352081208	26.69522265027619	35.46242188393575	1.1277103379664706			17.788772340857737			17.324544781018442		21.205851147602324	30.90630965030769	90.31525449600532		24.16583874338099							18.307389021486465	38.25914220597367	36.25052984598384			34.144690640408975					40.96439732906408			14.761247392791985			25.01247232589372	21.09722961402157
Prevotella paludivivens	Prevotella	Prevotellaceae	Bacteroidales	Bacteroidia	Bacteroidetes	Bacteria		119.84479818558664	82.41120726502757	65.21145928941007	69.66727613220584		88.19814649365108	21.023377573721863	78.02467141473423	39.56696737950139		36.61361268772689		20.60372818072416	88.06364061673408	55.14404845035981	20.906166193494272		19.84345325948281	30.31745845668353	19.476650814970288						40.96372663854556	48.17226905516772	250.3755518087721	50.253996628152485	95.14154326548672		106.9250505125572	74.57403193162509	27.724201090786227	45.30036894826961	130.40530913163292	20.45404173888249	58.108734750068926	73.63454210439414	120.58677302632684			86.2398820708937	90.2561796029986	49.06094759966241	27.147737080038286		79.30886281770138	55.7524251728556	49.94965124800167	31.44882644416884	153.18099269131716	161.00672321208694	92.9294559797918		32.377960722531775	60.22998313622138	213.1721107808823	2.362524547153362	40.46429087220874		37.305814505330176		40.56009440351125	45.11087321918302	39.21895517107764	30.466643231174743	82.57920374345689	232.92865958238488	40.68204934901802	79.37790985699712		17.84893066122249	17.74629282441865	25.63230908785641			79.49971532483498	135.47062793887068	84.04848363526372	20.95624769575413	44.09188549473338	149.32663835340395					165.56140309604515			151.2648082849459	22.194696220534933		94.02506482819447	61.65048765231773
Prevotella ruminicola	Prevotella	Prevotellaceae	Bacteroidales	Bacteroidia	Bacteroidetes	Bacteria		42.06849390729806	69.30307952517173				41.77402029264344		24.31991317715605	22.91855835700528				39.54805587567397	29.03192575448655	65.55787104614758		1.0625		47.69749960418387								15.434487004927306	90.52771838504007	20.827339101850725	134.7083728369594		75.71177564441899	21.20372824623698	21.964161412074265	19.003625370987844	44.82191975078258		17.7202682486778	30.0158033817241	16.213373941576563			29.54981266804841	46.972747688356456	20.567746465027295			138.00316344175857	34.574604822010976			79.70930319423371	59.9571452687155	21.21356731776605		35.45004022758817	35.9664522945419	49.4474976304061	1.0106472138000355	33.926875800023		16.405475428791462			20.66216906782749			41.85475302740584	122.26232863630808	27.415967490175085	26.39471664215044	35.36614164147188		15.27623248453585				94.15393019509098	36.828945145899866	31.073212789259276			28.55519624008725					50.543037473594	1.0		47.088213968228416			22.521502509271414	22.570108021496395
Prevotella saccharolytica	Prevotella	Prevotellaceae	Bacteroidales	Bacteroidia	Bacteroidetes	Bacteria		10.812345515783305													15.084302014150474														19.21301003785033		21.351317207384252										23.946697186403537			12.778412066828778	24.848437641074234	12.422937616337274							16.77324789729043	20.38339620835405					25.65003382213272		11.227181781626893									21.22147971427477																			11.817480870840692			13.790657142452933				
Prevotella salivae	Prevotella	Prevotellaceae	Bacteroidales	Bacteroidia	Bacteroidetes	Bacteria																																																						14.015339369200827																																										
Prevotella scopos	Prevotella	Prevotellaceae	Bacteroidales	Bacteroidia	Bacteroidetes	Bacteria			17.974787226371827																												11.118640143176542										11.304975996290986												13.782783406821844	10.308123936091478					11.810425528403506																																					
Prevotella shahii	Prevotella	Prevotellaceae	Bacteroidales	Bacteroidia	Bacteroidetes	Bacteria		57.98766753635714	79.0869981844928	22.065980856263582	33.487630281837205		57.5762216580676	16.59431603246405	39.92366544218652	18.611004295452087		22.408683731589136		23.39761409640928	52.676187263948734	33.18299454173311	21.0982444588309		28.95121135836432	22.307936485182704	27.307410751230748			19.07418214117424			17.966338203429075	25.467886219014133	79.90813507683932	38.46698473196219	94.65955524392191	18.69892174291292	40.76890215368118	45.060316686620695	27.052538421698426	16.73385507262968	57.71986482888949	33.68403955576673	60.77013669882981	39.5353045886474	68.73601536110445			71.59893598914682	73.16048064459054	50.53614533026471	22.55817822455278		52.26406987281593		19.224631914866343		109.76619646387284	118.712944217222	39.712131350433125		22.17760896155556	35.72529336142002	67.26482538489675	1.0387349380312725	19.087454350493623		32.59847776876457		31.44194635126049	25.47433400933929	32.993770429600715	14.468272288031391	40.4050640579315	87.3810216335623	14.437385805109583	43.98112429749792	16.748504191464633	27.231970156563104	20.20005936909876	18.96504958100637	16.4954094569973		38.822559707112376	33.08027883484904	38.56845017544602			65.35213791773856					81.24632763077226			67.12923132197534	18.428021651003768		43.99744921757988	25.832046060935657
Prevotella sp. oral taxon 299	Prevotella	Prevotellaceae	Bacteroidales	Bacteroidia	Bacteroidetes	Bacteria		63.3011026255372	45.678534742920135	25.048561271004875	43.92427817054288		48.729281458327655		33.38909263299937	36.85164736643995		30.315712297837678		21.57613159222345	69.86366044352496	36.67256578121357	23.894758154584324			32.197238685750435						16.36618065170489	28.22306172651787	20.988091160070887	86.45700294271724	20.19847139539305	34.0266073718729		73.78980349291439	30.18558653030169	22.96817690521742	20.26860373590691	74.14579711706551	23.50394962950457	34.28001616967079	26.967033425646108	38.270601300129954			48.02177938965239	72.73679040171595	32.016181740844715			105.32219110262372	31.160821710149055	14.121833960063595		81.24106760187226	54.53486316346324	34.60385240829861		19.52547026370442	34.156650807287065	60.16568002298692		19.661291572845872		43.852229693355206			36.93770589901187	25.431343435860057	17.531381218230017	57.232393159362815	134.32725517657343		42.00014386821766					22.582817315482504		55.35656094585018	30.645958007278946	48.46954081265855	16.41891008405134		75.54432279845848	2.008982035928144				82.10235490600914			69.5346319580393			37.71347556197031	25.294440185379937
Prevotella stercorea	Prevotella	Prevotellaceae	Bacteroidales	Bacteroidia	Bacteroidetes	Bacteria		126.73664653603738	162.8140433075754	72.36905354651284	155.85903898957508		129.8992383696834	44.47267430649736	90.419138463591	71.35126010652036		46.032299085348825		62.36713776570699	190.72782410334423	97.1619736391436	30.61112839138538		31.15053891052393	58.50954135857005	44.49912466245178			25.453704807972773		23.770411287999217	94.40324678793928	81.69675471153077	268.62102733395074	73.95450200617285	254.1671856271335	26.872319386967263	181.07777846215424	97.90955108016946	32.359961734746044	61.63573248904687	157.72770632029452	47.62276241293738	87.4738474948718	124.36902973732649	141.0425435700828			110.73733491821316	175.376732009766	95.38327356949743	34.42928976877554		192.36439194412148	20.4914651662096	37.71635506319854	31.117790449201426	370.00888234729126	336.0810428655327	76.7065684299623		58.82813483345794	82.86132477870017	276.0711054039626		64.4131715631098	20.996713613811483	52.10266657403141		56.267277707119554	126.25033576769776	40.32709696285126	75.07115066324874	187.42134997411188	305.756989990728	32.032337757555354	109.05766751417464	31.08063434617643	49.90819804530678	54.69075138514551	23.517782850949715	26.51751645251173		163.67294056496385	139.26765680877196	85.33443470840487	38.19942747417523	71.6909945604781	194.56700701061655		51.35351434419747	23.913921556116907		146.42035418709395			203.56017591302611	29.05708248769538		120.2135809654516	73.79981481588236
Prevotella timonensis	Prevotella	Prevotellaceae	Bacteroidales	Bacteroidia	Bacteroidetes	Bacteria		30.57711822517958	13.791935332453347												15.215216938738552														12.27301686857748	18.908343744737262	16.991880653635718			23.84603511880086			20.62365460766673		17.47557559179591	17.726376944508022	12.198122206140372			11.356614924052424	30.35736180600446				18.10369341581219				23.620454697365187	30.18115864463977				19.09823153430454	25.425053139165797										11.740630052806935	22.00698447868817									21.36541895582548						1.0044910179640718				10.3642945668127							12.002385412389325
Prevotella veroralis	Prevotella	Prevotellaceae	Bacteroidales	Bacteroidia	Bacteroidetes	Bacteria															10.913745477671627														12.09326388236327		10.08989706213225																		10.213918794678449										11.825634191605028																																					
Prevotellamassilia timonensis	Prevotellamassilia	Prevotellaceae	Bacteroidales	Bacteroidia	Bacteroidetes	Bacteria		138.21064601004454	107.12427461124182	13.061868874374026			46.06022080366223	36.92635439341375	51.302973481454			48.30075775851402		68.44066243438448	105.35065563804378	42.37480808466022	14.039677288412552		18.152173312262	24.087084276326998	70.31182367703042			19.124875124819187				20.5859527604416	153.7808814813236	87.8943034766761	108.46961579543296		69.8886950113763	54.14110697679273	37.92249365694034	68.15413779433321	97.47572141003567	92.08340621440227	162.90444986756862	106.16700251761684	236.54693241128385	1.0		23.915336925695232	138.80880833422782	66.93005894513328			82.02963241672332	31.646760714740104	27.26588760701329	28.83931651774877	55.49841045752548	65.75448188309537	155.05615639570064		151.5115484226814	202.84072739809267	54.37975606078907	1.1555475906955786	68.21877798030759		27.56360188167722	1.0011111111111122	43.23573529606846		25.235545318195516		60.86367952129407	24.784846942215747	40.714886313743776	22.37288496615389	18.098399815296293	22.387022248909275	58.2493260296724	34.01909261597086			33.072777499960026	23.71933381063966				12.252508371339465					25.488551839712347		1.005586592178771	15.996375087889978			35.74898319950027	17.093074906334618
Propionispira paucivorans	Propionispira	Selenomonadaceae	Selenomonadales	Negativicutes	Firmicutes	Bacteria																													17.859064152984455																																																			16.15481276110429																
Propionivibrio limicola	Propionivibrio	Rhodocyclaceae	Rhodocyclales	Betaproteobacteria	Proteobacteria	Bacteria																																																																3.156225438715742																																
Pseudobacteroides cellulosolvens	Pseudobacteroides	Hungateiclostridiaceae	Clostridiales	Clostridia	Firmicutes	Bacteria																																										1.0000000000197409											15.731060446598638	13.14336332457067					11.827415112519803																									11.961982207011326												
Pseudobutyrivibrio ruminis	Pseudobutyrivibrio	Lachnospiraceae	Clostridiales	Clostridia	Firmicutes	Bacteria															12.601146046436194														17.56750844658972										13.41256571032999														19.29344122332545	11.160627126235696																																										
Pseudobutyrivibrio xylanivorans	Pseudobutyrivibrio	Lachnospiraceae	Clostridiales	Clostridia	Firmicutes	Bacteria		202.28859484152667	93.4399500465478	108.08379803051716	30.886645395988776		106.84088380577955	89.17477152414938	127.00068918226484	21.297357103574253		80.85996160534002		98.74942297331678	245.1040608353032	122.09503442715008	55.57495282997501		156.06050166727573	80.90749290298544	43.20092100718177	18.49607275707973		28.440284940967263		22.92272447494324	165.50925183248046	189.8757739836288	344.74555073875484	46.429135517945774	62.63313189456644	34.920552770563155	116.29427409475277	141.80173911257629	46.705449196195694	70.95504631923288	291.76690973187016	69.00357961405325	92.8041818188066	66.88380330548982	123.70979221934596	2.6041913040393854		125.59398748552948	115.43823380956684	160.6427340007331	46.037899052097465		149.29341931718113	60.17643593205193	172.19197207040258	152.86602717622387	339.0613596235028	249.30020050266396	69.78117859594663		50.580340067380384	101.33712994458608	165.28115897837452	3.0319130093466047	211.25275207898747		34.51728394302557		38.72142516296076	29.63289027429664	218.08967898594616	127.32533247999808	184.18823509825728	114.1508835244584	35.13149766342528	132.4815114852527	92.32769691339703	34.32782613201696	20.96407961729817	38.320420231220304	20.54016820860398		141.78908344362517	221.54481693315296	46.905667080944056	27.78638446123288		256.7740992240008			53.29050237410249		83.10275423081528			357.1803537924156	33.039420747898035		89.4734164163299	44.77903553340979
Pseudoclostridium thermosuccinogenes	Pseudoclostridium	Hungateiclostridiaceae	Clostridiales	Clostridia	Firmicutes	Bacteria	21.462093862815884	35.0925070710433										35.01886491565104			26.8361097940828				18.828069111239355		19.410793136099084			29.190598875731823						12.88304325330065				22.534635279569677			23.42600032198142	21.995213515628905		17.037390643969538	19.700678214647013				31.947333910145307						27.4423790894022		24.133786266119955	28.73602560601065					38.88987030204475		21.059586141268884						20.175038647547076								18.99267652587384	20.59711350394024	15.417519425208551								2.008982035928144										37.34975659470136	
Pseudoflavonifractor capillosus	Pseudoflavonifractor	Ruminococcaceae	Clostridiales	Clostridia	Firmicutes	Bacteria		41.34665332160433	17.580108032360712	100.01633568306656	90.67774409932846		63.0404589726826	37.00834788914949	74.2547343868891	15.01714195565296		51.413329121157176	13.554952009197535	24.98299724639297	52.003586058768754	36.07764852521961	19.34597625937909		48.674444828815	34.09750611999095	31.1315641972866			15.99780040193958		28.722664042487544	81.56419408926169	83.74152875459751	66.98340221281575	16.078297354915176	19.36348635153547	29.899465300390315	105.48428297513937	31.287520632605435	46.89623096747583	15.08425055199899	58.35701572854945		15.41892717904246	30.269807975333308	40.06628036436297			98.9562198421062	40.73285774371038	44.02729206665781			62.89913007307545	26.80107415282236	75.94217284537096	136.77094667668962	95.30941249016124	80.44217229272213	22.99304494415249		15.499935463262409	52.3233790713161	50.24343273730401		59.91180907728042		31.50701471347381		34.372438257667234	108.01696820933982	75.68125653793214	44.490556908214266	96.202963756883	64.00007142160288	21.520330866458867	52.553334987797854	37.34504163435345		15.761113869991046	14.415358320375772			107.84051036350225	86.36113252105895	50.643420116843714	25.600518823712925	29.893219141029064	63.612236935035135	1.0058817525587476		24.42831391385997		89.23914825227688			118.03105628029496	24.091024788890422		21.96527133192552	77.27663177710548
Pseudoflavonifractor phocaeensis	Pseudoflavonifractor	Ruminococcaceae	Clostridiales	Clostridia	Firmicutes	Bacteria	10.963840522675625	195.14622862779487	91.4558030917418	416.4578131448857	295.13255481329304		396.3466976432952	175.36971630804572	688.7344464976545	58.38849659718412		196.4224901223889	26.50670486652756	127.98182509233928	418.5076544712028	277.9284159699194	156.37536499843313	4.24996485569708	255.2163001365656	183.71868195247177	96.64602778519914	30.360022262308437	27.741330513531523	45.2450369738079		103.62934301333996	362.4503212262185	601.316985901881	616.188359708979	104.57423871723331	111.91529075086618	94.23709195743034	362.34087521322976	175.714474544138	314.33581859256657	62.07291059301944	529.83312912572	50.99014213757228	50.23383618989119	218.62728482430416	306.37986683283054	5.509478599119424		348.6856386413612	149.7457638120654	340.30459792303486	68.79425509474673		291.22841571180294	143.34097426190266	793.4410097592886	879.0875728737599	914.3080328664232	634.8678770002069	281.86921780491184		164.16471677846624	273.4350983224955	436.1617397657809	4.275137432925704	471.3731201624225	28.44624674917977	200.8133752081186	1.9916845298594303	155.14038972642797	606.9411582176824	404.5232856153051	220.6640951433499	706.6310262225195	227.91435637032475	178.7898656880233	290.43621399971187	171.19476919960417	31.18762721865837	87.70900036400656	53.13845508588236	102.73005981836518		913.9268395890874	415.6611527247505	119.49016111265534	102.36637444713332	85.91363660207959	651.9339225017799	3.8465033898024177		102.29235540754756		466.2357687252207		2.010812085473175	705.8752519990344	86.10879369894393		222.0663590465752	498.2163786369904
Pseudoramibacter alactolyticus	Pseudoramibacter	Eubacteriaceae	Clostridiales	Clostridia	Firmicutes	Bacteria															14.069034867922426																										17.0646751926185	1.0									15.046113768465109		25.08992938264172	30.07373530849937					23.01938082241959										10.048921104560176				24.125638706310635																							
Pseudoscardovia suis	Pseudoscardovia	Bifidobacteriaceae	Bifidobacteriales	Actinobacteria	Actinobacteria	Bacteria																																																																											13.05478772854044																					
Raoultibacter massiliensis	Raoultibacter	Eggerthellaceae	Eggerthellales	Coriobacteriia	Actinobacteria	Bacteria																																																				25.0787198403329																																												
Raoultibacter timonensis	Raoultibacter	Eggerthellaceae	Eggerthellales	Coriobacteriia	Actinobacteria	Bacteria																													12.542644747657414						20.86704746967623																25.49701918961092	19.945316126186157		15.114034961628622	31.297655754318704												25.24273052142752																													
Reyranella massiliensis	Reyranella		Rhodospirillales	Alphaproteobacteria	Proteobacteria	Bacteria																																																																9.001881399370362																																
Reyranella soli	Reyranella		Rhodospirillales	Alphaproteobacteria	Proteobacteria	Bacteria						13.35587761674718																																																										1.0092297117407498																																
Rhabdanaerobium thermarum	Rhabdanaerobium	Eubacteriaceae	Clostridiales	Clostridia	Firmicutes	Bacteria					11.28288777756102															17.450395297247372							19.768831230063867										14.279661008809072															15.552545892286751	15.134450326905585	14.05326802450106		1.1739130434782608													14.86548807675952											21.56178515719664									16.064386838589776			16.00014807486572				
Rhodopila globiformis	Rhodopila	Acetobacteraceae	Rhodospirillales	Alphaproteobacteria	Proteobacteria	Bacteria																																																																9.009994628481566																																
Rhodoplanes sp. Z2-YC6860	Rhodoplanes	Hyphomicrobiaceae	Rhizobiales	Alphaproteobacteria	Proteobacteria	Bacteria	46.14350180505416																																																													12.11610022326966		6.006666666666808																						60.046601941747575										
Rhodoplanes tepidamans	Rhodoplanes	Hyphomicrobiaceae	Rhizobiales	Alphaproteobacteria	Proteobacteria	Bacteria						51.36876006441224					15.029126213592232																																																					13.0144444444443																								33.17109929078014								
Rhodovastum atsumiense	Rhodovastum	Acetobacteraceae	Rhodospirillales	Alphaproteobacteria	Proteobacteria	Bacteria																																																																3.003439292801868																																
Rickettsia typhi	Rickettsia	Rickettsiaceae	Rickettsiales	Alphaproteobacteria	Proteobacteria	Bacteria	18.2427797833935																																																																																															
Robinsoniella peoriensis	Robinsoniella	Lachnospiraceae	Clostridiales	Clostridia	Firmicutes	Bacteria		339.5183466292424	146.86294284375597	184.6630064951899	77.28380404534232		190.14732433384825	211.22028209856015	65.66984903936981	75.54201341342439		298.9076353709441		157.78009519254752	415.0600343450223	111.21668770044852	57.14123333368287		306.49312434185714	118.14311090002636	108.4889169718792	26.18517647658447		54.85634391277556		71.38881852059849	125.83524449222033	193.4589923297079	374.50882254604073	201.28950441681545	170.56761317534233	44.78467556315572	689.6122818430398	369.2980401843077	40.35499406029715	92.52895315352932	685.6255902544199	73.43847119932288	178.35537929995965	127.0937507878714	229.78726340551825			147.38992168918375	340.05109327461383	413.2310791248193	92.68303286205835		276.76875442197394	175.0604348289924	192.3304530097571	292.45048806625675	550.7588339186065	409.3717087020918	176.72329098203446		178.3051747221734	329.09643695429435	212.60924594188756	2.0011276522564043	559.8787847874369		119.3159625368362		90.91562917254647	122.05774695683834	501.4438613872732	117.75201659555952	244.7203761736045	115.50865187072957	68.57926222836481	172.07301286605167	556.3840007062157	35.28959176192149	109.03028153649012	97.95772140483928	29.83304673041475		95.99552432842177	132.8778940437936	58.01792533266956	41.563070921219406	40.07841671548148	281.7718372195365			124.45837377283168		146.07958806562664		2.011156065099061	376.86355834326594	28.98095969331153		121.00014305173998	217.3803494335208
Romboutsia ilealis	Romboutsia	Peptostreptococcaceae	Clostridiales	Clostridia	Firmicutes	Bacteria		14.603319757344693	16.579565899344285		22.21871115865613		65.48693922362087		155.88166307955763	47.31496073984696		11.366463666456864		17.947808309406685	29.86698266024188	85.46266045864935			23.523680885863623	11.19550037065012	16.621581557907405						11.860070610623424	28.10317284471235	48.2966891264272	14.332245016143904	12.449789923263982	18.2561148867357	121.99072703924335	55.031141791632265	75.83051905111061	28.65856084455826	35.61230300317118		18.84771824150121	25.936675148100395	61.03888702700908	1.0000527165638773		132.6773670971317	41.00558941906276	14.066042768067872			382.6633166796371	26.295490796706595	51.22406737347494	10.432549246196714	338.98213789235643	270.7059879425802	24.41937811105075			17.896143658978605	168.89304069961602		50.98116902515909		43.412981881529845		39.29170062551404	60.70493587766427	79.23381310378109		50.37769226134807	116.92845079048416	70.01899500774186	54.83429683832577	14.427459948506256		22.126672529849472	14.674473914325944	16.257362711407698		199.91012484989224	34.495754405347995	44.96424977756213	13.99449438168371	33.856699757037546	65.54555723601271	2.8362391205031035				92.07441472213662			111.05700257404568			127.26738957304082	123.66058174385158
Romboutsia lituseburensis	Romboutsia	Peptostreptococcaceae	Clostridiales	Clostridia	Firmicutes	Bacteria																																	10.124267500257968																15.61800735325853				10.460839829694256	18.17608099833721					11.92552033474209																									11.256341257247565								14.224247459130533				
Romboutsia timonensis	Romboutsia	Peptostreptococcaceae	Clostridiales	Clostridia	Firmicutes	Bacteria		868.4156584764145	894.9799674150136	271.84425546602205	1290.6297299206262		1047.3749247406088	408.5447000619706	2786.893260671397	1161.4028479406536		380.6100578249749		1481.254486951197	637.8423736177881	2253.3218352351346	243.05749903694348	1.7093684021339812	474.40325620212207	316.25106391128605	1478.977769838003	72.90896043078523	84.1628136572529	731.6471803760916	98.9672309038432	116.77909238967716	369.6405258833892	741.284426489535	631.9173631390069	296.6114959615677	678.9617958816159	512.2219027575686	3886.8702629457366	1680.617853768156	2040.4911533611253	844.3253172908106	843.6352662461003	319.1444858979714	1156.1163853183723	822.5217199730065	1217.5099923146715	3.0040975442101407		3176.4817782421023	1316.9409478514049	206.019380585421	63.69577827706501	2.9459045160843176	10448.374409049398	472.6733797032159	657.1801210756221	154.24907878328148	8247.761023704496	7721.316184475198	501.3571732162176	1.727707871698855	108.86004248492743	475.3444919033295	4089.739908252503	13.699837539478215	1227.55030905758	121.21970552193233	841.0764044510371	2.0022222209410265	1238.0998324842146	2260.881696382065	1294.6083203857015	137.0323235905688	782.3057622557393	2440.904009917756	1321.398171493226	1058.095866475158	418.8412042559296	212.56847180813585	964.147598586242	541.3637219403117	388.4435649678199		3270.216325638889	826.2084101843585	1509.60182269335	399.1903090948943	991.594262224969	1098.2882138031696	32.183846768968074		325.5032160138754		1444.9116401076983			2454.3041112973096	151.98232692779598	1.2688748667463954	2568.807689649611	3398.2687961294937
Roseburia faecis	Roseburia	Lachnospiraceae	Clostridiales	Clostridia	Firmicutes	Bacteria															15.154798681371568																					10.761691791261391										12.19396988906088											11.105741020769106	18.010464507083725		1.1484002046443371																								32.46450196934924								13.371054377253373				
Roseburia hominis	Roseburia	Lachnospiraceae	Clostridiales	Clostridia	Firmicutes	Bacteria		930.90762939471	361.6978925581794	454.01479355788	96.25405905906176		242.83232812067564	574.3466513469859	525.804919396312	26.53798574128381		496.6067563016323	33.38008980733695	412.9325842810204	947.3630935503884	278.2095720121591	163.09102353960543		679.8399901872081	240.85762528742453	262.2535266395168	32.16348973554329		133.03159646787327	25.95268213565202	108.47890405238438	346.5089264111852	594.0724820136759	918.1221464898442	520.3663348196109	334.6423305126379	91.3469141537284	283.2873536263752	630.5295784368111	111.62681282683808	377.6072761374684	800.4176690217436	368.428011516969	553.592836852718	320.60082806331013	422.1121200934747	9.05340141802313		374.5979202858423	752.6758649876533	872.255450702901	216.7418139545816	5.96317538961957	255.09902117401535	142.9232907609666	732.512606765399	796.1723898809458	789.853679057234	782.6565902950508	366.7097196093093		433.7030831348111	895.0611016752711	481.18647740006605	9.155670093640438	775.2278755042365		194.0892441211293		169.0465605101284	179.27987256522303	872.9273421863371	415.1284918635074	698.5028162451295	185.27041020520736	139.05769314039983	410.9559939759825	739.2757034450615	105.13944655703844	322.44095230639164	185.49324537017645	71.52770385293749		456.21418953940656	397.84662035849095	98.29060865621432	105.13163732395768	35.85750265883454	1772.9750581882254			209.70709752112117		247.24407338762032		2.9821824798074124	1579.8675932640522	71.09821593526881		314.2418285132759	132.26781621538234
Roseburia intestinalis	Roseburia	Lachnospiraceae	Clostridiales	Clostridia	Firmicutes	Bacteria		390.9355918861467	152.83322160552683	216.30922874475968	74.37990573939554		81.28483882731578	233.996822555047	153.98413490146226	29.76899036725484		237.2118203424679	22.86475850024726	258.17558264540946	472.23133116524815	119.09134470785798	50.40349855587935		265.6382615099491	71.64171747184669	150.9669004223633	23.391382584886827		72.63981873001318	20.500005796162064	68.35760934191102	145.00663507585557	213.7742015400657	284.3337137577697	243.71824419132756	151.09342505813575	41.22066238951055	133.21123929571647	427.4056074783613	55.737470139834485	147.0322726502488	338.832198944002	112.9709442693289	255.1439595396145	115.27578182248274	240.5054915499415	4.333756735318105		130.60165540499682	317.6493019983949	368.1921569851368	99.20976107955804	3.148194212240909	90.18238782011562	55.6135749109067	294.95059315248403	336.5066708928853	221.0732361374701	304.5381559171078	102.99586330590466		166.53598536466308	357.9569724229049	174.99425666843467	3.972465948651604	334.9354118857848		75.45271029824077		72.78436463044082	123.21158459348788	371.19291244939086	135.11235094944206	245.1518470344275	118.35286329352998	36.36215358000098	149.12752543294323	358.8645851827752	58.4252693395447	157.2935901826463	102.48350736170336	28.720884258384405		158.87552888273603	116.05185814902768	62.59089826489936	54.01879258298397	18.648623824740884	529.4799567105978			111.87964333508287		110.65315297225315			419.7519318899948	24.7739686305668		107.37762168555044	68.65488074709369
Roseburia inulinivorans	Roseburia	Lachnospiraceae	Clostridiales	Clostridia	Firmicutes	Bacteria		64.22077289667737	46.79100277301837	45.33018031265735			14.725851540744928	83.18891932053197	49.23787298429273			64.58546086729775		75.05395160133574	70.09431538811086				47.09125269793601	18.87863242119976	42.908751500425645			16.09349749154658			15.405338119247393	56.442063499678206	83.27268109781913	25.15205069430268	68.32542950497569			64.07992064784042		31.785878328257542	46.80916227375919	42.23057974384583	107.54081749503892	41.55074169549144	21.80816442339742			17.686158092192432	71.5073640281721	82.72806304930553	23.81392691643793			29.204116897733563	52.261106368922746	23.18618617866856	50.87957780830271	46.03393363537241	29.410855943174468		47.49547454412077	139.56924994825854	33.70010493152414		50.663508602831456		17.002006072587555		17.382679376102917		39.89082026410988	13.430825098049723	53.987191235518246			42.061175184933504	90.29772174295856	17.78585449450649	32.71546649285062	17.334743417709994			36.024646484446535	18.62776842704198		13.800626385610432		515.8504154806965								308.9217012343955			20.464254318202368	
Roseimaritima ulvae	Roseimaritima	Pirellulaceae	Pirellulales	Planctomycetia	Planctomycetes	Bacteria				54.16377092152205	28.70672853037497				63.98084773583269	25.239646870256728		31.11894633234907				18.20787338741854												24.403116504417795	16.736552946337518				87.95063783478382		92.0849609176879		66.45768839950397				22.352945116983783			91.91515968829876					125.9246572615597			96.81497007857934	39.140320144337686	29.496618261265727	31.303564781675018				38.129603143418464							50.44729135724186			53.61315811484534	61.054646951748616									103.9925044634203	31.07842577153543	33.3278679624301			44.90530708241671					67.9938970411439			47.131935942620416			29.216746370378857	43.162920886608845
Roseisolibacter agri	Roseisolibacter	Gemmatimonadaceae	Gemmatimonadales	Gemmatimonadetes	Gemmatimonadetes	Bacteria																																																																2.002222222222222																																
Ruminiclostridium cellobioparum	Ruminiclostridium	Hungateiclostridiaceae	Clostridiales	Clostridia	Firmicutes	Bacteria		41.27036537589378		41.035075112723206	18.321592652453123		27.112843292212236	17.228034060375546	48.30856026696487			26.81611925382777		13.669990995869002	26.80104858103293		24.18177171702015		39.66289982875728							17.348907653956953	68.85638604217705	89.36077627333648	30.269014368153027	15.168141308685334			22.98472604826664	20.043257778725145	22.579090132154302		32.39336366067774			20.06576054934295	22.066458898588355			22.13789089257932	23.389288461058577	64.96474952777044	19.94207838056244		33.843398229174625	14.309754816761096	24.23037479555497	15.569334025216172	44.75263595904504	37.3117861205302	29.58346212991372				28.870281119698088		61.85824695275443		13.282791604285622		17.44930452310488	29.16494876297161	58.43491863334331	37.5419576056772	15.76756041888825	45.12376024026587		31.31065485407959							34.046693280418474	36.992012604023984		15.17779176064298		92.2802148495731					38.16226343420868			52.86120424265302			28.581298780563834	30.58352120585811
Ruminiclostridium cellulolyticum	Ruminiclostridium	Hungateiclostridiaceae	Clostridiales	Clostridia	Firmicutes	Bacteria		17.107034828014413		11.185445986260866			12.261707492261188	13.297241306564985				13.18193154142742			26.300040466062622				28.16316515692296		13.12834266494568						10.749964835365397	18.54937516887458	17.58591426893221	16.271410458471887				21.38820933594656						21.09195291221159				16.781827583178742	18.32730671587616	15.434566121656438					25.243430463039925	15.086683182003116	46.95026009881059	54.32966859365504					62.82716101871642		33.22858305437768		11.470537442521916				33.343551226130614	11.769154910943708	10.385424161173429						15.118118245053836					12.682525402526622				10.630353771688076					11.878340172817891			17.324218256634317			34.79776218084425	
Ruminococcaceae bacterium CPB6		Ruminococcaceae	Clostridiales	Clostridia	Firmicutes	Bacteria		16.497575964731734		158.61621523585995	45.42076407894282		61.82415373829325	26.81358392599764	81.6150472106403			26.008222168043883			42.997388051763096	43.05668025826903	25.755149309021977		37.32933574122413	33.03587897224897	72.96190882252418			32.2888067119385		17.255968109566346	35.75774226310237	130.94933246508413	84.5246827185692	12.206914191579555	28.8247013658945	21.371551413637363	116.7010177913928	21.48294578685416	52.14296907114006	61.58547334419309	55.89475701641931			109.77636285448384	413.78527345125184			167.47114199148888	23.5991616758712	45.21763307543729		1.05	33.428030295673	26.872943362802083	212.91026633587455	66.49069834071916	175.9177995018542	115.94360747125278	140.60392082412366			30.19360526277285	87.3289464792897	1.010919024460222	55.93086238154607		29.83463951459373		106.81031879295024	69.06035342069178	64.29795438680195	49.06216025332432	77.7484729876282	37.71316359071236	68.94386970096993	55.739124618042176	26.787443618116992		51.12543387941003		13.300545517867556		76.45621494027272	68.96497546668081	36.70532693455166	10.55966549287796	16.000868004557923	91.2359801486078	3.01792531158061				58.28254304589199			67.62033237096365	14.398041543543616		75.4722484533712	51.55672820497672
Ruminococcus albus	Ruminococcus	Ruminococcaceae	Clostridiales	Clostridia	Firmicutes	Bacteria		378.5830711290211	83.57979694233892	102.24599052304248	31.14046097498003		126.5289954066173	96.37638999436604	134.57814832352344	21.14356161839809		126.26660656477978		87.40241245428729	184.0092095769353	103.70953421943996	29.528402298348382		520.5926065235536	47.9482789358104	23.91265748369308					22.348386943363256	101.18216832652604	148.94571982743727	193.36194664701551	211.1347696485556	23.37164842509533	22.371335976314672	75.42255886843611	149.91855628431748	56.537753191886026	82.3799525493982	248.80433525897604	96.92088459328914	198.81360261169587	137.05528602504324	84.31545003646045			80.57518228934319	350.35896325805385	139.6167092965875	31.813525174159235		52.933837990887945	92.6935710784854	63.09015703434	69.00198013128097	155.86604393026815	135.55997011452845	84.1224834512084		170.49599687608762	458.5167554632637	104.16605732946526	2.020273068167864	447.0773045183439		56.15234993407039		19.453776817354484	31.051995975473574	604.2134398926394	108.45927456819098	193.61482574689745	146.05878943455073	45.45057957423846	51.52091440804703	21.104842569964944	28.001390930523	89.74969646837388	66.78505428507367	24.43545959694297		141.33967525551796	393.8450518043357	23.834602695153745	11.52946767834067	12.220071065183628	466.90569612628144			19.911281259657475		185.1348100587418			341.3349148027592	99.97642460891402		81.726195831728	61.61211629381874
Ruminococcus bicirculans	Ruminococcus	Ruminococcaceae	Clostridiales	Clostridia	Firmicutes	Bacteria		788.5170509502298	149.91220199745234	102.2601247562066	44.44213144004869		149.2761423334834	150.73651717976583	182.9057780209784	12.953069357139077		166.80299544753254		147.74175698748132	304.8696941027628	161.4339239198653	55.75676538410395		1165.2929973296516	77.63310964524447	27.798035740771457			12.98498629146865		20.77310737562229	101.68563137009052	175.28015456605462	395.1788167051597	342.6675416423969	24.08075655628661	34.38838066790216	69.30081244971045	255.21498639685717	72.9863375403851	86.32987232654777	400.92936142381	107.37910832571414	324.9136099985316	217.1149915314834	132.50348405003086	2.9858474288622574		61.13387190653713	600.773031971859	173.1772132404712	57.17921750236287		18.082357972962196	88.97925477533897	56.56468652337471	95.221785480983	284.7640817565765	221.94844759069537	141.77980573295378		351.5139738580298	964.1537414808408	211.37245980064847	2.064105933837319	861.1295127653829		71.71236221665413		19.979683886520213	36.78648682423824	1195.3884015780247	102.07888039479693	319.8354409243097	70.6340993964773	52.67812325648561	61.97202070146787	18.02534834858561	39.54009274797227	147.53427017896283	83.88264389533231	21.60361465005449		231.8760478185992	431.09740785661137		17.974406393049765	12.851939996347006	659.8004067269131			38.00393483516388		205.2134687455975			675.275541735382	102.9543406291526	1.1166666666666667	150.1881252074262	72.32845446146902
Ruminococcus bromii	Ruminococcus	Ruminococcaceae	Clostridiales	Clostridia	Firmicutes	Bacteria		100.94845856665076	101.359005773144	249.3203228225049	370.2638857002484		81.4902599081214	17.098410302658483	19.0664307902821	14.132018960840291		24.09283052040547		45.34865077141146	53.2871372581264	24.28149447115723	16.541640043686897	1.0625	78.26471890268515	38.29847625955757	1430.0480762077818			808.4517365242706	41.60193309080344	130.02473612971792		240.98887013522364	49.2046919624347	86.43335755599503	863.800311258437	15.315177056243268	56.185309758433895	47.2108483942614	35.807812458754846	3931.8258168623215	40.128322828741	71.11055271616588	126.86200713948548	2390.6340423666807	3443.913239939579	2.0		19.10946147630105	108.03177923322308			1.05	37.9520380722188		3500.1948470845605	21.07810031595577	447.1004740210514	413.602282313428	939.8073045667248		59.4877117649333	164.23344858913092	387.2855897598975	24.887199622465356	100.19475882866288		17.155470159939245		931.094138106298	306.0757721930477	92.35250031466902		24.117615971972608		1359.1459514489534	44.12852832964632	65.34102733472322	34.9515707333334	1987.469143302873	14.13901571457308	13.393996414441872						20.249672359779463	24.05599479936436			10.335902320264454		49.332030966812525			37.63301004925008			408.15154744523255	10.10132835092101
Ruminococcus callidus	Ruminococcus	Ruminococcaceae	Clostridiales	Clostridia	Firmicutes	Bacteria		136.55333401239614	57.454064950934985					96.71134785997349	25.31971600484754			34.08887069160074		27.25940964647497	30.52644119487152	23.835067826875843			73.55003521717255		23.09898244269931							37.65260528130336	34.143864555133085	159.9061618619479			26.096015777657176	72.44227444309865		31.995007982600367	32.873434279675955	30.577316496747137	128.99074287867865	27.95060320820457	43.38300965332977			13.07489872019458	193.0129063684037	30.237079218803203			16.043566591421957	21.024583206894704	12.038007650912068		26.08952795116102	29.07067300045448			54.22113022140597	172.81481285347215	31.84468459686422	2.022214210822135	64.20213562476586		19.190669756331104				68.59895865462745		34.17046170333279	47.78692505258586		17.11342239875851		18.40268399155285	24.234450148434025	43.469239219002			45.151095671156334	36.26429630598312				29.69916400330084					44.278197147988855			57.371409397867545			24.179369027904183	21.60414554380563
Ruminococcus champanellensis	Ruminococcus	Ruminococcaceae	Clostridiales	Clostridia	Firmicutes	Bacteria	19.315884476534293	3106.823715920724	1386.8766491360118	626.4763756557552	231.3751241631345		941.9187970732715	763.3549903589095	2940.198897684161	396.4413661068937		807.4541073122305	13.32263241852077	856.5166641720037	1230.5136134189652	1316.1752404262395	316.39333681164254		4076.018103522181	620.8136518325447	214.8192940208367	62.83503051890412		121.16174048740382	26.778727512963638	125.82687460371942	401.56072691234607	1162.3308847978608	2200.077435183668	1629.9974695984247	47.27315335500533	252.20777588353485	1615.860351162684	1301.4797349404623	214.41128183741824	506.6331995868826	2992.1700748770813	503.5172177885514	1739.2720673906313	949.763719344452	1517.8366140563626	4.628753214958396		387.9276643527482	3042.940662846574	782.6866267468031	314.86679897605853		615.310539058521	601.79741096883	399.9542587031598	402.9774726806242	1592.0939309564556	2079.8433484742764	944.9095742991829		1279.7986408721688	4340.408037737877	2805.6112345453425	9.054809021672597	3238.641894259671		456.3988468809168	1.001111111111111	75.16181992017043	306.4039021545859	3197.361828398421	271.66076730848687	3600.038511712964	1864.137096598753	327.96958847791626	327.886001193453	35.35543655293315	378.7216903557517	492.4865123595332	448.0826587133068	161.63052466854813	3.142857142857143	6021.233072389758	1995.313867735733	139.9942305832621	59.833024416287785	271.62908328326813	2349.900460857501	2.956003576658906		183.84918216410125		1538.413693820958		1.005586592178771	3711.6879282624222	603.0693252479235	1.1166666666666667	1747.2340063106844	3069.194421863614
Ruminococcus flavefaciens	Ruminococcus	Ruminococcaceae	Clostridiales	Clostridia	Firmicutes	Bacteria		19.033448309393684										11.752322991571894			13.740704688753707				13.984509149582925									13.84426181549459	13.91859696482953	16.043264933794614							10.621326005083793		11.117394485193032						60.08780482213199	13.59738736955912											18.53226480180861	57.04438176509889									19.05985110373793			17.739886879210015										15.63483241850028				16.446455461399093								12.344849027297112				
Ruminococcus gauvreauii	Ruminococcus	Ruminococcaceae	Clostridiales	Clostridia	Firmicutes	Bacteria																																																																																					1.0044910179640718											
Ruminococcus sp. JE7A12	Ruminococcus	Ruminococcaceae	Clostridiales	Clostridia	Firmicutes	Bacteria		163.59814420864436	120.1921107471906	421.8253327891034	512.9275819397153		231.51313165585955	78.09536876465509	202.9563359109416	52.25032316457573		143.67561153623453		60.13291943186837	125.09295230706329	127.91542855064164	68.60819021142626	2.1248805010232843	277.2480173568592	70.95014231895142	670.276835121247		25.2434960254628	801.0697263610899		166.4683049757132	189.25748949955275	425.03939079944826	198.39484060715412	127.50619838779474	413.3855759178316	46.2568199981533	133.75570578779815	184.5935164146169	171.64785263141246	2969.191929304964	187.2144381562176	55.32397891375468	87.82517974652244	2216.582783896156	2864.697759666551	4.988035442150181		152.45727225085886	139.63229922328372	128.07847287524248	39.29626604888672		184.40189225144772	60.42394016568159	2611.0654069803945	157.08369047359562	533.7422183190246	563.4539487266879	1122.6170017961872		87.35734500281043	249.86337135149083	490.00293306026686	32.43137652924546	178.30311974266573	14.135450260481331	90.47300082879616	8.00888983775852	1607.833226399736	582.2176316543524	357.38305306861065	160.7812865416238	122.72508832743998	81.06394948928222	892.5976063104615	154.6399775494851	96.78002247633027	35.87024792037201	1970.395461252264	61.09681676238332	52.05576003867331		177.50556706244677	138.8342666182125	41.162832872753135	29.9883875749476	60.99152270549917	276.61710816140686	3.387351793247689		28.63199754437136		277.4008659784111			155.86427276902876	26.338480721527908		504.726797054145	102.83291295333755
Ruthenibacterium lactatiformans	Ruthenibacterium	Ruminococcaceae	Clostridiales	Clostridia	Firmicutes	Bacteria		37.277298728526056		15.740561468775898			15.26802655112328		18.186285187206845			11.258747579854951			19.12034387438792	13.317885589421168			15.366053486024708	12.77639402788042							14.193255631560357	19.91898956242186	19.621050250584307	10.459418564498137			26.2055925373417	10.240919906656927			22.69888540668964		12.231909889141711		10.986615745569956			25.989175381672723	20.68295070856447	11.52269392691449					13.634999154664996	18.99326122596492	13.59655139006122	22.47566590122449	12.547614185357686			25.213155063966585	17.69236846465982		17.499382630882458		13.340473364598097	1.7315626650970417		13.820695861654148		11.865941595957503	24.08482471388347	17.995278834751588		12.982589710146074							18.508407799405745	14.486971371833649				21.44771909455535					20.546849838691006			14.938514144952968				22.35541337344387
Saccharofermentans acetigenes	Saccharofermentans	Hungateiclostridiaceae	Clostridiales	Clostridia	Firmicutes	Bacteria					10.03800875410768		13.563592461267111		12.610980065996944						16.425687929498544	13.73871181899356											22.52817519508964	16.096763653672802	12.04563345617557						11.21907730915497									13.991317522154516		15.967685440130849						16.126750620929844	13.582253887550454	14.775358000633904					12.986836481050252							13.994954718278306	16.202554635390033	15.941274363273648	10.741964359858322	16.66000287247898									28.265572389827305	26.77125923218433				24.236684548213123					10.638954627499896			18.177650825595983				11.452168655790883
Salimesophilobacter vulgaris	Salimesophilobacter	Clostridiaceae	Clostridiales	Clostridia	Firmicutes	Bacteria				24.656898635473397			23.63609624694894		30.344994437040285											14.164904201310597							30.89049893185872	17.919731551328614	24.782351754269914			14.71358803740518	25.9912352671866				19.706950535676075				14.636145266483854			32.47524789568279		25.46840137184549			19.0697061719943			40.76458685658202	34.34013054121356	15.483403623867044							16.543638221381375					17.12618925871483	26.87393429577733	16.547015613376853	18.00957307555759	16.501601168772353		18.761790738040183	18.628895706172106						32.29446700576005	38.31661805789616				72.57466873691298					19.611064779499355			35.09821363834153				11.654072270407315
Schwartzia succinivorans	Schwartzia	Selenomonadaceae	Selenomonadales	Negativicutes	Firmicutes	Bacteria																																																																																												18.03532715628739				
Sediminibacterium aquarii	Sediminibacterium	Chitinophagaceae	Chitinophagales	Chitinophagia	Bacteroidetes	Bacteria						24.65700715758559																																																																																		19.26067784195504								
Sediminibacterium lactis	Sediminibacterium	Chitinophagaceae	Chitinophagales	Chitinophagia	Bacteroidetes	Bacteria	150.23465703971118					243.487922705314					30.058252427184467																																47.98914858096828																			197.8963036467378		57.06333333333334														2.095238095238095								44.4789644012945		197.9565594170336								
Sediminibacterium magnilacihabitans	Sediminibacterium	Chitinophagaceae	Chitinophagales	Chitinophagia	Bacteroidetes	Bacteria																																																																																								34.24113561842737								
Sediminibacterium roseum	Sediminibacterium	Chitinophagaceae	Chitinophagales	Chitinophagia	Bacteroidetes	Bacteria																																											29.01669449081803																			62.59985115355991		2.002222222222222																						32.24724919093851										
Sediminibacterium salmoneum	Sediminibacterium	Chitinophagaceae	Chitinophagales	Chitinophagia	Bacteroidetes	Bacteria						39.04025532228559																																																																																		70.62230088144922								
Selenomonas bovis	Selenomonas	Selenomonadaceae	Selenomonadales	Negativicutes	Firmicutes	Bacteria																																																																									18.791283012544387																							
Selenomonas lacticifex	Selenomonas	Selenomonadaceae	Selenomonadales	Negativicutes	Firmicutes	Bacteria															32.51974118556987																																							28.46301012172982					19.674780551021883										17.30997847030394																											
Selenomonas ruminantium	Selenomonas	Selenomonadaceae	Selenomonadales	Negativicutes	Firmicutes	Bacteria		15.322171091444746													45.955970423867385						14.815491728261168															21.760959710619463			15.065302156749349	12.961564168727335	23.91487700020364					11.320568536661058								34.640451209956325				16.898158626037443	40.07500538327788		10.536496011200931								32.45426940511743				16.557898644409114																							
Sharpea azabuensis	Sharpea	Lactobacillaceae	Lactobacillales	Bacilli	Firmicutes	Bacteria	13.950361010830326	24.06771476241505	25.180205672834024				41.24815624841056	128.66085899944932				64.24505474594325		40.212323064113264	362.95369702433794	63.730558703089365			43.193411615494846		201.16942811158452			56.10350588016952	14.017260702850791				28.116966829889066	15.252035328419243	127.27819803329184	14.295427292478466			15.141304347826086	281.2788209468809	31.191725926356423	15.115657761245258	56.23546269231706	68.92504420183747	185.0560017201477			50.28805651574394	29.088641800461264	558.2631440864382	35.60255170818764		77.98755759868823		46.14569536462262		100.35979524188797	358.4642957450226			53.439937840517	123.921464278647	326.70511531532514	6.894564393936011	198.5487685546821		98.17416928002142		77.7272932461283		83.45260859010524		347.893973401665		73.62209280422661		140.4894042626632	25.21798215921292	134.74593044841734	25.248132476623308	10.29655870445344										46.81619537954235		10.063227889456892						162.9046460102445	
Slackia piriformis	Slackia	Eggerthellaceae	Eggerthellales	Coriobacteriia	Actinobacteria	Bacteria		18.35898018892415					17.28604594918454							17.007749435299065	23.5458384712828																			20.927191503621007																											25.73704639638966						14.856814808839998																	28.27163747987889												
Solibacillus silvestris	Solibacillus	Planococcaceae	Bacillales	Bacilli	Firmicutes	Bacteria			25.826917026810836																																																																																													
Solobacterium moorei	Solobacterium	Erysipelotrichaceae	Erysipelotrichales	Erysipelotrichia	Firmicutes	Bacteria		25.07030981926377	15.10812337588973											19.105485207977285	19.10293601869681				41.31422995852312		16.92421136959233						18.07459064129707	13.058164041673331	18.090525528712966	36.18141703855989	29.095354565602737		16.146282337005395	18.109753926934683		16.632595991003974	14.523278342244716		20.08415981236504	16.08166150994485	17.06556357302812				41.18299354340973	20.569084747010635					32.101353296861504	29.107852848514863	25.08994873140177	22.05406567753541			14.11597100724819	31.088396889397547	20.06821218074641		70.0502015057209						96.78404626558029	19.136129447753984					51.26698531922234		27.221047851272235					12.079242522756829									21.13277856785948		1.005586592178771					
Sphaerochaeta associata	Sphaerochaeta	Spirochaetaceae	Spirochaetales	Spirochaetia	Spirochaetes	Bacteria																													19.80426101226387											12.567394815897575	10.434781620493805												20.080850845516647		24.18730191406372				15.725843236633782																																					
Sphaerochaeta coccoides	Sphaerochaeta	Spirochaetaceae	Spirochaetales	Spirochaetia	Spirochaetes	Bacteria		10.296938069949276	17.90950879428625	17.722323370524585	20.070254927746703		18.19451845239494								20.424065396393782		21.661541508870293		18.710214135696503	19.5325320787322							15.524126078769598	43.74234765199873	34.27521339688054		22.33982574330341		18.55399007788725				33.13554949227355			39.16006982188337	33.80140035001757			13.880147630378602	22.65446818646312	27.190566765836568					12.041572478598573		25.04497670553645	25.678458780096747	34.56664615221013			18.955577185625547	16.511643356838587		12.04542317464002				12.040989955665376	30.091686003764117	20.06110884890102	18.971430737687896	12.366414433321795	29.793440460634663	12.11093173366587	23.361316683495527					13.681851766971375							18.22398204911803					11.001387131665592			12.021380910825288				
Sphaerochaeta globosa	Sphaerochaeta	Spirochaetaceae	Spirochaetales	Spirochaetia	Spirochaetes	Bacteria		23.81933876660226	31.843091673567194											13.622141029966174			12.770164364792906			13.496396693480746							15.082380646128696		29.23506043439597	22.56888914878929	16.321048425867872						26.732985799461456			58.92263747897592	15.176701720364113			15.271705344560624	48.19969240914381	16.884472866986094				17.343519610411803			12.29337847077062		29.1499776408744			25.399607407258973			18.29116996177508										22.883558179998																									
Sphaerochaeta pleomorpha	Sphaerochaeta	Spirochaetaceae	Spirochaetales	Spirochaetia	Spirochaetes	Bacteria		51.42996490623395	49.90874762831499	19.468452538534805			65.25768325244421		19.066430790232484			30.115114624444608		29.60610626375914	46.93891937756241	40.84854979613071	63.60180858233017		21.46970364777539	47.74907342099608	36.15898830703977			21.138019874861985			25.622057174740068	51.6811262306369	101.70106978618684	31.703213099101514	67.50342825344882	27.56975293960645	44.76574186370234	30.087901416363884	65.28355090289247	44.236670905569625	108.00926194667244	26.200473452823807	37.48683492094563	193.90847431743936	142.39148670927193			50.30331351721747	61.67804608076548	45.4986734167179	23.39538912579957			44.92221777104068	44.13579576146192		69.03339321768017	57.52684826903933	97.74245369568064		29.24022565787125	24.84156808386873	61.00068746599533		33.83658207342815		32.29264448437633		38.50503601277549		41.21012947037762	47.502379214301385	54.76955724511311	19.66174703449555	42.34373897571461	31.875240067912912	19.09946511892569		20.483575600965263		16.178168477948386		24.080581802742152	28.18489921968931				32.87927038573949					43.34001648701795			35.11144049840611			68.52048897740671	
Sphingomonas echinoides	Sphingomonas	Sphingomonadaceae	Sphingomonadales	Alphaproteobacteria	Proteobacteria	Bacteria						54.450885668276975																																					31.248747924053188																																																					
Sphingomonas gotjawalisoli	Sphingomonas	Sphingomonadaceae	Sphingomonadales	Alphaproteobacteria	Proteobacteria	Bacteria																																																																2.002894908778151																																
Sphingomonas leidyi	Sphingomonas	Sphingomonadaceae	Sphingomonadales	Alphaproteobacteria	Proteobacteria	Bacteria						19.52012882447665																																																								19.183825353510297		14.015555555555554																																
Sphingomonas sanxanigenens	Sphingomonas	Sphingomonadaceae	Sphingomonadales	Alphaproteobacteria	Proteobacteria	Bacteria																																																																5.368518885984128																																
Sphingomonas sp. AAP5	Sphingomonas	Sphingomonadaceae	Sphingomonadales	Alphaproteobacteria	Proteobacteria	Bacteria																																											33.48080132469474																																																					
Sphingomonas zeicaulis	Sphingomonas	Sphingomonadaceae	Sphingomonadales	Alphaproteobacteria	Proteobacteria	Bacteria																																																																1.6385862052377218																																
Sporobacter termitidis	Sporobacter	Ruminococcaceae	Clostridiales	Clostridia	Firmicutes	Bacteria	24.830296931881666	405.2807372031359	246.14268774486888	658.594580027916	875.6185983465517		1113.0194795473212	398.3735917526956	1684.881988858325	124.82473893003566		455.25865616831095	52.995682651571066	335.3059151641141	909.253130084983	893.4713011822092	394.1039698512822	1.0670574971227893	830.4836737586038	414.89774888606894	266.53052228458546	75.5096393066127	14.24137588845267	127.50236716740343	18.188719465042173	181.77842925736564	823.0443148531346	979.8177451560013	1354.1453024594755	340.6191484748342	203.54322405688927	265.8354594489119	688.3851718548449	533.1871767620033	782.1480862016537	126.22902011043874	1324.2674500495064	77.49406529693326	126.0845381984896	459.3040331731116	666.7059543352813	5.041002781802609		1036.40386182813	472.3473131628057	943.0492142323398	159.19388829436238	2.100020409864697	452.714431859092	364.27965380377424	1264.2204327564775	1973.9008419606373	2360.0723671738588	1582.752092511425	747.3959443497184		383.3547225358855	724.0786979841565	1263.3893862173393	10.47977110759738	1108.2983286856854	58.63731368240201	578.0129796999512	14.088789217380484	360.27102689543085	1666.4296653028018	1089.3147096916025	579.3876834868281	1707.7290384001876	675.2036376531782	304.61187085207507	576.9292899513656	361.52942389895577	83.59855052180612	194.89600793159863	135.14113657351697	273.9325278123508	2.095238095238095	2354.1956123954496	1119.3199509073947	290.5332717810658	162.57048766907505	263.64434512510314	1564.9049120618545	8.098349703705006	50.305482148976346	256.70014960367		1350.8429197254193		7.713361736903995	2183.674822068833	257.9189882151988	4.375686141481435	680.9930946636531	1181.442529326056
Staphylococcus sciuri	Staphylococcus	Staphylococcaceae	Bacillales	Bacilli	Firmicutes	Bacteria		35.098986552286235	148.02577468107592									17.052864184614027		164.6760636896732		169.77060602979537					50.25928039259395			34.24357379351884										27.12986077745975			161.31211457115165		162.55068019370808					186.98251944109555			22.58759876003318						232.0151884662149	32.06386454515347	15.76009357285283			46.34021373376338			37.12328112719525				37.205527826797656		125.23406329675564		39.21115149999671					50.936783631766026	14.06965954788718	38.377159948602											76.17708801806602		116.8727594759091							
Staphylococcus stepanovicii	Staphylococcus	Staphylococcaceae	Bacillales	Bacilli	Firmicutes	Bacteria			49.0413192768405											52.27469323422764		59.53104762416705					11.099852130304434																67.58094522258958		42.06795909670152					80.74836366360914									113.57740698301978		10.494509092997106			11.926400877599756			17.026509762536747				18.895210701013767		56.50998465377701							11.217107303078174													26.04976865455589		52.47722105280197							
Staphylococcus warneri	Staphylococcus	Staphylococcaceae	Bacillales	Bacilli	Firmicutes	Bacteria																																											21.204507512520863																																																					
Sterolibacteriaceae bacterium M52		Sterolibacteriaceae	Nitrosomonadales	Betaproteobacteria	Proteobacteria	Bacteria						17.465378421900162					20.038834950962823																																20.08848080133556																					31.03444263677589																					1.0044910179640718	16.679611650485434		55.50009402121722								
Streptococcus agalactiae	Streptococcus	Streptococcaceae	Lactobacillales	Bacilli	Firmicutes	Bacteria		144.71684330539557	89.67603757955757	112.39492099684988	106.11061194198469		54.95352478017382	145.38616000282346	62.790777229834696	20.824165051259367		145.53920643081722		106.11216990244948	76.5029753489086	93.88925335275914	42.66184405587368		141.77597718447845	79.37964818965841	111.39023557008164			67.19034000075462		54.22581237336144	265.7702279370829	45.88430255652592	50.72417434087585	66.80193488634085	154.3732984488679	39.170813299337325	121.86824850393246	77.92712239136809	73.67443058542656	89.74914790404996	108.2006538617538	58.69951320006722	153.0925947776937	104.83482706386305	136.7161625567391			87.18863449012153	132.101208674134	93.08250480639924	42.943436610361246		26.76653306290132		91.8654339407662		42.61923636556035	129.19459282393444			52.9175922393451	150.3570592734198	57.35774357933248		169.10446120958724		75.11076734689921		61.29719858203703	42.2221274586303	133.06906969060245		137.38172409255466	18.646048459199733	80.85159380476088	102.102792500421	41.62709358751038	24.543573412483493	94.95879345066098	58.566364401242986	29.30724984412142		41.62001368136743	16.95614504125447	21.657344037508334	14.233936277150647	29.99803067321341	47.31809309264473	1.8508849030393904		69.43168916297762		34.34900701899782							28.150325320728925
Streptococcus alactolyticus	Streptococcus	Streptococcaceae	Lactobacillales	Bacilli	Firmicutes	Bacteria	35.41245487364621	16257.964527778227	12094.882753130863	8043.892398097125	7332.872535039798		2632.7222204936734	18328.715150798784	2605.27861243086	393.32087538018766		21941.88586780486		10581.94376723482	4107.254839360853	5288.90217877488	1459.3496545565863	2.125	10434.735486681782	5377.72550939373	28803.71709650836	283.892694482286	853.2153741147872	21896.84121223333	2303.860161847678	4899.770913550055	14937.712328880189	2328.9920896403287	2688.487692830063	8528.427695410464	28351.243024274903	2660.4018487339795	8234.785145120994	4507.339224763535	2953.887174784795	13888.152579995642	5383.616075874605	12118.87116626665	22839.94468778641	12114.287519523115	10249.117338679898	12.205450154420973	78.12186978297163	2760.344660495116	14434.532319189488	4252.003160197879	3014.202917379996	7.350827507133942	1073.844208754894	280.5294833759168	8701.95795451044	251.3471972018745	770.0076948540473	5786.4638040123245	123.86858209500592	8.217391304789833	4280.8508111971405	29660.73177515133	1705.204353341869	4.042554432638722	7885.24212570577	344.2991813455304	4621.9091492470525	17.01888888888889	3173.1780410058677	1719.201236219472	6702.681431201295	149.46787159699284	6424.10345731139	639.5580241268768	7885.356666082484	4899.315616213103	2158.7772176351946	3851.826160453221	12861.58026710302	5815.337949876853	1688.0368959432103	6.285714285714286	1249.2096806611078	210.4980591441655	642.4860327717262	485.7456039640637	1107.9503390852587	1225.905831704826	186.0297528644655	194.59546925566343	6293.852882500259		812.7818882367469		5.027932960974118	185.93408287523215		3.35	439.3031539403538	632.4938113009766
Streptococcus australis	Streptococcus	Streptococcaceae	Lactobacillales	Bacilli	Firmicutes	Bacteria		25.661072704199444		16.846750074545128				11.250949585493393				18.61817626345185		13.883493567207044	12.859621390299818	19.87024696906474			10.908837381402671	13.201674732929911	13.740246803738945						18.25031798264242				15.233801681997065			33.7910512950633			16.108643056255886		14.06352884597979	20.741638896547915	24.110640290035825				17.448547768780273	11.439276395327532							19.524007222576262	23.39407223026828				29.57190315141469			24.369725458411555						16.788113659745086		22.84092889884232						19.869855895226824																					
Streptococcus azizii	Streptococcus	Streptococcaceae	Lactobacillales	Bacilli	Firmicutes	Bacteria		14.87116854478072			12.565324289177			15.37819951396642				12.397189626349345				12.987124070676176			20.356650550871446								29.308644005539872				15.480942543866188			14.566795205389392					13.147590821468416	12.27697697971118					20.976843617895707	16.25301250790935								16.855168711681106				17.450236273523			17.267072088653897						16.86784916196017		12.346334868754557						15.015267913965223																					
Streptococcus caballi	Streptococcus	Streptococcaceae	Lactobacillales	Bacilli	Firmicutes	Bacteria								31.020296634745527				27.00395350673039		24.744788285978437	42.226008755739365	30.14782819215917	21.40736511933692		12.050242444974394	27.263375277464554	12.857939964183617									11.058319354835254	36.1818204290288			35.156994254387776						18.10868966433067					31.111687221619835	61.37595640672395	16.275081237145567						16.05756730974562	27.0683337717474				34.111186406329296			119.16231105839285				11.977489842741171		25.105150052584968		15.05280870474044				87.45618694850099		63.30931756379152																					
Streptococcus castoreus	Streptococcus	Streptococcaceae	Lactobacillales	Bacilli	Firmicutes	Bacteria																					14.52167030132202																																																																											
Streptococcus constellatus	Streptococcus	Streptococcaceae	Lactobacillales	Bacilli	Firmicutes	Bacteria		26.56318257894333		19.272527731003983	18.02764479215715		15.058360688522988	16.091866537703467	19.564341686947568			25.391960185210305		19.34049762465612		12.039481645080857			13.974401915735058	13.105025403404245	24.61264290993308						41.53886536559345	16.156449240556505		17.101959240788688	16.856047902338258		19.612029097991503			20.440833759303047	19.75512651733745			24.803810984459098	26.8361460233014				13.601815944742128						19.11020014033119			12.64121879839376				17.459043641090773			20.34465314384985								13.112496284542717		16.41405558932791	11.971136390477948																								
Streptococcus cristatus	Streptococcus	Streptococcaceae	Lactobacillales	Bacilli	Firmicutes	Bacteria		39.86784725261617	19.05994534744445		28.24765989645568		13.547782322552145	25.91620538167533	16.091238208130324			38.38901407326818		44.42075113881627	25.577583660424416	21.03427377234468			58.707882659113		27.12528207394945			19.83601593567199			22.77183021319711	11.933758179057802	18.13618901270229	23.074153568896232	47.16108919727862		17.231667853918758	107.15353610907914	13.383434171717058	14.734435450304524	22.71737061985652		10.511435398437708	45.332821900373936	18.27027878057697				25.33510339691429	16.41106356972915	14.523105473911988				26.490009826958847		112.65221400403728	54.77272668435749			12.578917859027952	35.87654395337433	23.280910605390208		136.45432872736316		13.691356241402492		93.9993731683054	13.754898216814288	18.995570991193294		25.509867261165454		13.884475024471524		15.20238046895059		60.84597986976215					17.292560240521805			12.094671729538224	23.13120247490076												
Streptococcus dysgalactiae	Streptococcus	Streptococcaceae	Lactobacillales	Bacilli	Firmicutes	Bacteria					11.373703610051171							13.007977678952834															14.1277440959185																								15.291111194823218							11.822905498197152			11.53041459102784								14.172190245503865																											
Streptococcus equi	Streptococcus	Streptococcaceae	Lactobacillales	Bacilli	Firmicutes	Bacteria		72.99206206458508	39.11750547529995	47.05245270132022	33.9462428903337		15.100826761832767	68.32085337299502	12.4872852346165			75.37026994939212		41.81572839817794	24.66811993855308	22.23137438013278	11.10518714227333		45.83232627145766	17.723754045294132	67.9129230960092			25.21646609997744		20.07011336954121	35.49571106804187	21.001675089465618		27.296034218059024	51.3027663135124		35.64586923627833	25.243866721456573		46.82257060496039	41.78104020066087	38.68869567489471	68.70742993408408	42.692756743070575	33.03662774130878				45.53602300105174	22.60351710302138	16.358814917557375				53.54187506465512			39.661177068291856			18.86407712485391	87.32545954272388	12.84307617841925		38.99411776813761		17.96932184952543		11.689531766024524		45.6540623944889		41.54603308107226		21.855053110172168	33.01645993098906	12.526519664558627		31.10871375364793	30.412767242290137								13.751973215935683			19.86922360718955									
Streptococcus equinus	Streptococcus	Streptococcaceae	Lactobacillales	Bacilli	Firmicutes	Bacteria		1309.0349665615045	723.5731270396232	642.4621323595201	510.0949981883537		273.3236702300933	1120.7469373468996	323.38901816980984	66.33542377324164		1342.3771773225192		891.7944747335919	443.85758446638647	511.323599021525	160.60101353865645		888.1509216239416	412.92189239744266	1093.3115964625226	41.52540622018988	44.0722604704447	584.5041494179357	74.98340708301389	334.2545636175226	1146.1291560057598	304.66044258545287	260.2243399498338	677.2699151101034	1377.9184397890542	209.90404398022503	645.3577161726317	663.5824919345781	298.32820296502376	1004.1302384554764	513.134611367803	690.555731267882	1276.3241995697035	1002.6650726419496	795.4022219245558	1.9999987537440356		321.5616601832841	1086.241273592315	478.5626752467367	296.0344692606201	1.0500581400628477	118.78423972704056	38.09666253200051	777.8504219362885	60.53394254616599	142.72154902352253	715.9738969893755	19.954806500137988	2.280868990697256	346.6223795039649	1804.9220192627208	229.3586147464582		981.6371086269696		358.7041788435095		373.09990379976585	164.7455182898107	654.032297031772	25.103832772719475	642.2938407895831	72.04381551214829	556.1175817161251	505.9226742996098	278.69343419903254	256.81821490061014	1122.9428902836555	375.9242720901164	116.16227915144884		138.20258662350116	47.6256599404385	74.04045949931465	56.96305767954527	148.7817310143573	191.2666117286139	7.108169385786028		509.9954039341615		152.17473727643775		1.025858663470162	31.45749982831972			81.94412324279475	99.3474170753161
Streptococcus ferus	Streptococcus	Streptococcaceae	Lactobacillales	Bacilli	Firmicutes	Bacteria								13.22592247616294				18.121152077877458		18.096673323500696																	18.208688518218693			45.46151989011297		11.056957736551103			11.038037319710558						12.036716514380604																27.06684423533695												28.2120411490573		19.820677600161066																					
Streptococcus gallolyticus	Streptococcus	Streptococcaceae	Lactobacillales	Bacilli	Firmicutes	Bacteria		2881.4614170361588	1764.3054705139104	1503.9315284033576	1550.9709156088973		535.5711162090352	2633.9338917040445	693.3374755218672	103.8233173692728		3241.055908248175		1990.44866520818	1046.180737564668	1219.5306068002435	309.4277542210954		2070.1030698130853	1061.9477641017727	2801.0689586913413	66.06193081983467	127.82283378217404	1521.1609573916544	110.26112844682088	925.0129463712992	2652.4633189468345	558.1340464560376	656.036359049598	1566.7729862577523	3861.9184175509336	426.1289483260777	1464.568497829152	1254.4560471829898	595.7424069542767	1884.2654547217585	1145.387942966009	1323.0897416998646	2493.5232661957384	2166.656411948554	1742.629294667773			592.545479529878	2462.1731749067826	917.3835821836768	563.6330707826103	3.149114352803212	255.8941023665816	95.75232586176182	1857.5746033145329	85.75567098842322	287.2286138112107	1505.6821053948415	52.67914538443632	3.5886962262520394	895.0156372724039	4811.539549036697	526.3517051374232		2132.409448557447		876.5806037912583		837.1862355081098	506.5757488933767	1410.9389235651863	60.06026167004459	1672.031343565243	172.87585791595788	1156.8314648433382	959.3995056856368	537.9138038618568	627.2965204949134	2536.3463824770115	853.3847650400032	299.5223512803008		329.1134256385312	102.98219420258474	149.98156994369813	113.93090281961383	248.29455470363575	344.3973719316336	27.63519309717322		1088.7552339383285		267.87598358331246		2.001037148797027	63.53210891826879			134.3062400635769	172.67165072005616
Streptococcus gordonii	Streptococcus	Streptococcaceae	Lactobacillales	Bacilli	Firmicutes	Bacteria		840.1157781357557	484.3618127604692	650.3197831901068	389.9884503927907		217.5479912458153	807.2507066351787	223.9626111477832	34.08086224256294		950.426426134796		621.6030521953852	348.95749797934934	322.73594942551205	139.81093712920622		679.5974664828296	339.27076574013586	883.7698126437912	25.653003876785768	38.05665793415433	540.4660004318096	70.2283800031371	262.99141615406813	1185.0779909875455	206.24622577576545	197.55781831063584	498.9702605350171	1210.4667260620672	163.94414457611904	673.7960253049318	595.4032625406425	241.23296195360803	836.9620169256057	446.13368098624846	423.2818960216839	865.276775194284	814.6166582181341	744.7835805091526			283.38600282290946	745.382242570891	378.67523734214495	208.158368278259		111.7183242995192	43.76387586322954	666.1975106314711	37.53308201596085	326.73428834127134	577.9551177933059	36.94700131730142		247.72274319959973	1126.7585908030828	159.21508756374578		777.7365079174283		288.9915601432523		363.7818127956399	176.36044981379086	493.0153584225869	47.455307056203374	471.09177930581046	77.872873068749	404.76534078086974	379.2718626012824	257.4713653749617	199.2113325603385	924.663525063904	272.1184802375201	110.11078797748296		111.32556328298004	62.83528536071292	61.80564072882319	56.55917410272889	99.88446699268634	183.6596250508165	5.918861622055984		326.68124979132017		114.29344239418243		1.005586592178771	39.8832844815729			51.21974488360228	89.89147604729494
Streptococcus gwangjuense	Streptococcus	Streptococcaceae	Lactobacillales	Bacilli	Firmicutes	Bacteria						35.95813204508857																																																																																										
Streptococcus himalayensis	Streptococcus	Streptococcaceae	Lactobacillales	Bacilli	Firmicutes	Bacteria		649.0664774568489	471.4912768420505	422.0257808885976	403.5354124920163		186.87071369782973	753.0273060454824	215.14840444776436	35.83151996267225		985.0060320749304		563.4536812156646	321.2627248451507	422.5738755133968	118.2307641670638		595.7165383456194	312.29364478208964	699.2816693533055	38.96650519792966	49.81662335707619	382.6598907317599	73.72486678818578	199.5594511197316	728.3409848152843	191.03844839452265	218.92234718807157	324.66060791234605	833.9158628241247	178.52105635834891	441.9473586599973	610.6548737828357	183.2373965328973	390.8886809577156	413.4304122506274	305.1684636037369	529.6362580425296	600.668195296407	532.839374535166			215.3421951056032	682.083027829953	309.1845180500469	198.98097187118296		69.3676661431664	26.84543669127165	399.41289604183805	30.04353818576272	353.2664368015567	660.8744941468835	32.56127197010547		285.4406880430865	1032.3918294507462	207.14980434739988	2.976522504206589	900.0199504937955		264.7471731105925		355.97561990774017	161.6673029374393	408.82665321016384	24.329661427235667	509.5606402531038	66.12241531106255	295.7081508214813	313.6561634049636	195.2632933836077	165.04401179858058	568.4572326404184	251.60486929255583	90.66099760871008		125.66973746239286	48.471926535267215	58.94551636740435	45.055828822759295	124.42259036322515	167.15564585215697	11.123713989274975		331.5752398929343		106.95355351342596		1.005586592178771	34.230778080239205			78.90264270133987	79.18995091886266
Streptococcus hyointestinalis	Streptococcus	Streptococcaceae	Lactobacillales	Bacilli	Firmicutes	Bacteria		461.4078175933726	266.8737940038478		118.79897030079184	21.574879227053135	13.069418084870897	153.37491512651056	66.26726548187403	13.566505101884069		218.64242637824813		1365.1215204995356	279.14050396376217	211.45813237927007	34.8590633845419		528.4977384288818	22.461899535589293	212.9065607690409	12.96862748363141		132.17054824337063		78.71872680817735	39.05915532967832		59.42982747381204	218.01675274935812	1228.1770278409194			2463.485700914345	30.462993632616552	277.64612169451607	131.06274730434433	46.73787968946446	159.71281140640605	681.106185111922	24.3393306422296	2.7945510918350127			303.7518816029867	47.80028468104565	41.94416596888029		11.320826824919791		13.398144183006115		2609.1679087310004	1298.4438985114912	98.95204962483264		150.48880093002754	317.24885766331005	284.3188346024985	2.076362168154236	2048.2155741299057				1400.6515143257132	83.74031557181853	58.57175421430599	13.093143646418072	223.30158900966256		34.825718678857136	68.48639766565515	207.2821474606805	159.79413174922658	2304.0022142045905	21.582069593619423	13.393016755481968		21.12507722808569	142.13297693852925		18.27250430334828	116.39039922500486	393.9463914496239			242.93162810820263					20.056142959337325			78.2847857458968	29.200824968115903
Streptococcus infantarius	Streptococcus	Streptococcaceae	Lactobacillales	Bacilli	Firmicutes	Bacteria		91.18847108206012	77.34165322955478	61.71450647959126	49.06363706270479		37.198114808452736	71.32205526148124	62.73863489506962			79.92889792067544		71.57955741415465	50.82713390852821	57.62072957261532	18.54266920490467		43.593649597014185	60.66475630885602	45.0566703464867			19.56194257131789		19.58908636580236	200.32083911513047	23.19105787179517	42.009470058900106	24.882837209773395	53.88641274623363	17.36340557115079	110.05421516001866	54.20032566853716	36.52814397442162	41.88031540314948	73.70315280592447	40.26104296560555	67.88882284342024	46.04422747056763	92.10482875994188			24.979127027739267	73.29332219738957	55.69247805650922	27.598646005035167		27.037863953604		47.82438036836068		20.704064867887617	85.64866630948819			31.59834291412711	91.66699123991246	48.42946937396152		90.85290970012974		19.613808742437623		16.545711941612787	22.816043543535745	56.06803056107342		117.97617480780522	15.912345028051352	44.97758124032474	66.6176831916953	21.85177327722812	23.157846997142904	42.64299842988867	18.10128133144293			30.758128131239676			16.870432597148508	23.49515419749071	30.69749161930966	1.016142459118514		29.89963803724891		20.591949979234467						12.20200230753358	20.687696770024832
Streptococcus iniae	Streptococcus	Streptococcaceae	Lactobacillales	Bacilli	Firmicutes	Bacteria		63.03086483714503	42.92708510127702	30.366840909769294	18.63586810752816		14.295865322820104	40.14735274883999	26.73075713842993			56.81612942668803		42.12687947694069	20.135484078391137	14.99090337584195			51.95384845495635	16.85788894143999	30.08298583693489			15.756672699401136			31.654654574282635	15.64191047337721	24.08497623446941	27.076052204433044	29.478890028668676		30.277854979277755		18.10413230132404		22.19555349657596	27.36291880068663	46.90411960634345	23.07517153665221	28.382355609219047			17.78133417927498	39.89374047895394	21.159840588468956	17.146699530434212				29.52033243847212			15.231732964472			22.39252210332799	81.88893914737324			35.530210909725675		21.06705585333322		19.72775498585511		36.80674939486057		23.262647748574057				19.868948030953256	16.557907854892022	24.81774701693033	12.2437102038004								19.239465431621944			19.952305894618323									
Streptococcus intermedius	Streptococcus	Streptococcaceae	Lactobacillales	Bacilli	Firmicutes	Bacteria		29.689152675821635	24.55443101606077	23.89324151517252	12.308430996468566		12.7595423864994	25.631619733884985	12.467774238036109			26.360347307702693		27.715780558643683	12.558291268091542	13.316679719302693			19.970812659845397	11.653424330389836	27.98901408263662			22.84132737234876		14.28414377340625	41.04055229338885		14.41646911847556	11.628395171554295	38.32996768265845		17.581573524308737	32.987124855482314	15.578884728834662	18.541725377280887	13.231662326244557	17.4419938936607	27.008276528737497	28.04355147246284	13.299402161998202			13.826686480794018	19.46940879520615						16.224436681382564		19.528789863733103	24.51244698453556				28.38809289714353			43.56289434302676				22.29961695009541		13.397705964034976		24.82570138478855		20.188843860053023	18.855630201748447			37.486997734251744												22.866506679025623									
Streptococcus koreensis	Streptococcus	Streptococcaceae	Lactobacillales	Bacilli	Firmicutes	Bacteria		184.6914648811045	78.83374524973493	40.0448028274625	41.95990101384434		48.88731630448969	83.95973543853758	27.93381507131488			89.65393362509913		102.2074566733663	69.72266413118544	73.53474963769924	30.247998040403687		119.50693950150904	67.48901099966616	94.3952548708039			73.57292820725283		31.931630724780383	97.5927152371061	15.026376088833592	55.22324941432028	69.7526245134056	172.47425453728525	28.710843999267013	113.18321006909264	231.55241145619837	41.12261385810409	93.40978281492636	94.75076355290294	75.05934837817935	155.17638207075728	131.46276728042915	68.64896061846417			33.52660253120416	150.49203663757083	64.76317652043558	32.19266921535871		17.395900073195037		67.90392414609819		208.56641801709677	165.0607821577603	18.595825576276567		65.7533406420493	174.91427568107474	63.72352532617757	1.0106382978723405	199.54179746545893		50.243328144148855		87.90502458997646	20.26513121575149	56.73343293955444		93.954930569633		60.39924232360495	54.11071259843028	29.43223039256605	25.109682247656885	153.1537667203846	62.10409497062501			17.854639836886204				20.63193576722671	54.708900795538106			48.64175380943209		17.560717204063558							
Streptococcus lutetiensis	Streptococcus	Streptococcaceae	Lactobacillales	Bacilli	Firmicutes	Bacteria		50.88722204026892	31.825931960685036		11.74633915706923			31.84942460420486	21.948843525642683			40.47534017201721		26.076144628468068	12.571144215947744	16.981854311646785			56.2456069356405		29.211257310108422			15.107725245555326			32.41938631555827	10.537046038117795	13.564009836667037	20.68687869838457	16.05680942613227		27.937897227149648	31.999024758839933		29.85700891867513	26.802291016125967	15.049732223724796	42.82838450887235	21.996921119711203	41.04781239594621				56.503128642923166		11.616963099267831				14.562565122404362			25.39161457503096			14.068771735325852	90.02137839096086			48.67996707991093						36.70036973683575		35.94361969648698	12.404280433474147					19.546661935047872	11.319526569536327			19.58099695120193										10.6976025591446							
Streptococcus macedonicus	Streptococcus	Streptococcaceae	Lactobacillales	Bacilli	Firmicutes	Bacteria		23.37016907962548	16.90697653906225	14.03322250131834								18.33845079637173		10.389462943897245	19.650889242438595				14.237388873634975		13.506207160116263										11.502326303694137		28.76275515918257			11.77703679126875	10.465978645347985		15.622064020496484	14.939722198458275	11.433616076844624			11.068123374899418		11.412402900542409								13.341910213207074				16.312017807353			14.271803126911218						19.70853719444996		21.749594142848807			13.34656627281515	12.536258430487209																		2.001037148546403					
Streptococcus marmotae	Streptococcus	Streptococcaceae	Lactobacillales	Bacilli	Firmicutes	Bacteria		17.758986290287147	12.418403256159886					19.226243104245366				37.72357880578701		15.10980637575835	26.928421113022	11.93718868132895			14.194448293615196	16.38193353381808	11.20006867144303						14.57210919510666				16.84544684984956		19.62932201001375	33.09101792577138		12.234997810857356	12.493326443253324		14.942431243345728	25.73416396658996	12.162039323264718	1.0		14.2506992960217	14.688326841244448	13.549376945417352							34.14988294851313	32.06383527911633				24.838489175976008			57.30136693004786				23.618312669658334		13.0836638197189		15.068603881797358			12.81110219634908			22.08278937117745												11.94062187823434									
Streptococcus merionis	Streptococcus	Streptococcaceae	Lactobacillales	Bacilli	Firmicutes	Bacteria																											13.48149860316934																								12.245367440649312										12.986096506584916																																			
Streptococcus milleri	Streptococcus	Streptococcaceae	Lactobacillales	Bacilli	Firmicutes	Bacteria			18.35109917911181	12.569586390253884	18.6500444138647			12.641855827038864				12.880792084446648				11.712062625430711			13.89795302602914					15.14294300118572		17.213562490119156					18.18081596638661		27.21069403287837			15.702021604683049			21.634850956944607					16.222547882007074							13.580884440835195			10.90474136241343													20.300366665189447					26.52609664628214																								
Streptococcus mitis	Streptococcus	Streptococcaceae	Lactobacillales	Bacilli	Firmicutes	Bacteria		97.96591667658868	47.138814919626746	42.72262235140566	33.154668420601155		23.96515344718176	74.01260273181742	29.97714205358189			96.96448385948452		52.03834718852721	33.71216692056415	51.15985293067951	13.734812709479716		70.82067445763043	34.45845711385923	79.99507513344987			36.23663891961082		17.372092873059426	91.23963480401471	19.105566799862707	30.22719724891847	46.72643529439983	57.78581467064864	31.15508018058604	35.67236266809834	52.4190490776081	26.51721524292425	26.981030626214373	50.32010317260661	32.3675608915153	61.58664014590006	52.69616507610038	51.477176141722666			21.551133478786667	60.29640432113677	44.23896024759511	29.99654797202746				50.05071931202584		13.752002998301174	32.090817668645045			30.01942716963817	94.68048098146356	18.51492447439404		95.30455947549729		43.36149548862242		24.64345492445327	21.62396632949406	55.15519707066096		37.03697331110087		29.33443437139468	38.56752235643351	13.49216689380336	21.283612897982177	51.01100249795667	17.71358208566103	19.553003036632347		16.40245113363819					19.29384116061552			35.426067726788									
Streptococcus oralis	Streptococcus	Streptococcaceae	Lactobacillales	Bacilli	Firmicutes	Bacteria																																		18.563986025933986																			28.69029970025667	11.60856040142093							11.79912798722228																																			
Streptococcus parasanguinis	Streptococcus	Streptococcaceae	Lactobacillales	Bacilli	Firmicutes	Bacteria			12.748483790720496	17.251403230467318										21.50423934576153							10.53146139882835										31.454771938552582			36.8393430105651		36.83485477920672	11.280415268928945			48.05198031085472	14.166420351923394				18.268043849048173								32.01302537504042	29.893452447259847							23.95878142901391				23.88824219989736		10.991205660833767				15.612756837924069				35.60102744311991																					
Streptococcus parauberis	Streptococcus	Streptococcaceae	Lactobacillales	Bacilli	Firmicutes	Bacteria																					13.993959908282283																			10.941866513968003											24.08479943484486																12.22952698567216																													
Streptococcus pasteurianus	Streptococcus	Streptococcaceae	Lactobacillales	Bacilli	Firmicutes	Bacteria		1495.657029038921	1019.9603482831628	673.5338380348508	435.1348921423392		178.01080157898917	1671.0992297644827	255.04631666152525	33.52070827848818		1912.6115564407428		889.9194441533657	354.99150072825074	465.551917781629	137.614144622842		997.8428034999484	420.30876100073147	1025.878568282573	22.38460494890097	39.75416394477634	548.5919577508027	75.08236322731193	346.4813086997353	1139.5749925518774	206.98955992268571	247.3961354622245	809.6303359575637	2294.9725239175223	221.50925439440505	610.5376545264332	398.51799628232106	227.30338855587215	918.119594464574	490.0701948214716	913.304749671266	1782.844687474837	1028.63458762122	772.525734267218			221.2863074343188	1268.809167884456	444.9468212811264	289.5983825179223		53.66765420338879	38.55441903640766	674.3016470612594	28.653658937211222	58.859688732383056	483.5073700514636	18.693959762351216		425.55422185673865	2673.9494705954558	157.02181577394987	3.031913652467661	831.1581359563751	13.125775240924646	328.5624286341024		316.2872644265993	128.63412440182125	596.4857994173199	12.60578976323226	518.6126797802428	66.76207747719835	664.3294509039373	372.19579664717406	201.2664525445091	316.2177504717011	1061.798537793497	463.7820474945113	143.2274388657805		134.83141023155187	26.717432252298103	58.90525903833678	43.00699677262661	82.89469754187704	118.37626201963724	4.951709657068763		538.286921303292		89.53862495131108			18.91458658973532			42.3173487124275	63.06212461022742
Streptococcus periodonticum	Streptococcus	Streptococcaceae	Lactobacillales	Bacilli	Firmicutes	Bacteria				11.871473651976348				12.68794536244023											16.79645622943969								19.11171652931044							12.987538902743864											11.021521365370962													21.50556073972222			12.285990407988546				14.0857153302259										15.82086970515148										1.0044910179640718											
Streptococcus plurextorum	Streptococcus	Streptococcaceae	Lactobacillales	Bacilli	Firmicutes	Bacteria																																									21.081017305153942																				20.984853117845734																																			
Streptococcus pneumoniae	Streptococcus	Streptococcaceae	Lactobacillales	Bacilli	Firmicutes	Bacteria		88.44121182714267	44.075125891031405	59.77477677762637	39.12196860585424		21.06126254751592	78.20622225975455	24.399176301528527			90.6609018569576		40.14546479371839	65.54167411862859	55.0311853466934	19.44869572321991		90.6679953102834	42.32290848492856	81.9571292124464			46.68032486487779		34.03640720926934	82.65031347372867	36.79134800333272	45.29187012043077	42.411879899921445	71.32064795432288		51.63670454039884	70.38695920583751	32.64497808445653	43.41276829539393	48.07605143226472	20.196657157478004	41.78437289649388	77.37594102954985	62.7715465077149			26.993142197375533	82.44383545092948	54.13680783499724	24.56958999103694			15.824774113400832	70.19109481890168		31.277309884652976	76.06243853999027			32.31075371707483	123.46633632270252	29.132000379909478		110.93719584773125		49.23092382547468		41.41040128777431	20.36361109573692	60.35397172379877		101.83608636071185		38.99522329144499	38.42051177719211	15.375545945799438	12.171387298549805	77.65528178559119	19.026601047071463	17.191072977382646		16.591957720960036					21.652677078107057			38.55010933588806		17.983822793669187							
Streptococcus pyogenes	Streptococcus	Streptococcaceae	Lactobacillales	Bacilli	Firmicutes	Bacteria		603.199188291353	312.29671616824214	286.61282470972645	296.48591323582593		133.11990447748016	426.8398326634373	150.9169632459032	30.35655348119484		467.2189357002957		352.05787677431016	203.5706137239428	219.2986847492268	78.16727087709708		412.1889008314981	255.3616509066818	510.104138717577	29.93626161795441	24.360397906050316	313.4387611111038	35.95330287406096	151.095222709865	475.952157516121	126.85339558600458	138.28390331531648	302.78587316691704	488.7905601016501	102.42208647366324	319.6119117250731	257.5757547975538	135.47124408697434	479.770612192288	287.8380300078296	310.07383139002684	540.386127243854	411.0727388083341	428.10952270970034			135.93399448242576	497.4391177143652	233.45967678825863	92.92661598962484	2.1	58.59236988853052	31.57405352912499	412.900785024428	27.242523293966364	72.31242336048902	321.22023352527043			203.1658433909621	875.9053521975137	117.64089454922328		503.8434762294361		181.9801144284428		160.19374016265104	86.57629258538293	339.3480128437418	12.3799874236726	295.2530430099528	51.00518983644995	244.21593679007944	217.393287816249	97.78987913969206	135.9360318771864	456.9236922601564	175.08022308153005	74.98293178876985		78.81431708893615	25.31390799846143	48.4831655200896	32.8694034872563	66.46945022150175	90.00019865929096	1.6098037225496913		185.936771744532		65.69663337221064			17.336825463789644			38.53199527652998	43.361975132967125
Streptococcus ratti	Streptococcus	Streptococcaceae	Lactobacillales	Bacilli	Firmicutes	Bacteria																																																													10.775623566842636												20.83294862877202																							
Streptococcus respiraculi	Streptococcus	Streptococcaceae	Lactobacillales	Bacilli	Firmicutes	Bacteria					12.696281977729088																										11.46152875369037			27.23438979272455					14.63702911754805														20.625746516200053	16.22525655300432							28.164767696743123				10.159855489056918																															
Streptococcus ruminantium	Streptococcus	Streptococcaceae	Lactobacillales	Bacilli	Firmicutes	Bacteria		39.94014882730778	21.58847047615594	16.023845360749387				27.21928623580554				22.40120809712728		28.24455143946876	16.5616182655793				51.79918443498708	11.478320543523642	29.143998534297463						17.539249012515857			27.625977564704595	16.450391971352936		17.210778001716196			27.194544397361582	14.43764840271578	15.1434702160633	43.422144872078185	27.943371258067536	23.566204956491887				52.4141725246539	13.868714100930736					25.210698500015965			13.89342409368493			19.007281840943357	70.93145082423709			22.536981408656903						27.95699985214747		22.74998503908348		20.741877566263668				21.465957192033144												12.344811693315291									
Streptococcus saliviloxodontae	Streptococcus	Streptococcaceae	Lactobacillales	Bacilli	Firmicutes	Bacteria																																																													12.269116776655432																																			
Streptococcus sanguinis	Streptococcus	Streptococcaceae	Lactobacillales	Bacilli	Firmicutes	Bacteria		306.99770680958846	188.7584874453375	154.8950000564487	94.39312556622473		42.87152232177747	306.6783657866084	43.39208116671789			408.051681398466		199.13109852284447	69.56812899510997	88.14541428908122	27.800064981275668		247.7909909355893	95.2784725010924	261.57661695226795			129.49637592683632	17.780643539396106	86.08974278562648	261.61937371436346	41.24801607546184	36.23748155833002	139.73677765537684	346.3455379292056	35.76660752383738	131.86648865320447	154.73334567796587	47.66348349262962	192.82593849253053	91.1065151029748	149.236324960731	279.42242603468577	198.8231244120728	159.96415899684098			47.32061018681456	239.2209915062731	117.17348387397368	48.83033048722746		16.973628643631404		97.99914919358638		17.78265605096644	122.87488540896696			72.19474618978049	426.4265523287151	34.107588317854706		228.8899287003513		83.99479006671966		68.32020528173932	31.351924441830405	110.15262788222716		118.04215176633508		95.0981016605838	83.10863864729036	38.11962093818968	70.48969528469024	298.86885445702023	93.79513764365744	23.961334665857347		23.752717318688028				22.575944554709128	23.085910130863702			105.4963068296985		17.959078738794712							
Streptococcus sinensis	Streptococcus	Streptococcaceae	Lactobacillales	Bacilli	Firmicutes	Bacteria												11.626622694629898		17.660134380228044					11.2851242655583		17.8694147924726										27.82729213422848			24.711361619820515		24.277731685613432			11.03496853024629	15.085028962713144	17.521658408446953										14.659724534203445		17.999541832226175	14.003313552337511				19.71617007137764			19.064338662672967				27.070537157386145										33.73038935397929																					
Streptococcus sobrinus	Streptococcus	Streptococcaceae	Lactobacillales	Bacilli	Firmicutes	Bacteria																																																																																					1.0044910179640718											
Streptococcus sp. A12	Streptococcus	Streptococcaceae	Lactobacillales	Bacilli	Firmicutes	Bacteria		180.62764583608345	182.69280267092333	83.85012136446075	103.3881682330386		82.98992974326755	96.68685330898224	55.963717062445	21.97927289866733		153.11410702874937		143.69721088304829	97.31325004104822	130.46167623733524	42.6400992273519		63.18257724334698	72.92389728351077	117.95883337906666		28.22890136446549	64.13275112747363		35.205780860908575	279.9213714279294	45.37567175919786	102.53445153533848	74.25475185192077	209.5126067402302	36.84488213604841	186.329589942262	149.1042930884532	85.04584856589582	98.76599159506584	73.81057821187922	86.27315453659861	155.6995265258269	141.8000383610526	109.28677875907852			42.99885147328949	139.36073750896588	73.46338597160916	60.640824139780136		47.231895449768565	19.669820786741475	98.2734657672742		87.9272858387617	143.3304936709854			40.70324279521292	186.55378547334988	53.76277578314888		115.6439869718296		68.07127847202894		69.32623725676638	94.08035639737292	51.54130844833868	13.75651881116439	114.34246596634192	46.50605566797248	91.5543080101058	165.65668755979283	20.310418294545805	63.93080901844685	119.5634880817398	34.328008517554736	42.74855421207811		35.84256163297981	25.92879078810214	29.57027726079609	26.006477233701915	60.75875299031232	70.14564487416175	2.5773146048306383		41.582559774109626		17.00043369902894						35.41051939867776	48.40552202065854
Streptococcus sp. FDAARGOS_192	Streptococcus	Streptococcaceae	Lactobacillales	Bacilli	Firmicutes	Bacteria																																																																																					1.186675330295694											
Streptococcus sp. FDAARGOS_520	Streptococcus	Streptococcaceae	Lactobacillales	Bacilli	Firmicutes	Bacteria																																	10.687850536720648																																																															
Streptococcus sp. I-G2	Streptococcus	Streptococcaceae	Lactobacillales	Bacilli	Firmicutes	Bacteria		86.21354014946029	64.13448940001808	20.488592920786235				60.41267914304193	22.701797918869328			82.79742408186185		134.4568328689079	30.83165571782164	34.46518387307924	13.91191930280988		79.59583197139756	12.482499813672217	49.69946806200275			25.03054389064902			37.56075632018776		19.01523435521528	62.58715382543576	82.01045243670848		38.70130424042788	149.10427617292137	15.345374982772867	48.17386762197276	12.94547656677319	32.95383996811578	97.68407205784196	75.97882286177423	15.78662165119714			11.30794727163842	72.03560117743736	22.70194660385732	18.32463451013389				26.917908302650748		68.60282372155001	72.44409735669474			29.446188214786645	85.38228636099834	24.0842229717416		128.20055405062104		11.032465871091585		64.9451462430144		27.15116050585537		26.897936757262112		29.463797789480065	29.93034555018614	20.436922672425844	23.14227683072712	108.37549091876586	13.97213897950905							17.01837663533611	42.36001305859152	1.2846726918187286		21.599460275381773									
Streptococcus sp. I-P16	Streptococcus	Streptococcaceae	Lactobacillales	Bacilli	Firmicutes	Bacteria		82.66800736834462	33.52110716102336		15.982026410961245			25.23747331630901	15.165856137025044			31.10223910423144		84.28913979239087	19.080116333132047	30.05086648861518			39.99749753932488		20.52095034286316						17.275806948495912			27.85174153787249	72.28942492211654		16.35587017908228	144.33596979808712			25.994023363925017	13.625013754731077	51.8997144457172	34.478302666019346				14.783591649668262	30.627203026648303								91.35100415113102	62.56450154193752			11.578030697840504	38.43613804651507			119.37729927448578				44.31877872362798		15.702863802223442		21.85282060519492		11.897575115013868	17.173629488092825	13.301842525778028	14.371820249450312	158.28144705909247				11.91407837568024					20.46177928324154			23.35141218820736									
Streptococcus sp. LPB0220	Streptococcus	Streptococcaceae	Lactobacillales	Bacilli	Firmicutes	Bacteria		65.88693612344191	23.85186807178489	29.36206596178572	16.85877038208363		15.61621251461631	38.1621279426698	17.170663757503473			41.41179219956488		56.392631879484426	25.168708862336903	26.809783071929967			38.948669665079386	22.97977796593572	44.76781615765648			14.157044576677936			39.24412022508309		23.299686196626755	43.24540570874476	49.869533171313805		36.11601738257263	69.72141373880564	17.679795727034474	34.059171726403	42.25410217036538	19.502557969504245	43.25250757169074	34.13984868662336	31.43285748740356				54.95025192929903	17.886392518223403			12.090585452941202		49.10252076585122		34.61005261919194	61.74784275136477			26.60608505968249	65.14959557329801	18.001866612737707		67.24932663060021		11.838921004500042		19.072096823386826		43.11423003699103		37.27802020089717		21.94101960292328	26.189228419178225	21.085559019261137		54.84136113066877	19.606670583076085								25.51828325162139			13.163472211037528									
Streptococcus suis	Streptococcus	Streptococcaceae	Lactobacillales	Bacilli	Firmicutes	Bacteria		378.1152454890633	259.17931677911605	184.7140734989118	256.18873327956		101.48560322087415	302.69810444061915	155.5277467224006	29.45644165945209		378.8551892506886		381.0300739506647	203.62610203669783	218.22714759531044	74.6118561946113		442.1671871149093	148.46777345797574	340.48671100012007	24.60279686682562	21.65467032511911	157.74936329863928	25.871552221280275	123.58580936441363	484.6330163589677	85.01215719487175	131.81386830975657	245.9680362890582	456.0679250413157	84.95355880841906	239.3265702894057	469.9505077575058	101.73994341540585	301.1201871972524	195.45537841485876	134.9448061951594	320.6376579397731	399.6871506858807	296.04163207495463			120.03842717237713	356.2434009926272	174.40368538204507	106.25365829740268		57.15819899298018		282.04755468521927	19.061874175477108	409.26904977389546	457.64105308318193	20.134857109281132		147.1613245660688	583.0041557311328	158.8464101671462		818.3419672299005		127.44751098702298		308.89888183261274	118.02601702852434	233.22275777237525		324.4832038865116	30.06346832806267	146.1952709093051	195.7419156894448	129.66834056303634	85.4644901148075	648.219766035705	90.8406496944058	48.74897936180984		74.93502069225295	43.89422111535695	27.48940691539253	26.145680878424304	96.78256532759715	150.1456801204945	4.8568073144578445		146.7911822203633		49.27643884934219			19.979643538701755			38.80466741475276	47.701662392160166
Streptococcus tangierensis	Streptococcus	Streptococcaceae	Lactobacillales	Bacilli	Firmicutes	Bacteria																					12.486404383792353						15.68219958723238				15.731582431826103																																																						1.004491017989483											
Streptococcus thermophilus	Streptococcus	Streptococcaceae	Lactobacillales	Bacilli	Firmicutes	Bacteria				17.441082865288543	29.76086583474961			16.97720535752671	10.114262948176869			21.903366970559414			12.315082259175842	11.51276421427749			20.51814448285535	12.503995627118616						12.70071266333963	34.19092048955665				13.50534701541196		31.01534588335335	12.994406983701404			18.834241935023087				16.80065315353144			13.06284465466794	10.13996622456109	18.314548291981414					39.40544136514131			23.368047220272658				25.16412217780738			27.414656930110304					16.037169027936244	12.443082397061255		18.40775999617913			27.18853414446403	13.579445835925318		13.36733209308042				13.672811344442128																	
Streptococcus uberis	Streptococcus	Streptococcaceae	Lactobacillales	Bacilli	Firmicutes	Bacteria		42.87534563395278	33.10374092833593	18.69793427077793	61.70566950904077			23.71392962572086	15.37481167096743			26.399524185743115		39.55643386244748		17.55738448470073					98.7526013351392			53.58133645401535		13.980693767194015	17.625375287689334	12.829342965367054		13.359916018739709	50.91728579406082		28.31794273718506	30.226337794737365		33.41937716804765		18.79023671889689	64.06418548911624	27.695434843340816	14.071632884632496			19.24625345134344	40.01291075194391				13.572657828458272		21.30856928782052		10.17582280500871	25.420021864469536				31.61627972685062	11.517518733971611		19.50092376619501		12.269704034664493		11.9485886231648	17.698272461522993	24.678511730066933		13.216653977411836		26.712956659128253	20.99073337789453			48.78750200067888	15.249989201286365			11.985834928257924				13.77287889089717													
Streptococcus urinalis	Streptococcus	Streptococcaceae	Lactobacillales	Bacilli	Firmicutes	Bacteria		74.9789839497061	34.08170325539133	55.27801786350205	34.63165942360833		36.46198334768369	60.47803334929403	12.169253539597843			86.81187818197543		52.51391496548189	33.42375612476486	31.3519934228232	25.46817775259636		77.31738637361359	33.97157790299472	136.9739516548122			84.10439272337497		27.86802228963333	64.63531058822173	23.918052510218413	22.577827604665316	48.475675727370366	92.68343887484912	14.684437111504572	55.63317228000814	30.75726749543892	19.766475856419124	90.35962951704016	35.94710034875713	32.07243980485922	74.34882955272808	100.5141435625898	127.26350036619787			14.28696847273947	85.93135391266496	30.88999549815092	17.647944711667595		12.672461400588691		67.47522307177304			47.65462796104987			27.762642609691344	100.84910832000163	23.99121183923895		62.45318399901904		32.708682822836174		29.57258614437117	16.07527593100839	54.02198536848953		65.61012401144544	12.56408931833044	51.21401991156079	37.21074542755507	10.9122274982312	14.626776987964895	83.11998493474711	21.759360380178105	11.926037323514423		12.067327744093385					16.411570568911706			31.738424850169928									
Streptococcus ursoris	Streptococcus	Streptococcaceae	Lactobacillales	Bacilli	Firmicutes	Bacteria		15.034840814543864						17.86061646911599				45.603488646271686		42.64662801139222	26.658728007336293	11.889658490681812			28.710597658508377		11.492754699367728									27.13773878940414	44.48844300697678			46.18994343720173		32.07106819718128		11.05378629761486	24.92229999815852	28.24273222675496	14.702633767482018				44.13463448395367	23.362649322868062								31.076045667032464			18.147581522741973	53.67698209796029		1.0106382978723405	96.80699045583992						38.4446905452992		19.908565876652855				105.40174344413482		73.02755787276784																					
Streptococcus viridans	Streptococcus	Streptococcaceae	Lactobacillales	Bacilli	Firmicutes	Bacteria		35.27141640444412	30.5213002884016	16.10403961036382	19.128062985346062			22.597015057859952				37.42683494689479		37.90720816573636	20.353891525220533				27.3705545135567	15.96404450895077	10.860797239719274						26.575584836592704		22.969622444267483	24.95213246486491	75.52580372327736		32.93560065132517	29.24835206958292		22.643949398355847	16.64402492443981	25.63416705400782	36.95611345119809	22.32043407780413	28.404979128563337			13.711309363215992	37.62397817409785						19.828182551495416		26.18469363676781	30.469386910055174				63.5600990518528	17.511492755939656		39.84603642207741		18.904070608238005				17.145520343370507		35.44144888106597		16.39741770992672		19.569170078510183		30.099493361584702									29.20420504292616			20.59006887956424									
Subdoligranulum variabile	Subdoligranulum	Ruminococcaceae	Clostridiales	Clostridia	Firmicutes	Bacteria																																													10.782545077254625																																																			
Succinivibrio dextrinosolvens	Succinivibrio	Succinivibrionaceae	Aeromonadales	Gammaproteobacteria	Proteobacteria	Bacteria			16.115331600949045																											20.100787198642006	81.25003203855739					72.66460776071737				15.076562585145224	15.059622730794985				58.17725500319955						22.06967406220159							33.09510554157522																	10.04214440656957																					
Sulfuritalea hydrogenivorans	Sulfuritalea	Sterolibacteriaceae	Nitrosomonadales	Betaproteobacteria	Proteobacteria	Bacteria																																																																1.0011113793796833																																
Sulfurivermis fontis	Sulfurivermis	Thioalkalispiraceae	Chromatiales	Gammaproteobacteria	Proteobacteria	Bacteria											35.067961165048544																																																																			1.0476190476190474								11.119741100323624		29.96099290780142								
Sutterella massiliensis	Sutterella	Sutterellaceae	Burkholderiales	Betaproteobacteria	Proteobacteria	Bacteria			13.092965890348038																										30.12532160345257											18.091875102174267										18.373496276494176										1.0106382978723405																																				
Synechococcus sp. PCC 7502	Synechococcus	Synechococcaceae	Synechococcales		Cyanobacteria	Bacteria																																																														15.145125279087074																																		
Syntrophococcus sucromutans	Syntrophococcus	Lachnospiraceae	Clostridiales	Clostridia	Firmicutes	Bacteria		12.608991348532212	13.608648413668147				10.121824243318477	25.581926564813934				12.326502445147677		19.04130926512115	130.2001861682279	17.188615171155444			13.97741516803883	13.0718821849123	35.41185243323538			16.508635251644144					17.939675404963257					14.029871707668027		62.36218458806454	27.69664217379647	12.3300326406729	13.362970854574748	16.126504799862666	56.91750274471596	1.000000000134749			14.807755956279872	47.44370216033814			30.256248398522636		21.007018881408783		31.161571130450767	51.12309101881766				18.992294089445394	154.4884309120101	1.010638297872511	34.612151378786066		18.747645676993475	1.200560847217269			33.18769577927586		121.29920840174532		14.280878075437018		32.17264997940316	17.529561896168495	11.498147029978478	16.021644942410383											26.886861603796707					12.143068555932851			34.95581173106947	13.043630615696047
Tannerella forsythia	Tannerella	Tannerellaceae	Bacteroidales	Bacteroidia	Bacteroidetes	Bacteria			17.6352119206853				30.65330581470919					15.331886859502522			30.11901007664756	28.38574187528597													56.17298250255804		17.373657726949833		19.03449246152683	17.087820454069224	15.391325986683109		50.32510841202157			19.343089512817627	16.806569601567148			26.93959122488411	26.673128272260104	15.070962172692663							29.26574503550695		28.21603922709765				14.789758117683046		16.51187856634098							13.448159955702565	19.92890239571069	15.366680855899576										42.59712899855586				16.719767459207954					33.65353423800347							
Tepidibaculum saccharolyticum	Tepidibaculum	Ruminococcaceae	Clostridiales	Clostridia	Firmicutes	Bacteria		12.991269722515504	11.311121981538642						16.49375586493963			20.55539226922688			20.08733005009252	16.770967888336873											10.213707461204422	22.087878685514383	23.10412946888926	13.076238616397005							20.561435764003324		10.171229292720726	11.209932157412558					42.71316440843476	12.583121211923428						11.05734767529196		20.031136028116677				31.72258442378641	21.18450947299986								14.147847243520175		27.32747654000465	24.39652543381888		10.045303895145002							26.36773172636156	14.859234620946468				23.149152505614808								13.685271834398131			15.83412178552044	19.357874934932
Terrisporobacter glycolicus	Terrisporobacter	Peptostreptococcaceae	Clostridiales	Clostridia	Firmicutes	Bacteria		46.80960351670605	29.804529997950617	13.766558946706317	86.69814083090576		14.947979161562406	26.49536647376985	73.93356778493995	27.335265718151387		24.62650364097578		49.42725746902015	12.542292139212805	34.610367359728684				11.019879680628726	80.27727169600753			54.87513014197355	12.675793079672228		11.565685657463066	22.69512456684731	10.68433418452111		17.92663252628126	13.35407163181671	35.49736741425599	12.843758180583484	24.97684548546528	26.806132816536703	11.782876183574247	12.505068510637964	56.2776630026502	17.727162285679714	17.18273235908781			31.73719572394412	37.97826698694589				53.85092812367332		10.81498928130177		70.0512498501921	82.81145273545901				18.274155118242817	68.87520600437901		26.88885248826496		22.330702518574306		30.49155211621904	62.7603158880591	19.725837353327208		22.57289804159209	30.59882326242837	23.14187652755735	28.079266254067			39.38630119216762	19.03020820932389			55.264574695564185	15.066183249190612	28.86130692670506		20.12646850851004	20.265316074592103					13.077757277509612			30.977662228037367			30.230317792582472	39.27368260596871
Terrisporobacter mayombei	Terrisporobacter	Peptostreptococcaceae	Clostridiales	Clostridia	Firmicutes	Bacteria		3778.362756527867	2385.5270030344645	1024.0946450409988	4349.350495525623	21.574879227053135	1988.0108235362327	1338.1959352922124	7036.1143213844	2361.3073565759723		1466.6452228691803		4837.554530977543	1885.12723928247	4290.07752268612	583.0292530578387	3.3017006849575368	1033.8761254125172	737.0791433450638	4540.327085336728	126.64356062436455	220.97506741244013	1848.650974839244	169.08529777652623	359.2640474592798	925.7540330638049	2952.860458329087	1617.735628863241	1167.6682349033547	1419.9484951294864	1011.5688851914508	6103.668120144264	4871.392845708645	4083.178997814528	2226.609386403996	1757.9393148463942	1158.9519154894451	3597.1148317133	2106.7143763770528	2704.7715588877463	13.099441083843123	13.392320534223709	6433.459946156483	4620.375050652861	588.2245015389201	179.44563213515366	4.200007755557294	12696.81377911821	926.9789369751288	891.0024630448778	292.4614275274733	10505.08846801311	9333.218686773178	1302.7153525809792	4.14185734569245	364.0133957912356	1611.1044315695938	7148.5595599773	31.971176762258604	1975.147995966508	178.65377500399174	1803.2159049670065	23.023099010970554	2752.1712463137906	6513.897349775598	2969.9248478847253	274.1056287295844	1947.595726730768	4491.554376654742	2396.4062297246246	3136.686461415384	818.7318540844295	655.5559907934874	2960.1677680384573	1414.0366986506515	754.5882208752729	4.19047619047619	6643.655561460483	1977.76376061466	2966.722733661061	1010.6659753211994	2121.6550917709046	2147.303227604785	54.87124563948267	85.6220064724919	785.8539476802807		2148.849042484881		5.02776755004007	5432.587728947759	473.3487687549153	6.530187010578192	4309.206173605959	7822.0682221000125
Terrisporobacter petrolearius	Terrisporobacter	Peptostreptococcaceae	Clostridiales	Clostridia	Firmicutes	Bacteria					27.328804097745003																89.45984130984705			78.96993019369522	31.872570792518072						13.249495150878452		16.608050270173152			24.35024342422429			30.49806452537673					14.88264175745377					11.982201359740936				24.257593142616518	10.082092914192346																10.485800547530337					22.59655429347268				11.106676113818482													12.44175782860772				
Thauera hydrothermalis	Thauera	Zoogloeaceae	Rhodocyclales	Betaproteobacteria	Proteobacteria	Bacteria																																																																4.887531923122193																																
Thermobrachium celere	Thermobrachium	Clostridiaceae	Clostridiales	Clostridia	Firmicutes	Bacteria																																																																																						11.119741100323624										
Thermoclostridium stercorarium	Thermoclostridium	Hungateiclostridiaceae	Clostridiales	Clostridia	Firmicutes	Bacteria																11.639251060172697													14.000951133573231																																																																			
Thermodesulfobium narugense	Thermodesulfobium	Thermodesulfobiaceae	Thermoanaerobacterales	Clostridia	Firmicutes	Bacteria																																										1.0																																																						
Thermophagus xiamenensis	Thermophagus	Marinilabiliaceae	Marinilabiliales	Bacteroidia	Bacteroidetes	Bacteria																												16.974959339169697					30.332187121169834											17.316524536945693																																													15.0675424820724							
Thermostilla marina	Thermostilla	Thermoguttaceae	Pirellulales	Planctomycetia	Planctomycetes	Bacteria				35.25975978023233	23.469798701104853				53.4282260777042	22.19031666968361																		17.784141768036008	18.40965559102381				69.3652041093344		53.62796543938339		41.14072677886124				30.85145896363328			84.36551083951713					96.36942705543504			51.81714526021575		25.638545932511555												31.803317052968108			27.78272134727054	29.527731956886967		32.13763301900127							63.568210580639615	23.278165580870287				25.257989962684384					41.3590263751008							
Tidjanibacter massiliensis	Tidjanibacter	Rikenellaceae	Bacteroidales	Bacteroidia	Bacteroidetes	Bacteria					15.838691075340927		40.64206918074025		54.97584011887629						19.20399398214689	26.167798145557548				14.294965554201443							41.67657919228432	29.269350258625465	41.65816698574049				74.04662006177621		29.30711189729796		26.973289458674994			18.87127857098038	24.329696883109165			56.830796637513394		33.42911545693982			31.917274622104696		31.480125769963		27.622970449168157		26.4441132815604			17.08477846179765	28.693588609467856	1.0109548145093572	12.308880035344858					33.03215875491824		22.20504908823449	30.67821894168344	38.62475702449168		41.31814073528056							49.29227613540106	29.57941615097245	22.435301256345703			36.86103724552502					73.87757507326604			41.52103943469144			24.517311308549047	20.54691468114732
Treponema berlinense	Treponema	Spirochaetaceae	Spirochaetales	Spirochaetia	Spirochaetes	Bacteria		51.36536216003173	18.969998542553007	25.128239835741446	120.83812623828038		37.51527440209601	21.0997423834742	26.987061257503736	24.4096620987136		42.05909538711563		25.51993222740709	28.34366027848616	37.652365943890885	53.33723633256603		30.118245419241227	137.86458836882878						34.45015596113527	107.1961371868037	61.61674596722156	24.93072024132585	90.4542624839908	26.08865026959187	31.109929056568497	90.29124495970548	17.94628992429738			31.81690839140673		18.13015484980088	15.587175421100396	17.30206909688837			86.71765159222673	154.81324059656535	31.89168142993425	12.651757249857614		25.23393688868156	16.065691235113626	64.87248731552022	72.05511022681661	72.98708431479751	54.3908304014468			31.68751596094399	95.03992087481384	41.55939918064137		81.6519403253587		22.414962678370333	9.01		51.327085787795006	63.76973560441692	113.10138754715956	37.86298682324782	87.7096577178541		74.04603371050155		15.254830235626851	30.060290175274044		15.349908339571837		25.770555501252403	20.194466038572664	18.80910518296336			23.362061988314707	1.0044910179640718				68.71923908631328			52.37336956461908			24.9818012454803	25.1583692601812
Treponema brennaborense	Treponema	Spirochaetaceae	Spirochaetales	Spirochaetia	Spirochaetes	Bacteria	34.33935018050541	485.4052387283242	126.5513321547014	213.3235133746493	1826.300017869928		317.8414518502138	60.30496883808116	238.00986454313644	411.3301054843071		240.19665444796863	20.01351643758504	142.92776555856958	195.1749048948845	146.60694770251732	173.3830980542518	2.125000160662172	186.6889372234027	856.3792408706496	25.97519439407305					144.4979052033151	262.2971081452237	1496.4488284119932	278.4657539474931	46.8868624980056	35.286420802350484	88.37885351406072	187.50894633404425	100.47526504211952	93.33316845037726	10.606934022949805	407.3433345636502		116.4183754571886	34.51309055299004	107.32914676455046	4.999526484880588	16.74040066777963	102.73990420650786	208.87564319470852	348.11810398220257	117.37449137967174	1.05	180.77921139575272	145.0479892146449	106.0314365168473	269.61888291052986	535.2791945840311	392.8412231393792	75.99154605321543		18.142197819371876	193.69865484198024	264.5765956550023	4.042553191489362	446.9422481550095		105.80263120863606		34.1523504284739	362.9225302843448	692.711281397848	172.48738764009835	1001.7719459693006	3091.866960334056		141.88765534163954	18.014469341167644	46.891034874379486	45.15308906390117	52.662171022681065	59.03129537812601	1.0476190476190474	226.58648271232883	156.90533335810795	82.31755076212652	20.28399436458915		41.51025992925881			25.45267603576999		513.6802595361745			304.27961377566305	114.16445997102474	2.2333333333333334	158.2672780640711	55.90436864864026
Treponema bryantii	Treponema	Spirochaetaceae	Spirochaetales	Spirochaetia	Spirochaetes	Bacteria		361.2569840277503	98.9751750393104	265.32946925526744	1237.6198564543963		938.0625539327424	70.23089646901539	327.73303432313133	308.3348789688493		183.4049437010793	37.717890728478345	236.55232930725523	263.0036598628182	228.2111524502266	214.7556914754565	3.1874998393378284	153.24690579123697	869.4764756288048	47.010781944013175	33.583333333333336	45.49772494115376	25.23985233221938		155.19929450267662	436.741629479982	740.8048667038419	492.97895163645296	132.14192449464684	126.43801350916928	128.1747017086677	789.0222304600956	119.7557291943078	267.6130479338659	61.890440887968126	542.0893239766108	35.26416631512006	54.24280495525703	283.0904740631482	198.2108971438992	11.579388531636628		263.8245524429587	250.6259979204304	214.0708598360164	89.6372057976053		274.96515419389584	102.24225695107552	658.0142996768268	638.618114646301	952.539363572117	963.8014443137026	69.41856132824515		75.63559551810481	278.7111927213977	408.8847584780924	6.06413660423492	393.7510532138209	33.30306854415547	176.2398637929832		52.66228826568207	862.4439040322419	441.73551676825286	332.3969169743253	848.4674107170372	2025.636311485036	153.61112533896673	232.14299944609232	28.28950371102852	80.50308781497579	157.49085389787572	74.56596590801942	109.43370590125318		440.3034074905057	596.7389251028335	227.65762248841492	26.339395361415527	105.22937898444268	319.1628379868005	3.0134730538922154		26.62941281834507		785.5472871646886		3.016759776536313	672.1630466290525	120.11059983271048		166.71610258148775	240.3660056569516
Treponema caldarium	Treponema	Spirochaetaceae	Spirochaetales	Spirochaetia	Spirochaetes	Bacteria																																																																						13.03573610144965																										
Treponema lecithinolyticum	Treponema	Spirochaetaceae	Spirochaetales	Spirochaetia	Spirochaetes	Bacteria																																																																					10.072827389356478	15.348483553514916																										
Treponema maltophilum	Treponema	Spirochaetaceae	Spirochaetales	Spirochaetia	Spirochaetes	Bacteria					25.29187078270152				11.182377148288062							13.446057874429906												30.309608302939598	14.967591663429529								17.34174408244752																	14.263716014305338													11.4835332330766		20.090359907425608	43.96561883173271									15.197608072290208										30.056962039466057							
Treponema parvum	Treponema	Spirochaetaceae	Spirochaetales	Spirochaetia	Spirochaetes	Bacteria		26.67278662060613	14.210711547812204	28.497298153064342	235.2552682378309		36.84771285769772	13.157660126611956	38.39536188838039	34.63929523109886		29.735466964369618		11.98833810546036	46.952883651283926	28.029943524404345	51.950355867248135		22.75090669006618	137.07878011785408						28.228388844121028	135.52653774465628	146.20799725974825	158.7244888090478		24.65351489593205	24.186371650282634	104.40274539905872	30.215939945855634	20.996314243106465		364.535626201606			20.634621128346165	19.65164278789196	4.000003594935691		73.37469014023922	20.843627912693773	38.96252137905971	18.59700927281921	1.05	18.17690467166015		14.45237137886651	19.70807162947771	152.78197583047327	111.8427619764212				14.02122874734659	47.76985985321748		69.03103668177005		11.499397134668468			94.11838872126673	65.56277142864408	60.04641440661949	95.34836952926824	242.84049139875376		74.05235523969495					11.30174115493637		46.86513269535181	51.16599692757358	32.416788114473	29.44207392159157		10.50227095638839	1.0044910179640718		23.24695861837493		168.9634733243382			34.25416379432968	18.530434619701555		22.121488822417028	65.43717458228329
Treponema pectinovorum	Treponema	Spirochaetaceae	Spirochaetales	Spirochaetia	Spirochaetes	Bacteria					18.795599250796883															12.30038053246655							21.7640519893538	17.018356251808967														1.0																												28.48819608281922		12.404166242250728																								
Treponema porcinum	Treponema	Spirochaetaceae	Spirochaetales	Spirochaetia	Spirochaetes	Bacteria		36.19380689279628		53.791819417429	169.56516471682642		32.00696309946162		17.02302274209375	29.195598024995032		18.1861808091178		15.140394323475348	26.109446027452467	23.855100330073377	33.07677762271934		15.072640272129444	105.40081634526688	20.42473455507257					24.862301622768804	41.27572463321542	98.5217932738934	74.61606266214338		29.81135153942856	13.314107875386137	82.90737244999204	22.953742093046856	13.75023415879411	16.777833366847545	58.48910504353196			26.6432814380149	19.146620804856116	6.017625657340866		20.36106124882836	18.029337670284065	25.350328176791624	15.02780089910028		15.241483562681998		103.696427688385	80.7759451588142	107.50191828121558	80.24343151022654				18.09925872427452	45.58936536129121		70.22369881100391		22.1336791235435			121.10403181802414	42.18132350389928	38.81643558207927	91.518372654214	146.45960711151648	20.84281534862001	27.742439843227928			19.26536282338578		12.541721003164424		29.54945170526009	52.3455580427494	13.96080423662875			35.98487770314929					55.85951684460449			100.01250872301024			15.787189760256814	44.47458034509243
Treponema rectale	Treponema	Spirochaetaceae	Spirochaetales	Spirochaetia	Spirochaetes	Bacteria		20.05642897480193		14.066602446397711	36.08506731053073												13.853981614367113			44.30720961424561							20.06265801052363	15.338880142021711	11.070073237530211		17.148094481113603		27.010458753918144			11.507089375476932	19.050800280330105			16.391549168683095	15.057130891960172	2.012084208178125		14.04205680092191							18.05868585756496	19.481907270456848	22.393407041040337	38.53150977441926							15.060041054463529					46.11012242788868		13.09319367995268	11.0551961525691	14.64125030431084														11.025661281476248								38.98306618169726				
Treponema ruminis	Treponema	Spirochaetaceae	Spirochaetales	Spirochaetia	Spirochaetes	Bacteria					11.983032216314845															15.1835542511557													13.55537871216939				11.112242739348432															14.849972461847736																																												
Treponema socranskii	Treponema	Spirochaetaceae	Spirochaetales	Spirochaetia	Spirochaetes	Bacteria				61.1347781525967	138.45648369391282		14.14660153796618		19.83011558056628						20.43567793175693		27.024582438984			96.83115816009976						17.53244631763257	30.63226422392346	72.41783522162683	25.61494727621692				168.67659073775195				30.126430297072364			17.784881942765995	15.066387212710923	2.000000000000004		36.49555353648957		14.069681948625844					40.14187746599626	62.2737186486656	55.29459016257221	39.11565523990139					32.78269704918776		30.54602458852367		12.11042375237246			109.09358066528408	19.287379907361395	28.27793393279516	27.68130199090345	68.34310234021117	18.15342685034697	28.07265160009762							19.156300851895296	23.16234601036838	14.298565880216106			17.167321147684966					35.263737787262585			61.78801221778753			10.98056541652152	27.154510144561133
Treponema sp. OMZ 838	Treponema	Spirochaetaceae	Spirochaetales	Spirochaetia	Spirochaetes	Bacteria																																																																						14.144242121262216																										
Treponema succinifaciens	Treponema	Spirochaetaceae	Spirochaetales	Spirochaetia	Spirochaetes	Bacteria		32.958410377976406	22.173343037478613	105.15465359242296	401.8386363230451		23.587051863172423		13.653642485283305			10.69342373736051		25.16440964220457	31.70477875927898	14.815709283793472	63.00355121874589			235.11835399662436						48.12495939319152	72.76236083766533	133.66355669871203	53.669749136782265		52.690299416061634	18.102600499619395	296.07495099906623			14.234764792243292	49.06805760572016			63.39740329906032	21.85869918021409	4.3913715228088215		53.56170620187941	24.389619758855357						106.9152374351649	155.8095459170435	172.94634091533518	117.31888103615331					45.27490370511884		75.23079405335058	38.38385777685668	18.161154456149912			357.2166955341015	24.21172523313644	49.75421058591172	33.221557138226814	52.87778681340009	28.891221062560533	34.32739115787381	13.004892317140545				13.312184610629902		22.20908217701816	53.658258555411685	28.18068869947564		21.26462009212241	34.4467632755499		18.90355987055016			25.02543576643218			214.13274384118824	14.134030841881737		28.058620438267152	77.20132540537578
Treponema zuelzerae	Treponema	Spirochaetaceae	Spirochaetales	Spirochaetia	Spirochaetes	Bacteria																																																																		14.55147814749627																														
Trichococcus flocculiformis	Trichococcus	Carnobacteriaceae	Lactobacillales	Bacilli	Firmicutes	Bacteria																																																																																					1.0044910179640718											
Turicibacter sanguinis	Turicibacter	Erysipelotrichaceae	Erysipelotrichales	Erysipelotrichia	Firmicutes	Bacteria									14.930618961689156																																			11.381570581792888					24.27753204860882				23.331012136524382	16.52549562953955					20.476940248250603																																					
Turicibacter sp. H121	Turicibacter	Erysipelotrichaceae	Erysipelotrichales	Erysipelotrichia	Firmicutes	Bacteria		42.12186847595009			30.100109029418977		33.19973583320807		94.31314678351843	25.22870400925189		10.03836978539462		20.101415718028388	19.10258222354195	66.76213009463281					113.50058279240623			49.32204637884104						11.055432984004414	71.22098268758215		75.24702060626412	58.789940386741634	63.59268140339907	59.00961342181197	14.076085785916844		11.046262785983767	39.19937414155066	100.38557014358923			103.12670759928272	57.16805726861758				192.31668019605928	19.39424605039995	27.085516842136176		211.50046364004527	235.68213052748405	11.10771653543307				176.10491462099878		16.043293907609907	34.32895063259737	20.182870490263568		29.27403879550091	27.08321566122077	18.67440669929998		16.078198412269806	37.08772118367108	82.69874231699187	15.06478537336382			48.86301862968516	19.18732207156494			57.93321851447532		23.228514282669813		17.20111127835005		2.008982035928144				42.26556704973213						90.23421440339862	73.25343168022917
Vampirovibrio chlorellavorus	Vampirovibrio		Vampirovibrionales		Candidatus Melainabacteria	Bacteria		44.12431046502488						15.07248113079688	56.19586229391293		3.005825242718447	30.092883639206555			35.179613729311335						21.092743184003396						26.107377823839137	11.049043833990304	59.19176150310116	12.060472346186632	36.10304185337882			27.121095295311772		12.062158273383272	25.135867542174733	10.077105174400351	12.051297557423378	24.12251436072206				49.28224334697538	35.106980991257885	31.200082404936463		1.05				25.09425377791014	70.2840038716893	37.22043568122194				13.037069658469916	15.051156153733425		40.1069191683139	28.27090052096254	13.118865740721242	5.005555555555556	11.10394575488711	15.045843001867672	21.09337739268148	24.17234770045212	69.28797582740208	15.07627015638898		55.4553865648179	40.20950574869205		15.063341252755569				26.077835930305685	32.422706837108365		18.255711022272987		23.05365506829308					48.66796614773468			23.06448988958342			16.118353795001468	
[Bacteroides] pectinophilus			Clostridiales	Clostridia	Firmicutes	Bacteria		242.32397248160785	181.4730841452033	243.4173582961844	14.021067329491355			292.86113223777124	294.4302351058093			217.19562824877983		232.3863948362669	358.3256850612561	25.184129499785243	21.75918950102698		190.45272140692947	75.58045531283591	105.36278986461284			30.459573969090123		18.779119111867765		235.91021241586256	470.9512904496774	102.56507428006348	215.48660535839016	15.438469211106144	14.16206847830085	180.8123850340026		79.88510904272601	170.94696386562862	133.19857797398635	207.5865283942032	131.92791200471936	34.73896781977797			28.834925892738955	176.92426197152685	440.860819370012	125.49917281544536			28.874592737440903	177.46331491432565	24.05826383588428	186.6447412015093	319.05210282419296	108.71945810643416		172.50672120181935	342.5916347454785	172.19782090630528	1.0106387679382307	377.4810349486531		32.87261514504113		35.44817376000247	17.07967090675408	154.6340324805129	12.214063715319076	616.6027637519007		18.21813423833218	174.75873847387223	492.661520810798	40.87642306561492	78.5922838466044	32.04925275804654			133.5896459973858	18.29358890656776		29.10808028241137		2124.530317840798		18.90355987055016	18.661738685674077		31.570219021556355			1265.7481410981998	21.68110261018343		114.884179807276	
[Brevibacterium] frigoritolerans	Bacillus	Bacillaceae	Bacillales	Bacilli	Firmicutes	Bacteria																																																																																						16.679611650485434										
[Clostridium] cellulosi		Ruminococcaceae	Clostridiales	Clostridia	Firmicutes	Bacteria		14.4967549591965		32.65619156001544	21.035885049140795		26.033646709486217	14.049280779931244	46.10709457874502	17.000480201048223					30.241953874671843	17.62378230296877			17.535278743452913	16.47225443248878							53.06038114565768	38.20727422169959	55.24282842794786				67.60480789588614		21.63596920062548		29.73830906232333			35.33653907002222	22.02571688128994			48.12471469615817		16.777626534701064			78.66371554464386		19.3520534859233	12.396854097863644	36.33390017240264	49.24749065795896	22.72729337412708				20.05277537482907		17.187274169448717		13.326504055835594			56.24994056200495	28.92955458403985	25.895108523787947	63.5826269001162	74.24308342317197	16.7313050172011	45.36947480825085							56.581012471877926	65.786236372838	23.3475902900087	13.786999051254655	21.291108009320897	88.9968724456586					62.25835083168364			33.57535219430107	15.613566644342589	1.1166666666666667	20.5878727695334	60.918402454972245
[Clostridium] colinum	Tyzzerella	Lachnospiraceae	Clostridiales	Clostridia	Firmicutes	Bacteria																																																																																					1.0044910179640718											
[Clostridium] dakarense	Romboutsia	Peptostreptococcaceae	Clostridiales	Clostridia	Firmicutes	Bacteria					11.058373540845324				20.8010563031028							14.985063204244598																	36.42608865882888	25.11489738931953							10.423793195792738			15.938979043450512	10.078203181236676				43.201579775470215				30.647279542239712	33.23402831315969					25.55254245837133							11.612096348236872				17.01162490675942	10.620882207541774								28.77677357953737		15.35847581378972								13.073320950390556						10.340305449988143	19.46794398006832
[Clostridium] fimetarium	Lachnoclostridium	Lachnospiraceae	Clostridiales	Clostridia	Firmicutes	Bacteria		33.10463039827571	17.318217950813132	18.62486427498577			31.466307753806944	27.58693670216392	26.413074730254248			27.43484865203617		11.987694336020118	61.01513529335725	20.400268784744014	19.0654296121937		42.08040794782433	10.921166257395182	14.076716709233027						33.69095276561634	42.776618081563534	81.26169953797974	28.84413170351861	19.019837478133667	12.258205020588631	45.61471636138005	24.865698451294964	22.96579896599438	14.731990844155344	48.60408851393423	14.975716769899677	13.490720598465378	27.536064747349485	38.060126140864014			37.00479510641196	37.68442241936613	34.092421431430765	19.687496032788477		53.29523272708476	12.49230616035984	22.81223173630182	86.18826319504623	121.1208572978916	99.22004721400472	16.615040678154486			23.225467304900125	42.2689804827192	1.0106387699296784	54.19420861305131		15.677433403556671		17.98045964050199	25.47519884210244	82.77228822015068	28.94809947618842	51.63141992981856	30.174906046434906	11.553354028053466	30.44492967093558	38.48705678945653		13.223974480757157	12.820705984990886			35.905947868978885	56.836845055662735				51.22039030757521			16.279678713476443		30.50764077850763			104.1889541441408			23.96675994331535	24.86045380895508
[Clostridium] herbivorans	Lachnoclostridium	Lachnospiraceae	Clostridiales	Clostridia	Firmicutes	Bacteria			99.51150241452596				22.6098492764898	51.49705708953514		123.78017477808169		29.419165960467552		59.153716711887775	100.81273319260876	12.38536342812403		1.0625		15.209079801983515	105.7875894519444						27.80235335154991		429.1048346935716		620.2564983149917		490.4763337454343	198.1708730381586		26.56372304186217	209.3571852061107		47.99646032021731	20.06658214560959	81.32961085657145			13.599822198400974	11.73282347976176	22.71507993708393	17.765908788711258	2.0999999999997976	277.94758675280264		12.853600123929244		159.45197342880118	177.37008166958117				14.083970951111812	94.26505154238647		85.22522759004322	30.290250558174147				31.982876201925905	21.33760306916927		58.43687037679965	129.6683932647559		92.33521799159406	676.7075344001034	12.984201444097405		12.906272859808176			58.9863233618404	42.97662578318717	300.6442576325408	513.8520813734718		73.55289369776496			274.661903941862		54.86787230804807			86.34341450061635	21.89862212502731	2.2333333333333334	33.917254769812345	118.83864317110474
[Clostridium] hylemonae	Lachnoclostridium	Lachnospiraceae	Clostridiales	Clostridia	Firmicutes	Bacteria		55.0260296711462	21.936386153614368	32.826352868219345	22.44789494634866		42.9109980624298	29.71420205506497	27.681235207692463			50.658878832308254		16.369735690096068	57.4484282158332	62.50252504653251	17.185892582391148		22.851553137259945	19.487048621752244	16.25032210079691			20.35436352447099		14.503009203717044	129.3968520286193	58.57393749015367	240.33127281915225	19.487236493596868	42.83404939536071	21.23236860502977	56.09820533875012	14.41934173254508	26.86932059192672	13.333103931510134	111.190204985786	22.81578401440771	23.371863493613983	22.77317142426647	60.60119774246191	1.0098687801468689		101.7735221786554	21.38401817934429	43.61839735616089			51.40551702337138	39.40547032599547	69.54619254722323	39.67520248267475	81.88374150424863	78.70682223333854	19.430267751618928			20.134390807787195	49.563828528703255		38.24024751196325		27.31385281436305		20.619546015066987	16.212453656318257	61.15483561078207	91.0872693577014	79.91019237245223	32.27924407972217	20.473296344558253	37.99469842776001	19.8921600047195		16.131253697275596	11.264885620741463			30.31566802578341	191.64665983154927				30.434584000520168			19.22568039637952		80.34162209522646			71.11356381532272			33.763554784583405	11.987747141456984
[Clostridium] leptum		Ruminococcaceae	Clostridiales	Clostridia	Firmicutes	Bacteria					10.478788194585253				11.474291004605876																			14.850515430996683	12.314069338086036				21.5300720901876								12.782098623258774	1.0041282003110337		14.010331982960942					15.30058408259054																	14.333890119100577				19.304975234230188									21.29363184178769	30.1127572508473				13.639884422474836												14.292889562546156
[Clostridium] methylpentosum		Ruminococcaceae	Clostridiales	Clostridia	Firmicutes	Bacteria		44.65550130105724	23.68855813818524	37.72010837468464			19.058458662090267	84.56682145334369	29.28673309438261			61.464693648879376		16.693145135462355	47.66991304288428	22.07046220143146			44.26468751500579	30.54766173522451	35.76765280860309			19.332936042355364		17.061866737305532	45.13035039993865	29.67188476374777	44.229132875057	21.93773588575385	20.97663092766618		41.32521394329769	24.143500208546	22.15717110343482	52.54600586859458	46.5065163866534	16.20720130726958	14.273571721289835	71.2440998218179	78.7999142327049			34.03593393954296	35.31592949420335	36.714232123120105	15.96973127277349		18.6022086591177		80.57701342702654	18.47261654976966	58.97512945543379	53.26217858126725	38.48603413658705		16.97134110779224	50.3360773281492	47.146437980283245		83.29897766020699		18.11878941089651		30.050220334176345	19.92921239584518	46.682994607385645	25.96089398446201	66.28805517122255	28.352735611228724	29.98777293150492	22.25690932971644			35.80324686700823	14.35934427379354			44.35839895660607	47.19036113673183				52.33276402355203			24.30217105244541		34.87131149549688			52.29882875207776	14.606651714816712		24.0441352903116	35.055133442742736
[Clostridium] polysaccharolyticum	Lachnoclostridium	Lachnospiraceae	Clostridiales	Clostridia	Firmicutes	Bacteria		27.619667948784	78.13301120773056	34.55681965942473			41.51777171442242	29.04115071525492	26.709434765395063	144.8499306637344		26.787530366693453		124.67851684468408	91.39759345829026	44.28577999611741	22.27292585161983		58.57993473416155	63.636239973439935	18.953835192466578	15.167144181887291					31.95229993170287	70.49871672751718	234.94925813727687	22.346246993842342	988.339039351931	24.68652516569202	725.9086035513619	95.75457024577518	18.54510635114284	25.447653055709267	157.13706224247426		32.98942988128324	54.80321518464915	61.01225920203777			45.90511899468448	28.71791253343811	43.881204067041374	17.122425247205527		342.3155894300225	14.261352053946158	29.40667410746904	40.735618684671095	771.8708009941945	883.3901332545477	33.0091871131673		32.980131275455754	34.73213680099642	306.1503444757166		353.2253787539946		19.18365523955826			143.26263229273636	145.55136476273992	19.390204048745087	76.39438842545599	127.64845376476072		139.66391499171803	3958.049979221348	27.294942919604747	34.17411727123877				76.77115985304158	191.0388712715515	94.30377887840194	175.82059002380868	34.40669125929717	480.0107914157711			79.74705963811692		52.98336417043311		1.0055939818471449	587.7440184975765	129.5105703903763		87.29011948871009	312.00220377081223
[Clostridium] populeti	Lachnoclostridium	Lachnospiraceae	Clostridiales	Clostridia	Firmicutes	Bacteria		16.675520851757554	16.97866595005039					14.361867979063309		31.538458338666253				25.424774275403497							40.5792568284261			15.389410559530743					16.368217174698685		62.86678250003204		138.497059599927			13.203433403612326		10.33994993280906	52.29335050897939					22.8990009527314	14.351327257678523				77.21860512230697				24.679424939294083	34.2543062668877					14.08106491728116		15.70596993910323					12.355959657050516		12.849550807871244	11.141478508580828	26.682495681934245		12.871675266752044	39.60110810791683		11.193181642827462					15.797969825541864	17.560416072521573	22.28927159725867										19.49613023688795				56.340866580320615
[Clostridium] scindens	Lachnoclostridium	Lachnospiraceae	Clostridiales	Clostridia	Firmicutes	Bacteria			10.31218945666259											11.022776817013945	12.991642303062084				25.372746174310358									11.94950001578441	19.512040600059827	12.3140278370585	13.869767793424485						12.281320884614052				17.117576332189714			15.925327139567711		14.192585211227383					129.38542632038383	27.04970551772136	16.082430453904	17.464318940342416	13.315473729061782			18.107875331875828			19.813999503058945					27.907271216734785	28.968605107767463	11.778019627009185	21.87430871222664				18.366446293660832						12.23026138970355	20.24098443348413				40.90423587792007					14.702696373651053			20.009112242459945				
[Clostridium] viride		Ruminococcaceae	Clostridiales	Clostridia	Firmicutes	Bacteria		35.29782805638044	12.118670280377524	65.7750276392849	42.671333885734775		48.66578139156339	20.33000669840488	68.89970487310848	24.839145164535587		25.429327971608178		20.84538795405748	32.34038478248402	42.38580917791123	25.122455731931836	2.125000000002337	37.73365689684339	36.42064994853677	11.760884212886626					14.957526847621232	59.14891810416204	56.924361682839645	80.22862683377373	13.01141238413594	18.104227204649572	19.259030230844864	80.88390910028333	23.87797152778784	38.29813997094214		69.54144211221033			32.30185171138223	42.95340627883978			88.61926409833649	31.69646937839728	45.57195540099747	14.239845130563625		110.30116220219011	29.41085384770513	63.78241897085282	65.26883039450198	68.31770756882045	81.76629692854097	49.065380894818745		20.981994807077893	25.057885601757604	52.72939202606578	1.0106386599037391	53.35273507962199		24.13398168187802		16.61270797416924	65.84549346828152	61.27317049289013	31.031356119742338	89.49893576168405	51.4279631544792	21.86309983890092	64.2894075073068	25.82620555043002				13.495551776106858		87.2712840023966	94.75259860773848	31.037023463609582	16.20622438577379	22.28745722662585	164.92058505214982	1.0044912525745868		15.796100405153034		106.06350537186869			66.56957621957761	31.19697771191214		27.116190198481338	60.343447053413726
[Eubacterium] brachy		Clostridiales Family XIII. Incertae Sedis	Clostridiales	Clostridia	Firmicutes	Bacteria																																																																																				19.128755209668157								14.219351462836926				
[Eubacterium] infirmum		Clostridiales Family XIII. Incertae Sedis	Clostridiales	Clostridia	Firmicutes	Bacteria																																																																															11.382740762334972																	
[Eubacterium] minutum		Clostridiales Family XIII. Incertae Sedis	Clostridiales	Clostridia	Firmicutes	Bacteria																															20.99742636733445										24.80322699177954										17.836423367194442			84.91640279138531					32.41950728105149								11.760362419541469																													
[Eubacterium] nodatum		Clostridiales Family XIII. Incertae Sedis	Clostridiales	Clostridia	Firmicutes	Bacteria																																																						15.789284680858676																																										
[Eubacterium] rectale		Lachnospiraceae	Clostridiales	Clostridia	Firmicutes	Bacteria		232.4071247106708	56.50879641862627	102.34180598376626	45.43744130946912		33.50066393639354	149.18894442186243	76.4909954950916			158.28768450558223		90.49479148714462	227.23085158461603	63.35823334037154	17.652093856183033		136.2679943538596	54.94785873908038	79.37152779152525			44.95574451363558		37.119489591690055	96.83719800900464	123.36036401492449	109.16991526973013	228.95052783183516	22.258317841610047	23.25864787891427	63.28937106102293	140.7595930427386	25.93086012898108	160.6454623409164	122.82768605882995	67.5497642258733	107.55595721300814	58.26311555255743	121.02347890041948	1.000000339036237		48.82187536435835	232.92459168283372	175.42206013748972	40.912975201213925		86.77513139659098	29.438035132965027	168.68836456918524	86.24863690421523	109.6899322083134	151.6669904762307	60.87959534553896		115.22279439897667	230.7125460320552	111.99220500860744		115.64477477210148		37.08812527758148		38.55319096056354	55.04924836223672	189.29286150145168	89.39900994837981	99.63518349473728	69.64439833454189	40.01043577140627	111.8503716010542	72.20248280987136	22.541645855344967	77.90215105796896	36.44558550855705	12.546152266564052		85.86541754745154	96.01496034849754	34.06327799915242	18.53160566940652	28.099129094008678	309.3390690525392			28.615544660451587		53.72452432337001			259.7907319795029	18.15389069001954		57.385510795471255	78.92472515487803
[Eubacterium] siraeum		Ruminococcaceae	Clostridiales	Clostridia	Firmicutes	Bacteria		350.02172207779444	151.19148207214897	189.9419010635263	189.65517466540555		158.1384134862801	214.86608937486145	179.09355155490468			342.53842850122425		40.02028034463344	298.0644747163949	150.02562023986926	89.65191205867603		112.79153313510965	140.6532393717154	34.01679884757412	19.44246575081503		13.050074071302864		61.71035106970429	291.123810745472	250.3434306737601	256.2527772467725	142.21735404030608	35.57436692481182	81.0254015835102	59.09976347124778	133.2036416135185	121.57907536042708	54.73004059718065	384.3698276320644	43.57589109619003	121.666473410914	121.0970568325364	162.19074654961895	5.972906298142503		203.32140862959756	215.103324385688	161.62387278778056	107.5507448667642			35.80946934999085	158.89001794685765	198.61648777854495	236.00751503156204	308.60350821999214	114.18215424262384		90.35825751185924	126.0370515252061	152.15737729018608	1.0133863464844717	234.51065999879287		63.969770449842905		26.66349211184457	254.75495302877985	214.8884285671561	246.20207946821364	217.96092966491503	182.51128782116544	97.44910908068093	132.58976595130056	82.40593379590143	16.302741358734302	49.085735032385	33.756535421696825	45.67560285643517		172.4723236460484	168.2303967198021	24.238212200892576	17.053070861525693	22.263070464874207	149.85844785212504	1.0044910179640718		30.508222034756425		470.2609444236386		1.005586592178771	534.2485590298099	52.95556057327223		126.43178216269132	79.85852517973335
[Eubacterium] sulci		Clostridiales Family XIII. Incertae Sedis	Clostridiales	Clostridia	Firmicutes	Bacteria		27.99827901482566	27.64348896789263	61.114933961630335	27.804817452653563		44.10812709273718	11.578175055202646	96.4535993180941			20.26462765451294		41.21834406129917	30.252346704943378	19.886487911854168	17.75739309382331		22.12993584107181	14.206434780848822							66.23158205357278	55.716534500921554	41.1243276763251			14.539724859759106	100.49990943333428	26.396058796587152	44.49094195533496		60.10860079337518		18.575319635572523	27.20993052118289	40.62713357601999	1.0000002531344263		77.71065055118099	21.654822782954334	37.92242805740222			21.13887304851251	43.77247407323092	39.30130693847124	40.69944353680334	28.59723968001172	31.40067712708027	67.39547584704248			18.617085669495744	19.944987989015598		20.069383520025088		27.2434851847269			37.88764087640904	41.498747023746304	47.37241610252791	49.53087557262776	20.411567669163077	15.292543982563654	45.465897859384754	11.002703814341295	12.722948844328128		10.12871315399694			91.29586045396194	77.8221995465623	19.197099279631704	23.953196757153385		117.86532405115295			12.76296971238408		90.27193833664874			74.90624980974056			13.966649851793454	16.87538766349
[Eubacterium] tenue	Paeniclostridium	Peptostreptococcaceae	Clostridiales	Clostridia	Firmicutes	Bacteria		44.49386539871034	22.061590912358284	26.46177731967401	64.28846247989688		59.08101501747481	14.048329432799523	156.82731354052893	50.35696681340093		19.95330684948246		39.16281500401654	39.25113510677606	82.30582417507122			18.727947144577293	25.05391875758188	28.90422366887513			12.938551205466316			23.41875080684163	70.65002951084212	42.63331038363085			17.24977042715421	118.8231926553172	79.08149651555092	90.84880841174754	16.85744113196967	29.82428532069843		18.02474448374915	30.304043236076915	36.63633796713467	1.9979355605817		153.6240154074411	49.06435764804374	21.065161915944863		1.0500000000002363	211.7894674976434	30.301175721885883	21.200810558308437		257.8221782491876	182.8030274155884	31.671836135327634			16.56731409389867	169.55564178768515		54.56273091486906		32.86950086627889		30.780196314787062	132.01444794589673	65.76494954761706	11.054066453497516	34.92208279960621	98.4609963101001	38.20558696195774	46.035917122618535	29.60996458230375	12.118748122169784	23.64476033949087	17.581739675085114	27.09683650045228		164.78639465701136	57.44339670797492	63.66686961702625	24.510855810388584	26.770275040371686	69.06990146981332	1.0045132551064606		11.706019965595187		63.08889343846423			174.72380125062296	16.249879136050087		84.70797497111563	118.45474100954982
[Polyangium] brachysporum			Burkholderiales	Betaproteobacteria	Proteobacteria	Bacteria											5.009708737864077																																																																			1.0476190476190474																		
[Ruminococcus] faecis	Mediterraneibacter	Lachnospiraceae	Clostridiales	Clostridia	Firmicutes	Bacteria																					14.568985238235854																																					14.042394773811145																																						
[Ruminococcus] gnavus	Mediterraneibacter	Lachnospiraceae	Clostridiales	Clostridia	Firmicutes	Bacteria	17.341470430925433	2038.2111754446532	792.5734327979368	1570.678233121323	347.45922473163984		682.9607504449297	1296.6769281230008	1224.625708047922	112.5266826708591		1441.4554475598236	133.8609672757526	957.1609065199616	2055.479688825543	771.2511717884254	372.3434177279621		1525.6178095554476	589.4843192448121	805.8100870551908	109.04215705664753	72.52166196690993	365.9191599595605	73.56587432184571	461.9622278043897	1036.1436663026368	1938.628650823137	1766.7620206533777	1274.667890491161	964.5128809034804	282.2474560652501	1301.7074748179516	1535.3183342591158	385.047084983611	572.0158889011178	1753.0460083925634	627.0968257430053	1283.103541129973	696.3404376022584	871.6886571792713	17.8053685697157		1375.405897101435	1617.2216069638148	1970.272657200592	438.515422512088	9.858066612768829	906.0058589608424	365.4708869056144	2692.251296546521	4326.304757897741	1887.0866025784337	1914.9937022216411	916.8570758045364		803.8069769319009	1659.0031708593162	1018.3470753828528	6.82916514195608	1980.47780259016	53.72883792951647	421.9565318995221	23.209024923575527	444.80048589531617	845.4617716160468	2531.1987293776624	1000.1367991054284	1498.4318928637963	445.8129091376293	349.63616804740394	1281.4902782180186	2074.074331027208	255.29380755911092	806.6003464679612	453.7240060831073	176.65194920338294	2.098758135963412	1294.4969948802836	1382.1616838703137	278.26550231907584	341.22246998425976	179.0145439712892	2649.3218395898266	9.023673945973798	64.67952711862468	522.1013478363408		1062.4257775051494		3.389060145535885	2711.235223225603	235.1855167187381		563.1152964222433	775.3835762916683
[Ruminococcus] torques	Mediterraneibacter	Lachnospiraceae	Clostridiales	Clostridia	Firmicutes	Bacteria																																														12.695443510714956																																						13.332004779150145								16.4464326733959				
unassigned							0.0	409.0	147.0	146.0	169.0	0.0	160.0	227.0	308.0	59.0	0.0	295.0	31.0	106.0	342.0	307.0	126.0	3.0	217.0	195.0	242.0	12.0	36.0	134.0	13.0	81.0	271.0	167.0	274.0	386.0	186.0	95.0	300.0	421.0	153.0	565.0	263.0	138.0	374.0	167.0	182.0	2.0	0.0	209.0	329.0	200.0	101.0	4.0	207.0	99.0	178.0	276.0	183.0	287.0	97.0	0.0	140.0	845.0	220.0	10.0	200.0	0.0	191.0	0.0	60.0	101.0	244.0	160.0	357.0	184.0	219.0	187.0	30.0	169.0	183.0	141.0	104.0	1.0	311.0	218.0	60.0	52.0	107.0	176.0	14.0	0.0	100.0	0.0	320.0	0.0	3.0	204.0	65.0	1.0	90.0	231.0
